,type,regex,randomString
0,email,[\w-]+@([\w-]+\.)+[\w-]+,2EQF@xHs.CiWqho.fp.5fCazb.L6wd5TYo8w.Ilwz.SySu40ddD
1,email,"^[A-Za-z0-9](([_\.\-]?[a-zA-Z0-9]+)*)@([A-Za-z0-9]+)(([\.\-]?[a-zA-Z0-9]+)*)\.([A-Za-z]{2,})$",c_MY48ONZW.9@joFlTTSge.xePWvH88uSNyeNh-L04Xejw.JqP
3,email,"^([\w\d\-\.]+)@{1}(([\w\d\-]{1,67})|([\w\d\-]+\.[\w\d\-]{1,67}))\.(([a-zA-Z\d]{2,4})(\.[a-zA-Z\d]{2})?)$",HDJr8_c@AczI8fNnN.fNa6
4,email,"^.+@[^\.].*\.[a-z]{2,}$","pgG'eu]9\@|{iTj(,c-j.eq"
5,email,"(\w[-._\w]*\w@\w[-._\w]*\w\.\w{2,3})",tP2RtlSpB@HW.Ij0
6,email,"^([0-9a-zA-Z]([-.\w]*[0-9a-zA-Z])*@([0-9a-zA-Z][-\w]*[0-9a-zA-Z]\.)+[a-zA-Z]{2,9})$",lCOxu6thZEsptsiJMG1yB5aHrbjqJrAj@dDn0J.YhB0.n0SIf.VEI2xtqs.n6YfY7mh.Fg3yF2ty.qDmJO_lr.3wd.iad3ubl38cH.3M.DupmvVWYc
7,email,"^(([A-Za-z0-9]+_+)|([A-Za-z0-9]+\-+)|([A-Za-z0-9]+\.+)|([A-Za-z0-9]+\++))*[A-Za-z0-9]+@((\w+\-+)|(\w+\.))*\w{1,63}\.[a-zA-Z]{2,6}$",gszc..........LON9_JcpjLv-----hd90QFU40_vqmHus1Xa---------m----68XbYV...mPA_8Ywp..........Cc3@Nkac----dTKE.dptS.y.7.MAhOMYh-----IVftgP.bwN.lNNNDW
8,email,"^((?:(?:(?:[a-zA-Z0-9][\.\-\+_]?)*)[a-zA-Z0-9])+)\@((?:(?:(?:[a-zA-Z0-9][\.\-_]?){0,62})[a-zA-Z0-9])+)\.([a-zA-Z0-9]{2,6})$",UOawj_x+C-XvJuW_DUH-O-jp+Gut+b_G-PF.2-YHc.t_7Y.1+fXC+Y.ubUMrZfX6_Hg-3jt+l-Y_K-m-I_9.6.9.Ev.m.J_v+J-D.z4k@P.X5Bd.6.B_Z.ciKAyr_4y_v-llz.VKfs.3yi
9,email,"^(([a-zA-Z0-9_\-\.]+)@([a-zA-Z0-9_\-\.]+)\.([a-zA-Z]{2,5}){1,25})+([;.](([a-zA-Z0-9_\-\.]+)@([a-zA-Z0-9_\-\.]+)\.([a-zA-Z]{2,5}){1,25})+)*$",X3bHYS3M4a@i.SEqJBIkEhChBIxZDfVPK@wi2dz2u.Dj.OBvrrbzqTxWwVOUWMcVuvQpUamWbxArgjA.e@woQX4pR.oTPymHmzmP.7td@.PZq0dZDK1.lVZfHleKoUAW_5_1@56Ab.XuQZWRDlfoOReXpsCi@2vj.rHdDECuAcQcQJZBESeJMVC7ozm@.emmix.IciqVCCMzfcA@0H63y9.yDyVZpCBbj_6ARNzEIw@Ae1_-2m.lwoVgxEzBulkqozzLVPztnJUNBHGJXAYdRxOaa@6J7tMmw1.pA.dqGAFoD@6z1y.SlacgYbjJvQkpVuxRvD38CegFb_3v@SW2bcES.gjWTyrleVUJjNIPWjOucToDr1eX4U@4U.Jy.yrqSwzEkgmDpXUDwvZvQ11O700hcR@vNaI.DtgnZatsYfrVEHnEtrchOaCAqBnLqQbNeVc-Cjaae@K8Oqs.kDdWEyjJdfF@hFBroqw.qzcCHLsCUpgpHjrckxoSJvgIFgmYaSddfThz_0tgonCN@XW2d3YT.QhKUXGvdUimRiTWFDjOglXAYGNcqAeurMGEgO@JTN1q.WXAzNpyuRxQyUKtXRTtGmIjXzh_@I_IijK7m.xfDUvkM;pn.Z@yKi68s.FaUctVvoZazFCrnBdfjbnTxyYdvKOxnjp6i5d8_rBn@9sm52h.SixnGFJac4aOWSXl@s-.uvyafHXXTCzLYziaMaomvcwckGbRtCbqVIWMJ@rO.zCMcHBnsNnSPWOVfNUWHD@X.RJORQyZVkFefwmadGJjwZejWi@f.LtzmLdxHQXhbzaSRCMtJQEWRAzDKZbAaDIYgwP-p@a0OSWlx4ZX.PRoBvVqLV;PTvF9QDehh@RT.FQswNkEeGG@vK93RA98h.VflQSOk.@7a6h7.FmAlZpjCm8etgjUd0@-_83yaA.mbMkpIGIHTltdqNsrwOP.eR@B1.JrTLBDyttQwzNGrpxtPEm
10,email,"^([0-9a-zA-Z]+[-._+&amp;])*[0-9a-zA-Z]+@([-0-9a-zA-Z]+[.])+[a-zA-Z]{2,6}$",37ElTK.a3aYzxbm8hqyaiM_F8Tw3H_V4adAfZ1vCAmCOD4Lm1qHc8mOLcbv;uc3wkTbLmmMwbWfn6B@Ac.ODx.EoxWciK.pzEm0S.O.GZGcH.mk5OR7lM.XE.SJ
11,email,"^[a-zA-Z]+(([\'\,\.\- ][a-zA-Z ])?[a-zA-Z]*)*\s+&lt;(\w[-._\w]*\w@\w[-._\w]*\w\.\w{2,3})&gt;$|^(\w[-._\w]*\w@\w[-._\w]*\w\.\w{2,3})$",mOxSDopweykTLPd-ghqkJHvtyrKA.EAclEWq-ZhdYQohDhDzqJQSpwI'bk'UTjgEdexAJk		 &lt;K06@Qjcr1L2IMWb.qnV&gt;
13,email,"\w+([-+.]\w+)*@\w+([-.]\w+)*\.\w+([-.]\w+)*([,;]\s*\w+([-+.]\w+)*@\w+([-.]\w+)*\.\w+([-.]\w+)*)*",6qRRvZpxn-OK2dBifk_.C61ooQDD.aKm8+hIpd+xA+Pl6v7DYG-3jslpFlO@DY-Z05StazUWK-4ChGCEx.rD4b1_.H85JT5C5-3Th1itO-G1vK-MX-TM5.Ai7.4Zfk68bG7.bpD.hvVjI8yB-zIGFCUgcH; GYbgt-KkRlCPIwC.2@UkooMNU-IKxFB9-Y8mlx.Hj-0WiTcf9.4SRgfyy.RXOkz7vV.M_EHZCB.DIQoGYFtLw.UX8ng.K.c3V4-g48JznbZH.LiYJzdSR-0IzE6oIspJ.g0DxbjMwm-k3aGDpQ6W; BQU3xNocB-q9VwBvb-K88ZQvPTTh+nNIBYRw5@YL.X-ZGLbWaY.AQuGho_5a1.CS.l6
14,email,"^\w+@[a-zA-Z_]+?\.[a-zA-Z]{2,3}$",0inmUi@ysObEsiEr.EOC
16,email,"^([a-zA-Z0-9_\-\.]+)@((\[[0-9]{1,3}\.[0-9]{1,3}\.[0-9]{1,3}\.)|(([a-zA-Z0-9\-]+\.)+))([a-zA-Z]{2,4}|[0-9]{1,3})(\]?)$",j@[213.2.2.tk]
17,email,"^[\w-]+(?:\.[\w-]+)*@(?:[\w-]+\.)+[a-zA-Z]{2,7}$",PYO4q1ZZ.Zng2YB.eMdb.bQrwv.EOGVcD0rh.GreMj_FbRJ.mTMDlyyHsn@vSY.CGL.NgwE.DnI
18,email,^[\n &lt;&quot;']*([a-zA-Z0-9._-]+@[a-zA-Z0-9._-]+),l qq& BeJ@kJz4Y9nv
19,email,"^(([-\w \.]+)|(&quot;&quot;[-\w \.]+&quot;&quot;) )?&lt;([\w\-\.]+)@((\[([0-9]{1,3}\.){3}[0-9]{1,3}\])|(([\w\-]+\.)+)([a-zA-Z]{2,4}))&gt;$",&quot;&quot;3&quot;&quot; &lt;9sOwq@6hBYlm.fHzGQ8u._snUlp0z-0.d.2mm8.HmrL&gt;
20,email,"^([0-9a-zA-Z]([-.\w]*[0-9a-zA-Z])*@(([0-9a-zA-Z])+([-\w]*[0-9a-zA-Z])*\.)+[a-zA-Z]{2,9})$",3pMix8P._eRnCv51gy.Pcgp4uWFyQk9TLFWx6Iw3fU@KgHzdzHh000axe9fk3ro7n6IHBE5mrjyA-zZAVpjOuzfPntDaAl.dB.8aRK2DKEDjmWL2JOYgxbfsP8zAAfVVpySRslgYbIufJdaouDgt8Zc7Yzu08C.xihdP4hWqaSJ3zxdrxFkc9psy6VQMCuYHT5Kq7GJLlxCy_Q_bPePp8lDip.SFlHGoeCNnqsslHceWsLBmHG4.rwtgvPBepCHjbHR_NdFTORGVMEuh5t.sBvrZE7k32e-CJi8FIQ1nm7d.pkeFq9di3T-TPxEwMGOC23SvrkHyiGstqK6E4e8EeyAMUAvYYCEnZKJnBdLbgNC6lUUn2pFJ.0dVEhUT2aisH5vSBiJ6j.AB
21,email,(\w+?@\w+?\x2E.+),0lHKQh@6gZTw.I<EI|.uSr
22,email,"^[_a-zA-Z0-9-]+(\.[_a-zA-Z0-9-]+)*@[a-zA-Z0-9-]+(\.[a-zA-Z0-9-]+)*\.(([0-9]{1,3})|([a-zA-Z]{2,3})|(aero|coop|info|museum|name))$",T3frYJs.LYD6zV5N.zbBdGaZBC2.RBZIVb.sQyPYvp.VrI6HtgpHb.DoezZ9_I-k.O92A.sdZRD.gTmsmKxMH.9BD@FYbuv.02
23,email,"^[\w\.=-]+@[\w\.-]+\.[\w]{2,3}$",v.c.W@oYRpjNy.1B
25,email,"^(?:[a-zA-Z0-9_'^&amp;/+-])+(?:\.(?:[a-zA-Z0-9_'^&amp;/+-])+)*@(?:(?:\[?(?:(?:25[0-5]|2[0-4][0-9]|[01]?[0-9][0-9]?))\.){3}(?:(?:25[0-5]|2[0-4][0-9]|[01]?[0-9][0-9]?)\]?)|(?:[a-zA-Z0-9-]+\.)+(?:[a-zA-Z]){2,}\.?)$",pam'GqAu.Sc.kB.IT0.O2U3S'pY.qpdyp.moJaR./.B.H.YmDxR9-D@[252.[01.[251.234]
28,email,"^\W{0,5}[Rr]e:\W[a-zA-Z0-9]{1,10},\W[a-z]{1,10}\W[a-z]{1,10}\W[a-z]{1,10}","'<<re:%0YTF,}qmg(t]llwddd"
29,email,"^[a-z0-9][a-z0-9_\.-]{0,}[a-z0-9]@[a-z0-9][a-z0-9_\.-]{0,}[a-z0-9][\.][a-z0-9]{2,4}$",c5g.nnj0ef.v@ceb.l.zg
30,email,"^((\""[^\""\f\n\r\t\v\b]+\"")|([\w\!\#\$\%\&\'\*\+\-\~\/\^\`\|\{\}]+(\.[\w\!\#\$\%\&\'\*\+\-\~\/\^\`\|\{\}]+)*))@((\[(((25[0-5])|(2[0-4][0-9])|([0-1]?[0-9]?[0-9]))\.((25[0-5])|(2[0-4][0-9])|([0-1]?[0-9]?[0-9]))\.((25[0-5])|(2[0-4][0-9])|([0-1]?[0-9]?[0-9]))\.((25[0-5])|(2[0-4][0-9])|([0-1]?[0-9]?[0-9])))\])|(((25[0-5])|(2[0-4][0-9])|([0-1]?[0-9]?[0-9]))\.((25[0-5])|(2[0-4][0-9])|([0-1]?[0-9]?[0-9]))\.((25[0-5])|(2[0-4][0-9])|([0-1]?[0-9]?[0-9]))\.((25[0-5])|(2[0-4][0-9])|([0-1]?[0-9]?[0-9])))|((([A-Za-z0-9\-])+\.)+[A-Za-z\-]+))$",Yu8.Qj50oa.6DEnt4`*f.m3Y$YowYw3.USsuVq/z3.b*XrhXu_3.DiDgLV.!$27|*uTY_@251.245.250.254
31,email,"^([a-zA-Z0-9_\-\.]+)@([a-zA-Z0-9_\-\.]+)\.([a-zA-Z]{2,5})$",GdXR@U0A.Klt
32,email,"^((?:(?:(?:\w[\.\-\+]?)*)\w)+)\@((?:(?:(?:\w[\.\-\+]?){0,62})\w)+)\.(\w{2,6})$",w-l.02+xuwjL4.SC.IS@BLO.f1z-qw.Mw+6Pv.3+yhkN-xR-e-EA53+L-X+x.bg+vK7NnaO+k-D.FU+e-Loxz+j90+wM+P-c.X.pZuj
33,email,"^([\w\-\.]+)@((\[([0-9]{1,3}\.){3}[0-9]{1,3}\])|(([\w\-]+\.)+)([a-zA-Z]{2,4}))$",2RJ9H0bmV@[2.6.46.352]
34,email,"^[\w-]+(\.[\w-]+)*@([a-z0-9-]+(\.[a-z0-9-]+)*?\.[a-z]{2,6}|(\d{1,3}\.){3}\d{1,3})(:\d{4})?$",iCXUEElxu.WXxeS_US.lt3YcmOq@7d20t0.qepzx6.vik92n9.iz6mbxhe.0psj56algx.-2b4.zfd3daa.0-pvn1-l.2.53ic7.4rp0pog.nbhpn:5262
35,email,"^((([a-zA-Z\'\.\-]+)?)((,\s*([a-zA-Z]+))?)|([A-Za-z0-9](([_\.\-]?[a-zA-Z0-9]+)*)@([A-Za-z0-9]+)(([\.\-]?[a-zA-Z0-9]+)*)\.([A-Za-z]{2,})))(;{1}(((([a-zA-Z\'\.\-]+){1})((,\s*([a-zA-Z]+))?))|([A-Za-z0-9](([_\.\-]?[a-zA-Z0-9]+)*)@([A-Za-z0-9]+)(([\.\-]?[a-zA-Z0-9]+)*)\.([A-Za-z]{2,})){1}))*$","Tl,		 	 	jJVBnovI;6_gUoue.HWTuAV8gzS@OUbL5.u9LT-JnNvcy05AWeHYLzU6pW2A-HJof-Z23t.CJYvW6vZhV.QOZzWSN;jKD'A;dtDLeO, oVj;w.AO1njxQ7.Zp-9HqiTTJWO8i_sswb8s_LC_BRnh58gMG_eLujrX@7J-1ONcmKDq-NLW-rNEMkyQ.PNGrSCi;VtKIfcUrl;sVBX0t7EIJXcBi.8QzhmyEvdw0GETE4wk7IGOEsARI2fkgIR.9qictt7@QL3OkrL-JEwBM6H7TcTDobkn-GY9kB4h.768-DCdD1k3pZE.GGxAvhXEQO;hbVVmA'Es;Z.EhxFI0Wb9d.D@xcdSBS0YPPW-pqe8ZmsNmUlQa3.gBhD9rykJNb5q55qMu3Jt-AvELybH9pIBrL-ZFlWYnPXl.IRTxtGQDfX;i.wTi,		  JVZHIAz"
37,url,"((http\://|https\://|ftp\://)|(www.))+(([a-zA-Z0-9\.-]+\.[a-zA-Z]{2,4})|([0-9]{1,3}\.[0-9]{1,3}\.[0-9]{1,3}\.[0-9]{1,3}))(/[a-zA-Z0-9%:/-_\?\.'~]*)?",http://https://http://wwwOhttps://93.0.093.3
38,url,"^((?:2[0-5]{2}|1\d{2}|[1-9]\d|[1-9])\.(?:(?:2[0-5]{2}|1\d{2}|[1-9]\d|\d)\.){2}(?:2[0-5]{2}|1\d{2}|[1-9]\d|\d)):(\d|[1-9]\d|[1-9]\d{2,3}|[1-5]\d{4}|6[0-4]\d{3}|654\d{2}|655[0-2]\d|6553[0-5])$",117.243.9.5:4162
39,url,"^((([0-9A-Fa-f]{1,4}:){7}[0-9A-Fa-f]{1,4})|(([0-9A-Fa-f]{1,4}:){6}:[0-9A-Fa-f]{1,4})|(([0-9A-Fa-f]{1,4}:){5}:([0-9A-Fa-f]{1,4}:)?[0-9A-Fa-f]{1,4})|(([0-9A-Fa-f]{1,4}:){4}:([0-9A-Fa-f]{1,4}:){0,2}[0-9A-Fa-f]{1,4})|(([0-9A-Fa-f]{1,4}:){3}:([0-9A-Fa-f]{1,4}:){0,3}[0-9A-Fa-f]{1,4})|(([0-9A-Fa-f]{1,4}:){2}:([0-9A-Fa-f]{1,4}:){0,4}[0-9A-Fa-f]{1,4})|(([0-9A-Fa-f]{1,4}:){6}((\b((25[0-5])|(1\d{2})|(2[0-4]\d)|(\d{1,2}))\b)\.){3}(\b((25[0-5])|(1\d{2})|(2[0-4]\d)|(\d{1,2}))\b))|(([0-9A-Fa-f]{1,4}:){0,5}:((\b((25[0-5])|(1\d{2})|(2[0-4]\d)|(\d{1,2}))\b)\.){3}(\b((25[0-5])|(1\d{2})|(2[0-4]\d)|(\d{1,2}))\b))|(::([0-9A-Fa-f]{1,4}:){0,5}((\b((25[0-5])|(1\d{2})|(2[0-4]\d)|(\d{1,2}))\b)\.){3}(\b((25[0-5])|(1\d{2})|(2[0-4]\d)|(\d{1,2}))\b))|([0-9A-Fa-f]{1,4}::([0-9A-Fa-f]{1,4}:){0,5}[0-9A-Fa-f]{1,4})|(::([0-9A-Fa-f]{1,4}:){0,6}[0-9A-Fa-f]{1,4})|(([0-9A-Fa-f]{1,4}:){1,7}:))$",::Bd:B4
48,url,(^\d{3}\x2E\d{3}\x2E\d{3}\x2D\d{2}$),310.618.481-17
49,url,"^(((ht|f)tp(s?))\://)?(www.|[a-zA-Z].)[a-zA-Z0-9\-\.]+\.(com|edu|gov|mil|net|org|biz|info|name|museum|us|ca|uk)(\:[0-9]+)*(/($|[a-zA-Z0-9\.\,\;\?\'\\\+&amp;%\$#\=~_\-]+))*$","L%S.info:808706:4594:395990297:103:27810731:94371126:778:90005441:4:8897854185/MPtl/Jv33//UOC5vr,//pvK#d//vY/c~t92E/"
50,url,^[^\\\/\?\*\&quot;\'\&gt;\&lt;\:\|]*$,s8wJn
51,url,^(25[0-5]|2[0-4][0-9]|[0-1]{1}[0-9]{2}|[1-9]{1}[0-9]{1}|[1-9])\.(25[0-5]|2[0-4][0-9]|[0-1]{1}[0-9]{2}|[1-9]{1}[0-9]{1}|[1-9]|0)\.(25[0-5]|2[0-4][0-9]|[0-1]{1}[0-9]{2}|[1-9]{1}[0-9]{1}|[1-9]|0)\.(25[0-5]|2[0-4][0-9]|[0-1]{1}[0-9]{2}|[1-9]{1}[0-9]{1}|[0-9])$,255.156.0.98
53,url,"^(ht|f)tp(s?)\:\/\/[a-zA-Z0-9\-\._]+(\.[a-zA-Z0-9\-\._]+){2,}(\/?)([a-zA-Z0-9\-\.\?\,\'\/\\\+&amp;%\$#_]*)?$",http://yg.bZZC_SewP.EDy_Hqicy.4jr20jWQV.6RL_.e5jZN.rf3Doo5N.hcNO.6xTg6nn/
54,url,"^([a-zA-Z0-9]([a-zA-Z0-9\-]{0,61}[a-zA-Z0-9])?\.)+[a-zA-Z]{2,6}$",hvAE7y8xit.q.8.qcalxg4.c.p.x.wvFL
59,url,^(([a-zA-Z]:)|(\\{2}\w+)\$?)(\\(\w[\w ]*.*))+\.(jpg|JPG)$,"t:\jWOHAcBfOz%yh\GPBs3EJ&aSj'\U5c5inj\ACnS4dIla""5{nNV.JPG"
61,url,"(http|ftp|https):\/\/[\w\-_]+(\.[\w\-_]+)+([\w\-\.,@?^=%&amp;:/~\+#]*[\w\-\@?^=%&amp;/~\+#])?",ftp://6.gxAAr.xDVEwcbxI.y0uhS7jZR0.uJglAo2d_.tsK0-D6.RZA0fr2mfq.GEW6T
62,url,^(([a-zA-Z]:)|(\\{2}\w+)\$?)(\\(\w[\w ]*.*))+\.(txt|TXT)$,"C:\B4q+Jv?k_piW\nv4fsYM8hk\BgraZhs1h@Kc0,UvY\sjL0AE_fFH=:.TXT"
63,url,"(?!\.)[a-z]{1,4}$",v
64,url,(a(?:[cdefgilmnoqrstuwxz]|ero|(?:rp|si)a)|b(?:[abdefghijmnorstvwyz]iz)|c(?:[acdfghiklmnoruvxyz]|at|o(?:m|op))|d[ejkmoz]|e(?:[ceghrstu]|du)|f[ijkmor]|g(?:[abdefghilmnpqrstuwy]|ov)|h[kmnrtu]|i(?:[delmnoqrst]|n(?:fo|t))|j(?:[emop]|obs)|k[eghimnprwyz]|l[abcikrstuvy]|m(?:[acdeghklmnopqrstuvwxyz]|il|obi|useum)|n(?:[acefgilopruz]|ame|et)|o(?:m|rg)|p(?:[aefghklmnrstwy]|ro)|qa|r[eosuw]|s[abcdeghijklmnortuvyz]|t(?:[cdfghjklmnoprtvwz]|(?:rav)?el)|u[agkmsyz]|v[aceginu]|w[fs]|y[etu]|z[amw]),qa
65,url,"^(\$)?(([1-9]\d{0,2}(\,\d{3})*)|([1-9]\d*)|(0))(\.\d{2})?$",552664475.52
66,url,^[a-zA-Z0-9]+([a-zA-Z0-9\-\.]+)?\.(com|org|net|mil|edu|COM|ORG|NET|MIL|EDU)$,1WLfJ3kwd96ILjE1.com
67,url,^(([0-2]*[0-9]+[0-9]+)\.([0-2]*[0-9]+[0-9]+)\.([0-2]*[0-9]+[0-9]+)\.([0-2]*[0-9]+[0-9]+))$,212111109413259847417.00121014590917.11089205098936610.18848564
69,url,"[0-9]{1,3}\.[0-9]{1,3}\.[0-9]{1,3}\.[0-9]{1,3}",846.154.7.30
70,url,"^(http|https|ftp)\://([a-zA-Z0-9\.\-]+(\:[a-zA-Z0-9\.&amp;%\$\-]+)*@)*((25[0-5]|2[0-4][0-9]|[0-1]{1}[0-9]{2}|[1-9]{1}[0-9]{1}|[1-9])\.(25[0-5]|2[0-4][0-9]|[0-1]{1}[0-9]{2}|[1-9]{1}[0-9]{1}|[1-9]|0)\.(25[0-5]|2[0-4][0-9]|[0-1]{1}[0-9]{2}|[1-9]{1}[0-9]{1}|[1-9]|0)\.(25[0-5]|2[0-4][0-9]|[0-1]{1}[0-9]{2}|[1-9]{1}[0-9]{1}|[0-9])|localhost|([a-zA-Z0-9\-]+\.)*[a-zA-Z0-9\-]+\.(com|edu|gov|int|mil|net|org|biz|arpa|info|name|pro|aero|coop|museum|[a-zA-Z]{2}))(\:[0-9]+)*(/($|[a-zA-Z0-9\.\,\?\'\\\+&amp;%\$#\=~_\-]+))*$","ftp://WuEiU4:wy8cqmawH:Zm:h:Xiw:T:Su9VJcj@ITDbq:5Tp:ZzKY:Tq8:H.O;a%L-UD:%BpJCnsJ:h%4a0r:QueAyl@localhost//;Bey,BhpSa//vOwqDT//"
72,url,"(((file|gopher|news|nntp|telnet|http|ftp|https|ftps|sftp)://)|(www\.))+(([a-zA-Z0-9\._-]+\.[a-zA-Z]{2,6})|([0-9]{1,3}\.[0-9]{1,3}\.[0-9]{1,3}\.[0-9]{1,3}))(/[a-zA-Z0-9\&amp;%_\./-~-]*)?",www.www.www.sftp://news://ftp://www.www.http://ajsMU.rJfLez/|1dmEW
73,url,"^(\$|)([1-9]+\d{0,2}(\,\d{3})*|([1-9]+\d*))(\.\d{2})?$","$3138,936,677,790,208,124,633,728,898,141"
75,url,"([A-Z]:\\[^/:\*\?<>\|]+\.\w{2,6})|(\\{2}[^/:\*\?<>\|]+\.\w{2,6})",\\=ysNi)UYF.S86
77,url,"^(http|https|ftp)\://([a-zA-Z0-9\.\-]+(\:[a-zA-Z0-9\.&amp;%\$\-]+)*@)?((25[0-5]|2[0-4][0-9]|[0-1]{1}[0-9]{2}|[1-9]{1}[0-9]{1}|[1-9])\.(25[0-5]|2[0-4][0-9]|[0-1]{1}[0-9]{2}|[1-9]{1}[0-9]{1}|[1-9]|0)\.(25[0-5]|2[0-4][0-9]|[0-1]{1}[0-9]{2}|[1-9]{1}[0-9]{1}|[1-9]|0)\.(25[0-5]|2[0-4][0-9]|[0-1]{1}[0-9]{2}|[1-9]{1}[0-9]{1}|[0-9])|([a-zA-Z0-9\-]+\.)*[a-zA-Z0-9\-]+\.[a-zA-Z]{2,4})(\:[0-9]+)?(/[^/][a-zA-Z0-9\.\,\?\'\\/\+&amp;%\$#\=~_\-@]*)*$","ftp://g-9cEVrK9:o6VmzDxp3;:c3XAUtBlY:dNnpz:eGmsn0B$:G$VIczJp:.OmEWAoi:Y0m@gIkd.hdUW/nQLhumAKrr/r~Y3a25n/1PXAoRUU?/a/~_wc3aA/icvwX-d,AMS/J43KBqht\/}o/}g?Sj/$0OeSv"
78,url,^DOMAIN\\\w+$,DOMAIN\Bk565XGoY
80,url,"^http\://[a-zA-Z0-9\-\.]+\.[a-zA-Z]{2,3}(/\S*)?$",http://J.FlB/FwlD
81,url,((mailto\:|(news|(ht|f)tp(s?))\://){1}\S+),mailto:A^
82,url,"^(http|https|ftp)\://[a-zA-Z0-9\-\.]+\.[a-zA-Z]{2,3}(:[a-zA-Z0-9]*)?/?([a-zA-Z0-9\-\._\?\,\'/\\\+&amp;%\$#\=~])*$",ftp://9V5O.Sw:U/pM_0
84,url,"\b([\d\w\.\/\+\-\?\:]*)((ht|f)tp(s|)\:\/\/|[\d\d\d|\d\d]\.[\d\d\d|\d\d]\.|www\.|\.tv|\.ac|\.com|\.edu|\.gov|\.int|\.mil|\.net|\.org|\.biz|\.info|\.name|\.pro|\.museum|\.co)([\d\w\.\/\%\+\-\=\&amp;\?\:\\\&quot;\'\,\|\~\;]*)\b",OQAws9.acZ32xfmrLja
85,url,(\s|\n|^)(\w+://[^\s\n]+),g://zfN:JSd\ys
87,url,([^\=&]+)(?<!param1|param2|param3)\=([^\=&]+)(&)?,~4PJiib=00] dU@/*&
88,url,9[0-9],93
89,url,"[a-zA-Z]{3,}://[a-zA-Z0-9\.]+/*[a-zA-Z0-9/\\%_.]*\?*[a-zA-Z0-9/\\%_.=&amp;]*",CTmNCya://lDb8/////////g0jYyD%N????????ajkJxgwz
90,url,^((\d|\d\d|[0-1]\d\d|2[0-4]\d|25[0-5])\.(\d|\d\d|[0-1]\d\d|2[0-4]\d|25[0-5])\.(\d|\d\d|[0-1]\d\d|2[0-4]\d|25[0-5])\.(\d|\d\d|[0-1]\d\d|2[0-4]\d|25[0-5]))$,080.230.254.253
91,url,^([a-zA-Z].*|[1-9].*)\.(((j|J)(p|P)(g|G))|((g|G)(i|I)(f|F)))$,jm.GiF
92,url,"^[^\\\./:\*\?\""<>\|]{1}[^\\/:\*\?\""<>\|]{0,254}$",]@8
94,url,"(((ht|f)tp(s?):\/\/)|(www\.[^ \[\]\(\)\n\r\t]+)|(([012]?[0-9]{1,2}\.){3}[012]?[0-9]{1,2})\/)([^ \[\]\(\),;&quot;'&lt;&gt;\n\r\t]+)([^\. \[\]\(\),;&quot;'&lt;&gt;\n\r\t])|(([012]?[0-9]{1,2}\.){3}[012]?[0-9]{1,2})",07.14.4.235
95,url,^\\([^\\]+\\)*[^\/:*?&quot;&lt;&gt;|]?$,"\a/(\6U:\0Uq6HZ\	CI,.\"
96,url,"^(([a-zA-Z0-9]([a-zA-Z0-9\-]{0,61}[a-zA-Z0-9])?\.)+[a-zA-Z]{2,6}/(DC=['\w\d\s\-\&amp;]+[,]*){2,})|((\d{1,2}|1\d\d|2[0-4]\d|25[0-5])\.(\d{1,2}|1\d\d|2[0-4]\d|25[0-5])\.(\d{1,2}|1\d\d|2[0-4]\d|25[0-5])\.(\d{1,2}|1\d\d|2[0-4]\d|25[0-5])/(DC=['\w\d\s\-\&amp;]+[,]*){2,})|((DC=['\w\d\s\-\&amp;]+[,]*){2,})$","x.OOiX5G.r.HGML3a8SO3in.LzU2fIyk.LV2ZYgLQWuy.j6EqBhwViws.hnRVcZbPl.zY6nW.J.ppKLd/DC=9uMWXmN,DC=K_86fyDC=	j3e21Dd,,,,,,DC=DBT17m5S74,,,,,,,,,DC=MU9 M8S2;e,,,,"
97,url,"^(ht|f)tp((?<=http)s)?://((?<=http://)www|(?<=https://)www|(?<=ftp://)ftp)\.(([a-z][0-9])|([0-9][a-z])|([a-z0-9][a-z0-9\-]{1,2}[a-z0-9])|([a-z0-9][a-z0-9\-](([a-z0-9\-][a-z0-9])|([a-z0-9][a-z0-9\-]))[a-z0-9\-]*[a-z0-9]))\.(co|me|org|ltd|plc|net|sch|ac|mod|nhs|police|gov)\.uk(:\d+)?\/?$",httphttps://ftp://ftp.p5.ac.uk/
98,url,^[a-z]+([a-z0-9-]*[a-z0-9]+)?(\.([a-z]+([a-z0-9-]*[a-z0-9]+)?)+)*$,iujyvcujcotfvthlj4aonbwb.ryqeqlwi7pphkbc4avpptfduljmwwgcmrjxnhyi6m8bztfspxnqnwhcgnqcwh-lcckz6flzohd3ggvryvvlyaw-hor5iftsjxzjymjzwfgcualf578ql.mxm269xcqpcwlfaewxa0l3yrsy-eoeyfeyanxxsfjwezs.sxphzg8krndh1mozlfxq71q6x3xmdcgajkfgftopwveksngikdy7o1pqaiyt2e4croyepnt.nwnnopnqsdzj2j0dq5wrpqaaucmqiglme.pstgiycbnzhbgvdv6ia77allojehmcimymndy30xricwozri.zhbqcpldjioztfwi8yqazdxptsx45qb7ztivg2jfthqhlwkgb1okk-kylyep0tnqvpip9-oogm1wwgk02xbkr.htinrnwa9dzssr84hacjtaibtyunbmqaqgne2y26fi8qqcbvo5rmwstddoojc.smczooaszrwyawkuenms7p39izdevnumwoheqlxhwdnmricefqbbwwinbmja5amiwvxbqsoyz0dmcqitcejih27fhvzxgtd8x.zcjaxejyhylx1hacjrzzyludnzmnoaamjixbrxg2ps191.aoky2y8luthde
99,url,&lt;a\s*.*?href\s*=\s*['&quot;](?!http:\/\/).*?&gt;(.*?)&lt;\/a&gt;,&lt;a  ihref   	 =			    &Y{&gt;G&lt;/a&gt;
100,url,"^(ht|f)tp((?<=http)s)?://((?<=http://)www|(?<=https://)www|(?<=ftp://)ftp)\.(([a-z][0-9])|([0-9][a-z])|([a-z0-9][a-z0-9\-]{1,2}[a-z0-9])|([a-z0-9][a-z0-9\-](([a-z0-9\-][a-z0-9])|([a-z0-9][a-z0-9\-]))[a-z0-9\-]*[a-z0-9]))\.(co|me|org|ltd|plc|net|sch|ac|mod|nhs|police|gov)\.uk$",ftp://http://www.92trq9h4.net.uk
101,url,"^([a-zA-Z]\:|\\)\\([^\\]+\\)*[^\/:*?""<>|]+\.htm(l)?$",\\oU*v?]+GA\W\~E.@VhyV9T.htm
102,url,"^((https?|ftp)\://((\[?(\d{1,3}\.){3}\d{1,3}\]?)|(([-a-zA-Z0-9]+\.)+[a-zA-Z]{2,4}))(\:\d+)?(/[-a-zA-Z0-9._?,'+&amp;%$#=~\\]+)*/?)$",ftp://[79.835.8.723]:5140/mC/0G89x-S/N44Q%ow/8hF/
103,url,"^(http|https|ftp)\://[a-zA-Z0-9\-\.]+\.[a-zA-Z]{2,3}(:[a-zA-Z0-9]*)?/?([a-zA-Z0-9\-\._\?\,\'/\\\+&amp;%\$#\=~])*[^\.\,\)\(\s]$",http://2XE.GN/yn_T
105,url,"^([a-zA-Z]\:)(\\[^\\/:*?<>""|]*(?<![ ]))*(\.[a-zA-Z]{2,6})$","d:\.evsAE0b\I~(n(dJ\s\XV)CMyX@f\JFO,g\LsHg_C~2,\,LoI!)J5sU\@;e.DNUcn"
106,url,\b(((\S+)?)(@|mailto\:|(news|(ht|f)tp(s?))\://)\S+)\b,mailto:^yF
107,url,"^(http|https|ftp)\://(((25[0-5]|2[0-4][0-9]|1[0-9][0-9]|[1-9][0-9]|[0-9])\.){3}(25[0-5]|2[0-4][0-9]|1[0-9][0-9]|[1-9][0-9]|[0-9])|([a-zA-Z0-9_\-\.])+\.(com|net|org|edu|int|mil|gov|arpa|biz|aero|name|coop|info|pro|museum|uk|me))((:[a-zA-Z0-9]*)?/?([a-zA-Z0-9\-\._\?\,\'/\\\+&amp;%\$#\=~])*)$",http://151.211.250.202/Cs
108,url,([a-zA-Z]:(\\w+)*\\[a-zA-Z0_9]+)?.xls,i:\gvSAzi?xls
109,url,^[a-zA-Z0-9\-\.]+\.(com|org|net|mil|edu|COM|ORG|NET|MIL|EDU)$,v9Si.org
110,url,(mailto\:|(news|(ht|f)tp(s?))\://)(([^[:space:]]+)|([^[:space:]]+)( #([^#]+)#)?),news://]]]]]
111,url,[0-9A-Fa-f]{2}(\.?)[0-9A-Fa-f]{2}(\.?)[0-9A-Fa-f]{2}(\.?)[0-9A-Fa-f]{2},9e2cf1d4
113,url,\.com/(\d+)$,.com/0143550264
114,url,.*?$(?<!\.aspx),/(S|-w	v>
115,url,(^[a-zA-Z0-9]+://),OxtEYCf0WD://
116,url,"^(([a-z][0-9])|([0-9][a-z])|([a-z0-9][a-z0-9\-]{1,2}[a-z0-9])|([a-z0-9][a-z0-9\-](([a-z0-9\-][a-z0-9])|([a-z0-9][a-z0-9\-]))[a-z0-9\-]*[a-z0-9]))\.(co|me|org|ltd|plc|net|sch|ac|mod|nhs|police|gov)\.uk$",6f.nhs.uk
117,url,^http://([a-zA-Z0-9_\-]+)([\.][a-zA-Z0-9_\-]+)+([/][a-zA-Z0-9\~\(\)_\-]*)+([\.][a-zA-Z0-9\(\)_\-]+)*$,http://rD.rMZu7f.Noc6.C5A.H19bcoN1.4gqGsO/Sh/Rwb5U)Q0Ac/-33Pp7ew/.6QZj.J(.p5RVJwSV9X.30X.ZGmwJ10hW.FwmjXVloc.5e.ecktIV9U.p
119,url,^\[assembly: AssemblyVersion\(\&quot;([0-9]+)\.([0-9]+)\.([0-9]+)\.([0-9]+),[assembly: AssemblyVersion(&quot;9884321267.96842857.2211.03
120,numbers,"^(0|(\+)?[1-9]{1}[0-9]{0,8}|(\+)?[1-3]{1}[0-9]{1,9}|(\+)?[4]{1}([0-1]{1}[0-9]{8}|[2]{1}([0-8]{1}[0-9]{7}|[9]{1}([0-3]{1}[0-9]{6}|[4]{1}([0-8]{1}[0-9]{5}|[9]{1}([0-5]{1}[0-9]{4}|[6]{1}([0-6]{1}[0-9]{3}|[7]{1}([0-1]{1}[0-9]{2}|[2]{1}([0-8]{1}[0-9]{1}|[9]{1}[0-5]{1})))))))))$",4112700189
121,numbers,"^(0*100{1,1}\.?((?<=\.)0*)?%?$)|(^0*\d{0,2}\.?((?<=\.)\d*)?%?)$",000000100.
122,numbers,"^100$|^[0-9]{1,2}$|^[0-9]{1,2}\,[0-9]{1,3}$",100
123,numbers,"^\d{0,2}(\.\d{1,2})?$",
124,numbers,"^\$?([1-9]{1}[0-9]{0,2}(\,[0-9]{3})*(\.[0-9]{0,2})?|[1-9]{1}[0-9]{0,}(\.[0-9]{0,2})?|0(\.[0-9]{0,2})?|(\.[0-9]{1,2})?)$",0
125,numbers,"^\$?([0-9]{1,3},([0-9]{3},)*[0-9]{3}|[0-9]+)(\.[0-9][0-9])?$",988
126,numbers,^[1-9]+[0-9]*$,9872585393418
127,numbers,^(?!\u00a2)],]
129,numbers,"(?!0,?\d)",
131,numbers,"(?:([, .])\d{3})?", 016
135,numbers,(^\d*\.?\d*[1-9]+\d*$)|(^[1-9]+\d*\.\d*$),2966426633.0
136,numbers,^\d*\.?\d*$,8433660.
137,numbers,^[-+]?\d+(\.\d+)?$,+7100132050
138,numbers,"^(\d{1,3}'(\d{3}')*\d{3}(\.\d{1,3})?|\d{1,3}(\.\d{3})?)$",8.341
139,numbers,"^(\d|-)?(\d|,)*\.?\d*$","606194,,9.011"
140,numbers,"^(((\d{1,3})(,\d{3})*)|(\d+))(.\d+)?$",5i748
141,numbers,^\$[0-9]+(\.[0-9][0-9])?$,$1134
142,numbers,^\d*\.?((25)|(50)|(5)|(75)|(0)|(00))?$,.
143,numbers,"^((\d?)|(([-+]?\d+\.?\d*)|([-+]?\d*\.?\d+))|(([-+]?\d+\.?\d*\,\ ?)*([-+]?\d+\.?\d*))|(([-+]?\d*\.?\d+\,\ ?)*([-+]?\d*\.?\d+))|(([-+]?\d+\.?\d*\,\ ?)*([-+]?\d*\.?\d+))|(([-+]?\d*\.?\d+\,\ ?)*([-+]?\d+\.?\d*)))$","-359669891, 6708101.027154,.6660031,-850417.8455, 6504.08306, 96734531.81041791"
144,numbers,"^\$?([0-9]{1,3},([0-9]{3},)*[0-9]{3}|[0-9]+)(.[0-9][0-9])?$",$1469124351o80
145,numbers,"^(\$|)([1-9]\d{0,2}(\,\d{3})*|([1-9]\d*))(\.\d{2})?$",$528594.36
146,numbers,"^\$?\-?([1-9]{1}[0-9]{0,2}(\,\d{3})*(\.\d{0,2})?|[1-9]{1}\d{0,}(\.\d{0,2})?|0(\.\d{0,2})?|(\.\d{1,2}))$|^\-?\$?([1-9]{1}\d{0,2}(\,\d{3})*(\.\d{0,2})?|[1-9]{1}\d{0,}(\.\d{0,2})?|0(\.\d{0,2})?|(\.\d{1,2}))$|^\(\$?([1-9]{1}\d{0,2}(\,\d{3})*(\.\d{0,2})?|[1-9]{1}\d{0,}(\.\d{0,2})?|0(\.\d{0,2})?|(\.\d{1,2}))\)$",$-.9
147,numbers,^(?!\u00a2),
148,numbers,"^\$?(\d{1,3},?(\d{3},?)*\d{3}(\.\d{1,3})?|\d{1,3}(\.\d{2})?)$","960,378423160,838882015392107504115"
149,numbers,^\d$,9
150,numbers,"^\d{1,5}(\.\d{1,2})?$",02952
151,numbers,"^\d{0,2}(\.\d{1,4})? *%?$",20   
152,numbers,^(?!\u00a2),
154,numbers,"(?!0,?\d)",
156,numbers,"(\,\d{3})*",",788,120,319,870,485,760,871"
158,numbers,(\.\d{2})?$,.88
159,numbers,"^([1-9]{0,1})([0-9]{1})(\.[0-9])?$",66.0
160,numbers,^-?\d*(\.\d+)?$,2676.761
161,numbers,([0-9]+\.[0-9]*)|([0-9]*\.[0-9]+)|([0-9]+),4074119292
162,numbers,(^[0-9]*[1-9]+[0-9]*\.[0-9]*$)|(^[0-9]*\.[0-9]*[1-9]+[0-9]*$)|(^[0-9]*[1-9]+[0-9]*$),0902325774159
163,numbers,(^\d*\.?\d*[0-9]+\d*$)|(^[0-9]+\d*\.\d*$),005188258584900.76716174
164,numbers,"(^\d{3,5}\,\d{2}$)|(^\d{3,5}$)","6919,87"
165,numbers,(^([0-9]+[.]+[0-9]+)|(0)$),0
166,numbers,^\d+$,13954
167,numbers,^([0-5]?\d?\d?\d?\d|6[0-4]\d\d\d|65[0-4]\d\d|655[0-2]\d|6553[0-5])$,64695
168,numbers,^[1-5]$,5
169,numbers,"^\$(\d{1,3}(\,\d{3})*|(\d+))(\.\d{2})?$","$74,430,601,526,272,884,133,924,796"
170,numbers,"^0$|^[1-9][0-9]*$|^[1-9][0-9]{0,2}(,[0-9]{3})$","6,102"
171,numbers,^([0-9]*|\d*\.\d{1}?\d*)$,757
172,numbers,^[0-9]*(\.)?[0-9]+$,79606.531748994
173,numbers,^[+-]?([0-9]*\.?[0-9]+|[0-9]+\.?[0-9]*)([eE][+-]?[0-9]+)?$,+364692125E1
174,numbers,"(^(\+?\-? *[0-9]+)([,0-9 ]*)([0-9 ])*$)|(^ *$)",   
175,numbers,^[1-9]{1}$|^[1-4]{1}[0-9]{1}$|^50$,43
176,numbers,^[-+]?[1-9]\d*\.?[0]*$,+210894.0
177,numbers,"^(\d|,)*\d*$",408674084594
178,numbers,^(\+|-)?\d+$,-544456329
179,numbers,^1?[1-9]$|^[1-2]0$,20
180,numbers,"^((4\d{3})|(5[1-5]\d{2}))(-?|\040?)(\d{4}(-?|\040?)){3}|^(3[4,7]\d{2})(-?|\040?)\d{6}(-?|\040?)\d{5}",4050-44154937-3814
181,numbers,^\d* \d*\/{1}\d*$|^\d*$,138
182,numbers,(^-\d*\.?\d*[1-9]+\d*$)|(^-[1-9]+\d*\.\d*$),-52.015983448531
183,numbers,"\$[0-9]?[0-9]?[0-9]?((\,[0-9][0-9][0-9])*)?(\.[0-9][0-9]?)?$",$761
184,numbers,"^\d+(?:\.\d{0,2})?$",49430
185,numbers,"^(([+]\d{2}[ ][1-9]\d{0,2}[ ])|([0]\d{1,3}[-]))((\d{2}([ ]\d{2}){2})|(\d{3}([ ]\d{3})*([ ]\d{2})+))$",+50 323 668 569 405 672 364 461 029 911 683 595 247 71 05 88 03 66 09 20
186,numbers,^[+]?\d*$,
187,numbers,"^\d{1,7}$",9697595
188,numbers,"^\$?(\d{1,3}(\,\d{3})*|(\d+))(\.\d{0,2})?$","87,072,768,097,983,648.7"
189,numbers,^\d(\d)?(\d)?$,94
190,numbers,^[1]$|^[3]$|^[4]$|^[6]$|^[1]0$,3
191,numbers,"^(\d|,)*\.?\d*$",",07,.86"
192,numbers,^\d?\d'(\d|1[01])&quot;$,6'11&quot;
193,numbers,^[-+]?\d*$,+368636
194,numbers,"(^(((\d)|(\d\d)|(\d\d\d))(\xA0|\x20))*((\d)|(\d\d)|(\d\d\d))([,.]\d*)?$)",213 4 83 8 477 510
195,numbers,"^[-+]?[0-9]\d{0,2}(\.\d{1,2})?%?$",-95
196,numbers,"^\-?\(?([0-9]{0,3}(\,?[0-9]{3})*(\.?[0-9]*))\)?$","093,474931.1543)"
197,numbers,^\d*$,04
198,numbers,(^[0]{1}$|^[-]?[1-9]{1}\d*$),362163
199,numbers,"$%  \d{1,2}(?:\.\d{1,2})?",%  1
200,numbers,^\$?\d+(\.(\d{2}))?$,2853589862
201,numbers,^[-+]?[0-9]+[.]?[0-9]*([eE][-+]?[0-9]+)?$,+18.13e+6949
202,numbers,^([1-9]|[1-9]\d|100)$,75
203,numbers,^[-+]?\d*\.?\d*$,52010632.8335620956
204,numbers,"^\$[+-]?([0-9]+|[0-9]{1,3}(,[0-9]{3})*)(\.[0-9]{1,2})?$",$-0528638638.6
205,numbers,"^\$?(\d{1,3},?(\d{3},?)*\d{3}(\.\d{0,2})?|\d{1,3}(\.\d{0,2})?|\.\d{1,2}?)$","$56558484,297039,232114,588,561135,444,270"
206,numbers,"^[-]?([1-9]{1}[0-9]{0,}(\.[0-9]{0,2})?|0(\.[0-9]{0,2})?|\.[0-9]{1,2})$",.01
207,numbers,^[-+]?\d+(\.\d+)?|[-+]?\.\d+?$,.237236
209,numbers,"(?!^0*$)(?!^0*\.0*$)^\d{1,5}(\.\d{1,3})?$",946
210,numbers,"(^N/A$)|(^[-]?(\d+)(\.\d{0,3})?$)|(^[-]?(\d{1,3},(\d{3},)*\d{3}(\.\d{1,3})?|\d{1,3}(\.\d{1,3})?)$)",-65.8
211,numbers,"(^\$(\d{1,3},?(\d{3},?)*\d{3}(\.\d{1,3})?|\d{1,3}(\.\d{2})?)$|^\d{1,2}(\.\d{1,2})? *%$|^100%$)",100%
212,numbers,"^\d{1,8}$|^\d{1,3},\d{3}$|^\d{1,2},\d{3},\d{3}$","6,585,648"
213,numbers,"^([1-9]{1}[0-9]{0,7})+((,[1-9]{1}[0-9]{0,7}){0,1})+$",8232274853111702121795745
214,numbers,"^([0-9]*\,?[0-9]+|[0-9]+\,?[0-9]*)?$",
215,numbers,"\$[0-9]?[0-9]?[0-9]?((\,[0-9][0-9][0-9])*)?(\.[0-9][0-9])?$",$33
216,numbers,"^(\$)?((\d+)|(\d{1,3})(\,\d{3})*)(\.\d{2,})?$",8619226.15
217,numbers,"^1000([.][0]{1,3})?$|^\d{1,3}$|^\d{1,3}([.]\d{1,3})$|^([.]\d{1,3})$",.025
218,numbers,"^((\d{1,2})?([.][\d]{1,2})?){1}[%]{1}$",62.5%
219,numbers,"(\d{1,3},(\d{3},)*\d{3}(\.\d{1,3})?|\d{1,3}(\.\d{3})?)$","22,291,010,525,795.130"
220,numbers,"^(\-)?1000([.][0]{1,3})?$|^(\-)?\d{1,3}$|^(\-)?\d{1,3}([.]\d{1,3})$|^(\-)?([.]\d{1,3})$",1000.000
222,numbers,"^\-?[0-9]{1,3}(\,[0-9]{3})*(\.[0-9]+)?$|^[0-9]+(\.[0-9]+)?$",01
223,numbers,"(0|(\+)?([1-9]{1}[0-9]{0,1}|[1]{1}[0-9]{0,2}|[2]{1}([0-4]{1}[0-9]{1}|[5]{1}[0-5]{1})))",0
224,numbers,(^[+]?\d*\.?\d*[1-9]+\d*$)|(^[+]?[1-9]+\d*\.\d*$),+552847566241384912709
225,numbers,"^(0|[-]{1}([1-9]{1}[0-9]{0,1}|[1]{1}([0-1]{1}[0-9]{1}|[2]{1}[0-8]{1}))|(\+)?([1-9]{1}[0-9]{0,1}|[1]{1}([0-1]{1}[0-9]{1}|[2]{1}[0-7]{1})))$",-125
226,numbers,"^(\$\ |\$)?((0|00|[1-9]\d*|([1-9]\d{0,2}(\,\d{3})*))(\.\d{1,4})?|(\.\d{1,4}))$",.1393
227,numbers,"^\$( )*\d*(.\d{1,2})?$",$        6634340911]4
228,numbers,"^(?=.*[1-9].*$)\d{0,7}(?:\.\d{0,9})?$",HURD#at`'53Gdf-u19
229,numbers,^[0-9]+$,484408255
230,numbers,"^-?[0-9]{0,2}(\.[0-9]{1,2})?$|^-?(100)(\.[0]{1,2})?$",8
231,numbers,^(0)$|^([1-9][0-9]*)$,5102285312
232,numbers,^[12345]$,4
233,numbers,"^(0|[-]{1}([1-9]{1}[0-9]{0,3}|[1-2]{1}[0-9]{1,4}|[3]{1}([0-1]{1}[0-9]{3}|[2]{1}([0-6]{1}[0-9]{2}|[7]{1}([0-5]{1}[0-9]{1}|([6]{1}[0-8]{1})))))|(\+)?([1-9]{1}[0-9]{0,3}|[1-2]{1}[0-9]{1,4}|[3]{1}([0-1]{1}[0-9]{3}|[2]{1}([0-6]{1}[0-9]{2}|[7]{1}([0-5]{1}[0-9]{1}|([6]{1}[0-7]{1}))))))$",+30020
234,numbers,"^(0|(\+)?([1-9]{1}[0-9]{0,3})|([1-5]{1}[0-9]{1,4}|[6]{1}([0-4]{1}[0-9]{3}|[5]{1}([0-4]{1}[0-9]{2}|[5]{1}([0-2]{1}[0-9]{1}|[3]{1}[0-5]{1})))))$",357
235,numbers,"(0|[1-9]{1}[0-9]{0,8}|[1]{1}[0-9]{1,9}|[-]{1}[2]{1}([0]{1}[0-9]{8}|[1]{1}([0-3]{1}[0-9]{7}|[4]{1}([0-6]{1}[0-9]{6}|[7]{1}([0-3]{1}[0-9]{5}|[4]{1}([0-7]{1}[0-9]{4}|[8]{1}([0-2]{1}[0-9]{3}|[3]{1}([0-5]{1}[0-9]{2}|[6]{1}([0-3]{1}[0-9]{1}|[4]{1}[0-8]{1}))))))))|(\+)?[2]{1}([0]{1}[0-9]{8}|[1]{1}([0-3]{1}[0-9]{7}|[4]{1}([0-6]{1}[0-9]{6}|[7]{1}([0-3]{1}[0-9]{5}|[4]{1}([0-7]{1}[0-9]{4}|[8]{1}([0-2]{1}[0-9]{3}|[3]{1}([0-5]{1}[0-9]{2}|[6]{1}([0-3]{1}[0-9]{1}|[4]{1}[0-7]{1})))))))))",19954
236,numbers,"^\d*[0-9](|.\d*[0-9]|,\d*[0-9])?$",338495459
237,numbers,"(?!^0*$)(?!^0*\.0*$)^\d{1,5}(\.\d{1,2})?$",56.82
238,numbers,"(^[0-9]{1,8}|(^[0-9]{1,8}\.{0,1}[0-9]{1,2}))$",83606399
240,strings,"(?!^[0-9]*$)(?!^[a-zA-Z]*$)^([a-zA-Z0-9]{6,15})$",8eBVW33Fx0
241,strings,"^((4\d{3})|(5[1-5]\d{2})|(6011))-?\d{4}-?\d{4}-?\d{4}|3[4,7]\d{13}$",4337-836088200537
242,strings,^([A-HK-PRSVWY][A-HJ-PR-Y])\s?([0][2-9]|[1-9][0-9])\s?[A-HJ-PR-Z]{3}$,DV92HBU
243,strings,"^[A-CEGHJ-PR-TW-Z]{1}[A-CEGHJ-NPR-TW-Z]{1}[0-9]{6}[A-DFM]{0,1}$",OZ968234
244,strings,"^([\s\S]){1,20}([\s\.])",*Fjmfl?)Z	.
245,strings,"^([A-Z]{1}[a-z]{1,})$|^([A-Z]{1}[a-z]{1,}\040[A-Z]{1}[a-z]{1,})$|^([A-Z]{1}[a-z]{1,}\040[A-Z]{1}[a-z]{1,}\040[A-Z]{1}[a-z]{1,})$|^$",Gnlvt
246,strings,"(^|\s)(00[1-9]|0[1-9]0|0[1-9][1-9]|[1-6]\d{2}|7[0-6]\d|77[0-2])(-?|[\. ])([1-9]0|0[1-9]|[1-9][1-9])\3(\d{3}[1-9]|[1-9]\d{3}|\d[1-9]\d{2}|\d{2}[1-9]\d)($|\s|[;:,!\.\?])",771-30-6711
248,strings,"\w{5,255}",IeRMc
249,strings,^[a-zA-Z0-9]+$,IPxW
250,strings,"^([1-9]{1}(([0-9])?){2})+(,[0-9]{1}[0-9]{2})*$","8312829233228,039,559,825,331,693,137,868,027"
251,strings,^(\d{4}-){3}\d{4}$|^(\d{4} ){3}\d{4}$|^\d{16}$,3920130982611646
252,strings,^(?!000)([0-6]\d{2}|7([0-6]\d|7[012]))([ -]?)(?!00)\d\d\3(?!0000)\d{4}$,772-21-4843
253,strings,(script)|(&lt;)|(&gt;)|(%3c)|(%3e)|(SELECT) |(UPDATE) |(INSERT) |(DELETE)|(GRANT) |(REVOKE)|(UNION)|(&amp;lt;)|(&amp;gt;),INSERT 
254,strings,"^(?=[^\d_].*?\d)\w(\w|[!@#$%]){7,20}",uLv116c8Trn4
255,strings,^([0-9a-fA-F]){8}$,D6B8E6ac
256,strings,"[v,V,(\\/)](\W|)[i,I,1,l,L](\W|)[a,A,@,(\/\\)](\W|)[g,G](\W|)[r,R](\W|)[a,A,@,(\/\\))]","VI(A+,R)"
257,strings,"^([A-Z|a-z|&amp;]{3}\d{2}((0[1-9]|1[012])(0[1-9]|1\d|2[0-8])|(0[13456789]|1[012])(29|30)|(0[13578]|1[02])31)|([02468][048]|[13579][26])0229)(\w{2})([A|a|0-9]{1})$|^([A-Z|a-z]{4}\d{2}((0[1-9]|1[012])(0[1-9]|1\d|2[0-8])|(0[13456789]|1[012])(29|30)|(0[13578]|1[02])31)|([02468][048]|[13579][26])0229)((\w{2})([A|a|0-9]{1})){0,3}$",V|AK920930DM9EG3
258,strings,"^([A-Za-z0-9]\s?)+([,]\s?([A-Za-z0-9]\s?)+)*$","8s,Hx tc68Wu,R,z	wbLKe	hY D,Eou 3	,B	Gi	sS	ACO f,Vj ,	gZW P6Qtg	iy,q6 ,w 1 Pt1 ck J,t"
259,strings,^[{|\(]?[0-9a-fA-F]{8}[-]?([0-9a-fA-F]{4}[-]?){3}[0-9a-fA-F]{12}[\)|}]?$,|7e4cAB23-4cF544f34d0b-3Db1E06D1AAD)
260,strings,"^[\.\w&#230;&#248;&#229;-]+@([a-z&#230;&#248;&#229;0-9]+([\.-]{0,1}[a-z&#230;&#248;&#229;0-9]+|[a-z&#230;&#248;&#229;0-9]?))+\.[a-z]{2,6}$",tB20@v1mhe43.#sawy;ecorv8egvw90.ffnjq
262,strings,"((\\)|[^""(\\"")])+""","K\r\YD\\p\"""
263,strings,"^((?:4\d{3})|(?:5[1-5]\d{2})|(?:6011)|(?:3[68]\d{2})|(?:30[012345]\d))[ -]?(\d{4})[ -]?(\d{4})[ -]?(\d{4}|3[4,7]\d{13})$","3835 0168 02323,0495184045417"
264,strings,^([30|36|38]{2})([0-9]{12})$,00998930735307
265,strings,^([51|52|53|54|55]{2})([0-9]{14})$,4138889899051590
266,strings,&lt;[^&gt;]+&gt;,&lt;eAf>h&gt;
267,strings,"^\s*[a-zA-Z,\s]+\s*$", 		  	m	 
268,strings,^\d{9}[\d|X]$,2203824866
269,strings,"^([1-zA-Z0-1@.\s]{1,255})$",G?1XK
270,strings,"^[0-9]{1,}(,[0-9]+){0,}$","7370239,552927,569912,826781,051430,270179826,174572809,744"
271,strings,.*[Pp]en[Ii1][\$s].*,6n	2UwpenI$	A2Ccer)j
272,strings,.*[Oo0][Ee][Mm].*,'~#LOeMze^|
274,strings,.*[Pp]re[Ss\$]cr[iI1]pt.*,wprescriptA
275,strings,^(?!^(PRN|AUX|CLOCK\$|NUL|CON|COM\d|LPT\d|\..*)(\..+)?$)[^\x00-\x1f\\?*&lt;&gt;:\;|\&quot;/]+$,Ae>2TvW-nP
276,strings,foo,foo
277,strings,"[\\s+,]",\
278,strings,"^([1-9]{1}[0-9]{3}[,]?)*([1-9]{1}[0-9]{3})$","9269,58867446,972527284905,6693"
279,strings,^[a-zA-Z]$,K
282,strings,^([A-Z]{3}\s?(\d{3}|\d{2}|d{1})\s?[A-Z])|([A-Z]\s?(\d{3}|\d{2}|\d{1})\s?[A-Z]{3})$,C2UHG
283,strings,(&#217;|&#218;|&#219;|&#220;|&#249;|&#250;|&#251;|&#252;|&#181;|&amp;#085;|&amp;#117;|&amp;#181;|&amp;micro;|&amp;#217;|&amp;#218;|&amp;#219;|&amp;#220;|&amp;Ugrave;|&amp;Uacute;|&amp;Ucirc;|&amp;Uuml;|&amp;#249;|&amp;#250;|&amp;#251;&amp;#252;|&amp;ugrave;|&amp;uacute;|&amp;ucirc;|&amp;uuml;),&amp;micro;
284,strings,(&#161;|&#204;|&#205;|&#206;|&#207;|&#236;|&#237;|&#238;|&#239;|&amp;#033;|&amp;#161;|&amp;iexcl;|&amp;#185;|&amp;sup1;|&amp;brvbar;|&amp;Igrave;|&amp;Iacute;|&amp;Icirc;|&amp;Iuml;|&amp;igrave;|&amp;iacute;|&amp;iuml;|&amp;#204;|&amp;#205;|&amp;#206;|&amp;#207;|&amp;#236;|&amp;#237;|&amp;#238;|&amp;#239;|&amp;#073;|&amp;#105;),&amp;#204;
285,strings,(&#210;|&#211;|&#212;|&#213;|&#214;|&#216;|&#240;|&#242;|&#243;|&#244;|&#245;|&#246;|&#248;|&amp;#048;|&amp;#079;|&amp;#111;|&amp;#210;|&amp;#211;|&amp;#212;|&amp;#213;|&amp;#214;|&amp;#216;|&amp;Ograve;|&amp;Oacute;|&amp;Ocirc;|&amp;Otilde;|&amp;Ouml;|&amp;Oslash;|&amp;#242;|&amp;#243;|&amp;#244;|&amp;#245;|&amp;ograve;|&amp;oacute;|&amp;ocirc;|&amp;otilde;|&amp;ouml;|&amp;oslash;),&amp;#048;
286,strings,(&#192;|&#193;|&#194;|&#195;|&#196;|&#197;|&#224;|&#225;|&#226;|&#227;|&#228;|&#229;|&amp;#097;|&amp;#065;|&amp;#064;|&amp;commat;|&amp;alpha;|&amp;#192;|&amp;#193;|&amp;#194;|&amp;#195;|&amp;#196;|&amp;#197;|&amp;Agrave;|&amp;Aacute;|&amp;Acirc;|&amp;Atilde;|&amp;Auml;|&amp;Aring;|&amp;#224;|&amp;#225;|&amp;#226;|&amp;#227;|&amp;#228;|&amp;#229;|&amp;agrave;|&amp;aacute;|&amp;acirc;|&amp;atilde;|&amp;auml;|&amp;aring;),&amp;#228;
287,strings,(&#200;|&#201;|&#202;|&#203;|&#232;|&#233;|&#234;|&#235;|&amp;#069;|&amp;#101;|&amp;#200;|&amp;#201;|&amp;#202;|&amp;#203;|&amp;Egrave;|&amp;Eacute;|&amp;Ecirc;|&amp;Euml;|&amp;#232;|&amp;#233;|&amp;#234;|&amp;#235;|&amp;egrave;|&amp;eacute;|&amp;ecirc;|&amp;euml;),&amp;Egrave;
288,strings,.\{\d\},R{6}
289,strings,"^(?=.*\d)(?=.*[a-z])(?=.*[A-Z]).{8,15}$",|>{49!5E`a#)dI^0_AD?*+r?cZ
290,strings,"(?i)(pharmacy)|((p(.{1,3})?h(.{1,3})?a(.{1,3})?r(.{1,3)?m(.{1,3})?a(.{1,3})?c(.{1,3})?y))",pharmacy
291,strings,(\b)(\w+(\b|\n|\s)){3},Q5 v	G5
292,strings,^\.([rR]([aA][rR]|\d{2})|(\d{3})?)$,.R36
293,strings,^(\d{4}[- ]){3}\d{4}|\d{16}$,4090568225796366
294,strings,(\w+)\s+\1,aB 		aB
295,strings,^\d{3}-\d{2}-\d{4}$,022-90-1812
296,strings,(\d{6}[-\s]?\d{12})|(\d{4}[-\s]?\d{4}[-\s]?\d{4}[-\s]?\d{4}),1242873421614219
297,strings,^((Bob)|(John)|(Mary)).*$(?<!White),BobLF$1+c/	
298,strings,"ISBN\x20(?=.{13}$)\d{1,5}([- ])\d{1,7}\1\d{1,6}\1(\d|X)$","ISBN d""p;>cg_Jhk""(393-972-6060-6"
300,strings,(\w(\s)?)+,Ivld	B2 dY9
301,strings,regex,regex
302,strings,^ISBN\s(?=[-0-9xX ]{13}$)(?:[0-9]+[- ]){3}[0-9]*[xX0-9]$,ISBN	52X Xx0 56x314-398 9381473-174217906
303,strings,.*[\$Ss]pecia[l1]\W[Oo0]ffer.*,w >VzJBrSpecia1;Offer=j}z.iIX
306,strings,.*\$AVE|\$ave.*,.O$AVE
307,strings,^\d{3}\s?\d{3}\s?\d{3}$,391463 134
308,strings,.*[Vv][Ii1]agr.*,FeH~=Kv1agrGM%;
309,strings,"(.)\1{2,}",IIII
310,strings,"^(([a-h,A-H,j-n,J-N,p-z,P-Z,0-9]{9})([a-h,A-H,j-n,J-N,p,P,r-t,R-T,v-z,V-Z,0-9])([a-h,A-H,j-n,J-N,p-z,P-Z,0-9])(\d{6}))$","epY6,yURSmN417390"
311,strings,"^[a-zA-Z]+(([\'\,\.\-][a-zA-Z])?[a-zA-Z]*)*$",SUWoKJbIW'xsuw.nsVEdpGQOSiaCceP-gODz
312,strings,[AaEeIiOoUuYy],y
313,strings,^((A[ABEHKLMPRSTWXYZ])|(B[ABEHKLMT])|(C[ABEHKLR])|(E[ABEHKLMPRSTWXYZ])|(GY)|(H[ABEHKLMPRSTWXYZ])|(J[ABCEGHJKLMNPRSTWXYZ])|(K[ABEHKLMPRSTWXYZ])|(L[ABEHKLMPRSTWXYZ])|(M[AWX])|(N[ABEHLMPRSWXYZ])|(O[ABEHKLMPRSX])|(P[ABCEGHJLMNPRSTWXY])|(R[ABEHKMPRSTWXYZ])|(S[ABCGHJKLMNPRSTWXYZ])|(T[ABEHKLMPRSTWXYZ])|(W[ABEKLMP])|(Y[ABEHKLMPRSTWXYZ])|(Z[ABEHKLMPRSTWXY]))\d{6}([A-D]|\s)$,LT791408 
314,strings,"^(?=.*\d)(?=.*[a-zA-Z])(?!.*[\W_\x7B-\xFF]).{6,15}$",(g4i-ip\$QQPwl})w2
315,strings,"[^\r\n]*""","K8/gGvvlE"""
316,strings,"^(?:[ -~]{10,25}(?:$|(?:[\w!?.])\s))",qI\o>9D2E.
317,strings,"^([4]{1})([0-9]{12,15})$",4447167929463
318,strings,(\S*)+(\u007C)+(\S*),"&{],t>6@`7||||||||F8;M;q"
319,strings,^([A-Z]{3}\s?(\d{3}|\d{2}|d{1})\s?[A-Z])|([A-Z]\s?(\d{3}|\d{2}|\d{1})\s?[A-Z]{3})|(([A-HK-PRSVWY][A-HJ-PR-Y])\s?([0][2-9]|[1-9][0-9])\s?[A-HJ-PR-Z]{3})$,CH03KEH
320,strings,^([34|37]{2})([0-9]{13})$,3|9538199205057
321,strings,"(\S+)\x20{2,}(?=\S+)",MPY){~d3?        .}Zq
322,strings,([^\.\?\!]*)[\.\?\!],vtEy;336&O!
323,strings,^([6011]{4})([0-9]{12})$,6660374782383127
324,strings,(NOT)?(\s*\(*)\s*(\w+)\s*(=|&lt;&gt;|&lt;|&gt;|LIKE|IN)\s*(\(([^\)]*)\)|'([^']*)'|(-?\d*\.?\d+))(\s*\)*\s*)(AND|OR)?,"    	(((((((W_&lt;				 '<E""}_FXwaa' )))))))OR"
326,strings,"^([a-z0-9]+([\-a-z0-9]*[a-z0-9]+)?\.){0,}([a-z0-9]+([\-a-z0-9]*[a-z0-9]+)?){1,63}(\.[a-z0-9]{2,7})+$",gfopmhpo98trdvw6-9fpzz6i.4i7byv2-smx.4h4netulbf9-8l.au1y1.ve36tzvo.y5gfjwff8j0thtgcorwtw8cn3kh-p1bpdy5whnmprxoekhxam-0t6dt3f2vbt04z1803ax5c9nl9chedq6v3nd3wehucajn0rwm28zqisgpnhgxmj4l5r.bpqtliz.q5.idsas3r.57wurne.r55j.uo1u.0z2
327,strings,^(?![0-9]{6})[0-9a-zA-Z]{6}$,TblbNk
329,strings,^(?=((0[1-9]0)|([1-7][1-7]\d)|(00[1-9])|(0[1-9][1-9]))-(?=(([1-9]0)|(0[1-9])|([1-9][1-9]))-(?=((\d{3}[1-9])$|([1-9]\d{3})$|(\d[1-9]\d{2})$|(\d{2}[1-9]\d)$)))),009-14-7932
331,dates and time,^((31(?!\ (Feb(ruary)?|Apr(il)?|June?|(Sep(?=\b|t)t?|Nov)(ember)?)))|((30|29)(?!\ Feb(ruary)?))|(29(?=\ Feb(ruary)?\ (((1[6-9]|[2-9]\d)(0[48]|[2468][048]|[13579][26])|((16|[2468][048]|[3579][26])00)))))|(0?[1-9])|1\d|2[0-8])\ (Jan(uary)?|Feb(ruary)?|Ma(r(ch)?|y)|Apr(il)?|Ju((ly?)|(ne?))|Aug(ust)?|Oct(ober)?|(Sep(?=\b|t)t?|Nov|Dec)(ember)?)\ ((1[6-9]|[2-9]\d)\d{2})$,12 November 1695
332,dates and time,^((([0]?[1-9]|1[0-2])(:|\.)[0-5][0-9]((:|\.)[0-5][0-9])?( )?(AM|am|aM|Am|PM|pm|pM|Pm))|(([0]?[0-9]|1[0-9]|2[0-3])(:|\.)[0-5][0-9]((:|\.)[0-5][0-9])?))$,20.58
333,dates and time,^(((0?[1-9]|1[012])/(0?[1-9]|1\d|2[0-8])|(0?[13456789]|1[012])/(29|30)|(0?[13578]|1[02])/31)/(19|[2-9]\d)\d{2}|0?2/29/((19|[2-9]\d)(0[48]|[2468][048]|[13579][26])|(([2468][048]|[3579][26])00)))$,2/29/7600
335,dates and time,^((\d{2}((0[13578]|1[02])(0[1-9]|[12]\d|3[01])|(0[13456789]|1[012])(0[1-9]|[12]\d|30)|02(0[1-9]|1\d|2[0-8])))|([02468][048]|[13579][26])0229)$,080229
336,dates and time,"^[0,1]?\d{1}\/(([0-2]?\d{1})|([3][0,1]{1}))\/(([1]{1}[9]{1}[9]{1}\d{1})|([2-9]{1}\d{3}))$",3/0/1992
337,dates and time,"^(?=\d)(?:(?!(?:(?:0?[5-9]|1[0-4])(?:\.|-|\/)10(?:\.|-|\/)(?:1582))|(?:(?:0?[3-9]|1[0-3])(?:\.|-|\/)0?9(?:\.|-|\/)(?:1752)))(31(?!(?:\.|-|\/)(?:0?[2469]|11))|30(?!(?:\.|-|\/)0?2)|(?:29(?:(?!(?:\.|-|\/)0?2(?:\.|-|\/))|(?=\D0?2\D(?:(?!000[04]|(?:(?:1[^0-6]|[2468][^048]|[3579][^26])00))(?:(?:(?:\d\d)(?:[02468][048]|[13579][26])(?!\x20BC))|(?:00(?:42|3[0369]|2[147]|1[258]|09)\x20BC))))))|2[0-8]|1\d|0?[1-9])([-.\/])(1[012]|(?:0?[1-9]))\2((?=(?:00(?:4[0-5]|[0-3]?\d)\x20BC)|(?:\d{4}(?:$|(?=\x20\d)\x20)))\d{4}(?:\x20BC)?)(?:$|(?=\x20\d)\x20))?((?:(?:0?[1-9]|1[012])(?::[0-5]\d){0,2}(?:\x20[aApP][mM]))|(?:[01]\d|2[0-3])(?::[0-5]\d){1,2})?$",808:55 pM
339,dates and time,^\d{4}[\-\/\s]?((((0[13578])|(1[02]))[\-\/\s]?(([0-2][0-9])|(3[01])))|(((0[469])|(11))[\-\/\s]?(([0-2][0-9])|(30)))|(02[\-\/\s]?[0-2][0-9]))$,10581125
340,dates and time,20\d{2}(-|\/)((0[1-9])|(1[0-2]))(-|\/)((0[1-9])|([1-2][0-9])|(3[0-1]))(T|\s)(([0-1][0-9])|(2[0-3])):([0-5][0-9]):([0-5][0-9]),2043-04/11 01:23:11
341,dates and time,"^(?=\d)(?:(?:31(?!.(?:0?[2469]|11))|(?:30|29)(?!.0?2)|29(?=.0?2.(?:(?:(?:1[6-9]|[2-9]\d)?(?:0[48]|[2468][048]|[13579][26])|(?:(?:16|[2468][048]|[3579][26])00)))(?:\x20|$))|(?:2[0-8]|1\d|0?[1-9]))([-./])(?:1[012]|0?[1-9])\1(?:1[6-9]|[2-9]\d)?\d\d(?:(?=\x20\d)\x20|$))?(((0?[1-9]|1[012])(:[0-5]\d){0,2}(\x20[AP]M))|([01]\d|2[0-3])(:[0-5]\d){1,2})?$",315:13:17
342,dates and time,^(([0-1]?[0-9])|([2][0-3])):([0-5]?[0-9])(:([0-5]?[0-9]))?$,21:54
343,dates and time,^(((0[1-9]|1[012])/(0[1-9]|1\d|2[0-8])|(0[13456789]|1[012])/(29|30)|(0[13578]|1[02])/31)/[2-9]\d{3}|02/29/(([2-9]\d)(0[48]|[2468][048]|[13579][26])|(([2468][048]|[3579][26])00)))$,07/30/9290
344,dates and time,"^(?:(?:(?:(?:(?:1[6-9]|[2-9]\d)?(?:0[48]|[2468][048]|[13579][26])|(?:(?:16|[2468][048]|[3579][26])00)))(\/|-|\.)(?:0?2\1(?:29)))|(?:(?:(?:1[6-9]|[2-9]\d)?\d{2})(\/|-|\.)(?:(?:(?:0?[13578]|1[02])\2(?:31))|(?:(?:0?[1,3-9]|1[0-2])\2(29|30))|(?:(?:0?[1-9])|(?:1[0-2]))\2(?:0?[1-9]|1\d|2[0-8]))))$",1696.12.30
345,dates and time,^((0[1-9])|(1[0-2]))\/(\d{2})$,04/53
346,dates and time,^((0?[1-9]|[12][1-9]|3[01])\.(0?[13578]|1[02])\.20[0-9]{2}|(0?[1-9]|[12][1-9]|30)\.(0?[13456789]|1[012])\.20[0-9]{2}|(0?[1-9]|1[1-9]|2[0-8])\.(0?[123456789]|1[012])\.20[0-9]{2}|(0?[1-9]|[12][1-9])\.(0?[123456789]|1[012])\.20(00|04|08|12|16|20|24|28|32|36|40|44|48|52|56|60|64|68|72|76|80|84|88|92|96))$,30.10.2014
347,dates and time,^[0-9]{4}-(((0[13578]|(10|12))-(0[1-9]|[1-2][0-9]|3[0-1]))|(02-(0[1-9]|[1-2][0-9]))|((0[469]|11)-(0[1-9]|[1-2][0-9]|30)))$,9415-12-05
348,dates and time,^(\d{2}((0[1-9]|1[012])(0[1-9]|1\d|2[0-8])|(0[13456789]|1[012])(29|30)|(0[13578]|1[02])31)|([02468][048]|[13579][26])0229)$,280530
350,dates and time,^(?:J(anuary|u(ne|ly))|February|Ma(rch|y)|A(pril|ugust)|(((Sept|Nov|Dec)em)|Octo)ber)$,June
351,dates and time,^([0]?[1-9]|[1][0-2])[./-]([0]?[1-9]|[1|2][0-9]|[3][0|1])[./-]([0-9]{4}|[0-9]{2})$,07/10.11
352,dates and time,"^(?=\d)(?:(?!(?:1582(?:\.|-|\/)10(?:\.|-|\/)(?:0?[5-9]|1[0-4]))|(?:1752(?:\.|-|\/)0?9(?:\.|-|\/)(?:0?[3-9]|1[0-3])))(?=(?:(?!000[04]|(?:(?:1[^0-6]|[2468][^048]|[3579][^26])00))(?:(?:\d\d)(?:[02468][048]|[13579][26]))\D0?2\D29)|(?:\d{4}\D(?!(?:0?[2469]|11)\D31)(?!0?2(?:\.|-|\/)(?:29|30))))(\d{4})([-\/.])(0?\d|1[012])\2((?!00)[012]?\d|3[01])(?:$|(?=\x20\d)\x20))?((?:(?:0?[1-9]|1[012])(?::[0-5]\d){0,2}(?:\x20[aApP][mM]))|(?:[01]\d|2[0-3])(?::[0-5]\d){1,2})?$",46261%4783-11-31
353,dates and time,(((0[123456789]|10|11|12)([/])(([1][9][0-9][0-9])|([2][0-9][0-9][0-9])))),12/2745
354,dates and time,^((((0?[1-9]|[12]\d|3[01])[\.\-\/](0?[13578]|1[02])[\.\-\/]((1[6-9]|[2-9]\d)?\d{2}))|((0?[1-9]|[12]\d|30)[\.\-\/](0?[13456789]|1[012])[\.\-\/]((1[6-9]|[2-9]\d)?\d{2}))|((0?[1-9]|1\d|2[0-8])[\.\-\/]0?2[\.\-\/]((1[6-9]|[2-9]\d)?\d{2}))|(29[\.\-\/]0?2[\.\-\/]((1[6-9]|[2-9]\d)?(0[48]|[2468][048]|[13579][26])|((16|[2468][048]|[3579][26])00)|00)))|(((0[1-9]|[12]\d|3[01])(0[13578]|1[02])((1[6-9]|[2-9]\d)?\d{2}))|((0[1-9]|[12]\d|30)(0[13456789]|1[012])((1[6-9]|[2-9]\d)?\d{2}))|((0[1-9]|1\d|2[0-8])02((1[6-9]|[2-9]\d)?\d{2}))|(2902((1[6-9]|[2-9]\d)?(0[48]|[2468][048]|[13579][26])|((16|[2468][048]|[3579][26])00)|00))))$,29-02/6000
356,dates and time,"(((0[1-9]|[12][0-9]|3[01])([/])(0[13578]|10|12)([/])([1-2][0,9][0-9][0-9]))|(([0][1-9]|[12][0-9]|30)([/])(0[469]|11)([/])([1-2][0,9][0-9][0-9]))|((0[1-9]|1[0-9]|2[0-8])([/])(02)([/])([1-2][0,9][0-9][0-9]))|((29)(\.|-|\/)(02)([/])([02468][048]00))|((29)([/])(02)([/])([13579][26]00))|((29)([/])(02)([/])([0-9][0-9][0][48]))|((29)([/])(02)([/])([0-9][0-9][2468][048]))|((29)([/])(02)([/])([0-9][0-9][13579][26])))",29/02/7468
357,dates and time,"^((\d{2}(([02468][048])|([13579][26]))[\-\/\s]?((((0?[13578])|(1[02]))[\-\/\s]?((0?[1-9])|([1-2][0-9])|(3[01])))|(((0?[469])|(11))[\-\/\s]?((0?[1-9])|([1-2][0-9])|(30)))|(0?2[\-\/\s]?((0?[1-9])|([1-2][0-9])))))|(\d{2}(([02468][1235679])|([13579][01345789]))[\-\/\s]?((((0?[13578])|(1[02]))[\-\/\s]?((0?[1-9])|([1-2][0-9])|(3[01])))|(((0?[469])|(11))[\-\/\s]?((0?[1-9])|([1-2][0-9])|(30)))|(0?2[\-\/\s]?((0?[1-9])|(1[0-9])|(2[0-8]))))))(\s(((0?[1-9])|(1[0-2]))\:([0-5][0-9])((\s)|(\:([0-5][0-9])\s))([AM|PM|am|pm]{2,2})))?$",9756 330
359,dates and time,^([2-9]\d{3}((0[1-9]|1[012])(0[1-9]|1\d|2[0-8])|(0[13456789]|1[012])(29|30)|(0[13578]|1[02])31)|(([2-9]\d)(0[48]|[2468][048]|[13579][26])|(([2468][048]|[3579][26])00))0229)$,20200327
360,dates and time,^([1-9]|1[0-2]|0[1-9]){1}(:[0-5][0-9][aApP][mM]){1}$,04:29PM
361,dates and time,^([01]\d|2[0123])([0-5]\d){2}$,215001
362,dates and time,^((0[1-9])|(1[0-2]))\/(\d{4})$,08/8224
363,dates and time,((\d{2})|(\d))\/((\d{2})|(\d))\/((\d{4})|(\d{2})),8/5/4260
364,dates and time,^((0[1-9])|(1[0-2]))$,08
365,dates and time,^(((0[1-9]|[12]\d|3[01])\/(0[13578]|1[02])\/((19|[2-9]\d)\d{2}))|((0[1-9]|[12]\d|30)\/(0[13456789]|1[012])\/((19|[2-9]\d)\d{2}))|((0[1-9]|1\d|2[0-8])\/02\/((19|[2-9]\d)\d{2}))|(29\/02\/((1[6-9]|[2-9]\d)(0[48]|[2468][048]|[13579][26])|((16|[2468][048]|[3579][26])00))))$,30/10/1926
366,dates and time,"^((((31\/(0?[13578]|1[02]))|((29|30)\/(0?[1,3-9]|1[0-2])))\/(1[6-9]|[2-9]\d)?\d{2})|(29\/0?2\/(((1[6-9]|[2-9]\d)?(0[48]|[2468][048]|[13579][26])|((16|[2468][048]|[3579][26])00))))|(0?[1-9]|1\d|2[0-8])\/((0?[1-9])|(1[0-2]))\/((1[6-9]|[2-9]\d)?\d{2})) (20|21|22|23|[0-1]?\d):[0-5]?\d:[0-5]?\d$",17/09/34 21:00:7
367,dates and time,^(((((((0?[13578])|(1[02]))[\.\-/]?((0?[1-9])|([12]\d)|(3[01])))|(((0?[469])|(11))[\.\-/]?((0?[1-9])|([12]\d)|(30)))|((0?2)[\.\-/]?((0?[1-9])|(1\d)|(2[0-8]))))[\.\-/]?(((19)|(20))?([\d][\d]))))|((0?2)[\.\-/]?(29)[\.\-/]?(((19)|(20))?(([02468][048])|([13579][26])))))$,022916
368,dates and time,(0?[1-9]|[12][0-9]|3[01])[/ -](0?[1-9]|1[12])[/ -](19[0-9]{2}|[2][0-9][0-9]{2}),30-12 1955
369,dates and time,^([0-1]?[0-9]|[2][0-3]):([0-5][0-9])$,18:50
370,dates and time,^(([1-9]|[0-2]\d|[3][0-1])\.([1-9]|[0]\d|[1][0-2])\.[2][0]\d{2})$|^(([1-9]|[0-2]\d|[3][0-1])\.([1-9]|[0]\d|[1][0-2])\.[2][0]\d{2}\s([1-9]|[0-1]\d|[2][0-3])\:[0-5]\d)$,31.11.2096
371,dates and time,^([0]?[1-9]|[1|2][0-9]|[3][0|1])[./-]([0]?[1-9]|[1][0-2])[./-]([0-9]{4}|[0-9]{2})$,2-12/66
372,dates and time,^(((0?[1-9]|[12]\d|3[01])[\.\-\/](0?[13578]|1[02])[\.\-\/]((1[6-9]|[2-9]\d)?\d{2}|\d))|((0?[1-9]|[12]\d|30)[\.\-\/](0?[13456789]|1[012])[\.\-\/]((1[6-9]|[2-9]\d)?\d{2}|\d))|((0?[1-9]|1\d|2[0-8])[\.\-\/]0?2[\.\-\/]((1[6-9]|[2-9]\d)?\d{2}|\d))|(29[\.\-\/]0?2[\.\-\/]((1[6-9]|[2-9]\d)?(0[48]|[2468][048]|[13579][26])|((16|[2468][048]|[3579][26])00)|00|[048])))$,29.02/0
375,dates and time,^(((0?[1-9]|[12]\d|3[01])[\.\-\/](0?[13578]|1[02])[\.\-\/]((1[6-9]|[2-9]\d)?\d{2}))|((0?[1-9]|[12]\d|30)[\.\-\/](0?[13456789]|1[012])[\.\-\/]((1[6-9]|[2-9]\d)?\d{2}))|((0?[1-9]|1\d|2[0-8])[\.\-\/]0?2[\.\-\/]((1[6-9]|[2-9]\d)?\d{2}))|(29[\.\-\/]0?2[\.\-\/]((1[6-9]|[2-9]\d)?(0[48]|[2468][048]|[13579][26])|((16|[2468][048]|[3579][26])00)|00)))$,29/02-1600
376,dates and time,"^\d{1,2}\/\d{1,2}\/\d{4}$",5/92/5896
377,dates and time,((([0][1-9]|[12][\d])|[3][01])[-/]([0][13578]|[1][02])[-/][1-9]\d\d\d)|((([0][1-9]|[12][\d])|[3][0])[-/]([0][13456789]|[1][012])[-/][1-9]\d\d\d)|(([0][1-9]|[12][\d])[-/][0][2][-/][1-9]\d([02468][048]|[13579][26]))|(([0][1-9]|[12][0-8])[-/][0][2][-/][1-9]\d\d\d),09-02-8104
378,dates and time,((^(10|12|0?[13578])(3[01]|[12][0-9]|0?[1-9])((1[8-9]\d{2})|([2-9]\d{3}))$)|(^(11|0?[469])(30|[12][0-9]|0?[1-9])((1[8-9]\d{2})|([2-9]\d{3}))$)|(^(0?2)(2[0-8]|1[0-9]|0?[1-9])((1[8-9]\d{2})|([2-9]\d{3}))$)|(^(0?2)(29)([2468][048]00)$)|(^(0?2)(29)([3579][26]00)$)|(^(0?2)(29)([1][89][0][48])$)|(^(0?2)(29)([2-9][0-9][0][48])$)|(^(0?2)(29)([1][89][2468][048])$)|(^(0?2)(29)([2-9][0-9][2468][048])$)|(^(0?2)(29)([1][89][13579][26])$)|(^(0?2)(29)([2-9][0-9][13579][26])$)),2171839
379,dates and time,"^(?=\d)(?:(?:(?:(?:(?:0?[13578]|1[02])(\/|-|\.)31)\1|(?:(?:0?[1,3-9]|1[0-2])(\/|-|\.)(?:29|30)\2))(?:(?:1[6-9]|[2-9]\d)?\d{2})|(?:0?2(\/|-|\.)29\3(?:(?:(?:1[6-9]|[2-9]\d)?(?:0[48]|[2468][048]|[13579][26])|(?:(?:16|[2468][048]|[3579][26])00))))|(?:(?:0?[1-9])|(?:1[0-2]))(\/|-|\.)(?:0?[1-9]|1\d|2[0-8])\4(?:(?:1[6-9]|[2-9]\d)?\d{2}))($|\ (?=\d)))?(((0?[1-9]|1[012])(:[0-5]\d){0,2}(\ [AP]M))|([01]\d|2[0-3])(:[0-5]\d){1,2})?$",0
380,dates and time,^((31(?! (FEB|APR|JUN|SEP|NOV)))|((30|29)(?! FEB))|(29(?= FEB (((1[6-9]|[2-9]\d)(0[48]|[2468][048]|[13579][26])|((16|[2468][048]|[3579][26])00)))))|(0?[1-9])|1\d|2[0-8])-(JAN|FEB|MAR|MAY|APR|JUL|JUN|AUG|OCT|SEP|NOV|DEC)-((1[6-9]|[2-9]\d)\d{2})$,29-OCT-1650
381,dates and time,^[0-9]{4}((0[1-9])|(1[0-2]))$,128711
382,dates and time,(((0[1-9]|[12][0-9]|3[01])([-./])(0[13578]|10|12)([-./])(\d{4}))|(([0][1-9]|[12][0-9]|30)([-./])(0[469]|11)([-./])(\d{4}))|((0[1-9]|1[0-9]|2[0-8])([-./])(02)([-./])(\d{4}))|((29)(\.|-|\/)(02)([-./])([02468][048]00))|((29)([-./])(02)([-./])([13579][26]00))|((29)([-./])(02)([-./])([0-9][0-9][0][48]))|((29)([-./])(02)([-./])([0-9][0-9][2468][048]))|((29)([-./])(02)([-./])([0-9][0-9][13579][26]))),29.02-5536
383,dates and time,"^(((((0[1-9])|(1\d)|(2[0-8]))-((0[1-9])|(1[0-2])))|((31-((0[13578])|(1[02])))|((29|30)-((0[1,3-9])|(1[0-2])))))-((20[0-9][0-9]))|(29-02-20(([02468][048])|([13579][26]))))$",29-02-2020
384,dates and time,^(([0-2]\d|[3][0-1])\/([0]\d|[1][0-2])\/[2][0]\d{2})$|^(([0-2]\d|[3][0-1])\/([0]\d|[1][0-2])\/[2][0]\d{2}\s([0-1]\d|[2][0-3])\:[0-5]\d\:[0-5]\d)$,23/11/2081
385,dates and time,"^(((((0[13578])|([13578])|(1[02]))[\-\/\s]?((0[1-9])|([1-9])|([1-2][0-9])|(3[01])))|((([469])|(11))[\-\/\s]?((0[1-9])|([1-9])|([1-2][0-9])|(30)))|((02|2)[\-\/\s]?((0[1-9])|([1-9])|([1-2][0-9]))))[\-\/\s]?\d{4})(\s(((0[1-9])|([1-9])|(1[0-2]))\:([0-5][0-9])((\s)|(\:([0-5][0-9])\s))([AM|PM|am|pm]{2,2})))?$",11-6011712:55AA
386,dates and time,(([0-1][0-9])|([2][0-3])):([0-5][0-9]):([0-5][0-9]),22:56:34
387,dates and time,"^([0]\d|[1][0-2])\/([0-2]\d|[3][0-1])\/([2][01]|[1][6-9])\d{2}(\s([0-1]\d|[2][0-3])(\:[0-5]\d){1,2})?$",03/22/1732
388,dates and time,^((0?[13578]|10|12)(-|\/)(([1-9])|(0[1-9])|([12])([0-9]?)|(3[01]?))(-|\/)((19)([2-9])(\d{1})|(20)([01])(\d{1})|([8901])(\d{1}))|(0?[2469]|11)(-|\/)(([1-9])|(0[1-9])|([12])([0-9]?)|(3[0]?))(-|\/)((19)([2-9])(\d{1})|(20)([01])(\d{1})|([8901])(\d{1})))$,12/04-89
389,dates and time,(^([0-9]|[0-1][0-9]|[2][0-3]):([0-5][0-9])$)|(^([0-9]|[1][0-9]|[2][0-3])$),20
390,dates and time,^(((\d{4})(0[13578]|10|12)(0[1-9]|[12][0-9]|3[01]))|((\d{4})(0[469]|11)([0][1-9]|[12][0-9]|30))|((\d{4})(02)(0[1-9]|1[0-9]|2[0-8]))|(([02468][048]00)(02)(29))|(([13579][26]00) (02)(29))|(([0-9][0-9][0][48])(02)(29))|(([0-9][0-9][2468][048])(02)(29))|(([0-9][0-9][13579][26])(02)(29))|(00000000)|(88888888)|(99999999))?$,93080229
391,dates and time,"^((((([0-1]?\d)|(2[0-8]))\/((0?\d)|(1[0-2])))|(29\/((0?[1,3-9])|(1[0-2])))|(30\/((0?[1,3-9])|(1[0-2])))|(31\/((0?[13578])|(1[0-2]))))\/((19\d{2})|([2-9]\d{3}))|(29\/0?2\/(((([2468][048])|([3579][26]))00)|(((19)|([2-9]\d))(([2468]0)|([02468][48])|([13579][26]))))))\s(([01]?\d)|(2[0-3]))(:[0-5]?\d){2}$",30/04/5813 22:3:2
392,dates and time,^(([1-9])|(0[1-9])|(1[0-2]))\/((0[1-9])|([1-31]))\/((\d{2})|(\d{4}))$,05/1/7299
393,dates and time,"^((0?[1-9]|1[012])(:[0-5]\d){0,2}(\ [AP]M))$|^([01]\d|2[0-3])(:[0-5]\d){0,2}$",12 PM
394,dates and time,(^|\s|\()((([1-9]){1}|([0][1-9]){1}|([1][012]){1}){1}[\/-]((2[0-9]){1}|(3[01]){1}|([01][1-9]){1}|([1-9]){1}){1}[\/-](((19|20)([0-9][0-9]){1}|([0-9][0-9]){1})){1}(([\s|\)|:])|(^|\s|\()((([0-9]){1}|([0][1-9]){1}|([1][012]){1}){1}[\/-](([11-31]){1}|([01][1-9]){1}|([1-9]){1}){1}[\/-](((19|20)([0-9][0-9]){1}|([0-9][0-9]){1})){1}(([\s|\)|:|$|\&gt;])){1}){1}){1}){1},1/23-2080 
395,dates and time,"^(([1-9])|(0[1-9])|(1[0-2]))\/(([0-9])|([0-2][0-9])|(3[0-1]))\/(([0-9][0-9])|([1-2][0,9][0-9][0-9]))$",12/00/1098
396,dates and time,^(((0[1-9]|[12]\d|3[01])\/(0[13578]|1[02])\/((1[6-9]|[2-9]\d)\d{2}))|((0[1-9]|[12]\d|30)\/(0[13456789]|1[012])\/((1[6-9]|[2-9]\d)\d{2}))|((0[1-9]|1\d|2[0-8])\/02\/((1[6-9]|[2-9]\d)\d{2}))|(29\/02\/((1[6-9]|[2-9]\d)(0[48]|[2468][048]|[13579][26])|((16|[2468][048]|[3579][26])00))))$,23/10/7271
397,dates and time,((0?[13578]|10|12)(-|\/)((0[0-9])|([12])([0-9]?)|(3[01]?))(-|\/)((\d{4})|(\d{2}))|(0?[2469]|11)(-|\/)((0[0-9])|([12])([0-9]?)|(3[0]?))(-|\/)((\d{4}|\d{2}))),11/20-76
398,dates and time,(\d{2}|\d{4})(?:\-)?([0]{1}\d{1}|[1]{1}[0-2]{1})(?:\-)?([0-2]{1}\d{1}|[3]{1}[0-1]{1})(?:\s)?([0-1]{1}\d{1}|[2]{1}[0-3]{1})(?::)?([0-5]{1}\d{1})(?::)?([0-5]{1}\d{1}),53-08-3020:12:44
399,dates and time,"(?=\d)^(?:(?!(?:10\D(?:0?[5-9]|1[0-4])\D(?:1582))|(?:0?9\D(?:0?[3-9]|1[0-3])\D(?:1752)))((?:0?[13578]|1[02])|(?:0?[469]|11)(?!\/31)(?!-31)(?!\.31)|(?:0?2(?=.?(?:(?:29.(?!000[04]|(?:(?:1[^0-6]|[2468][^048]|[3579][^26])00))(?:(?:(?:\d\d)(?:[02468][048]|[13579][26])(?!\x20BC))|(?:00(?:42|3[0369]|2[147]|1[258]|09)\x20BC))))))|(?:0?2(?=.(?:(?:\d\D)|(?:[01]\d)|(?:2[0-8])))))([-.\/])(0?[1-9]|[12]\d|3[01])\2(?!0000)((?=(?:00(?:4[0-5]|[0-3]?\d)\x20BC)|(?:\d{4}(?!\x20BC)))\d{4}(?:\x20BC)?)(?:$|(?=\x20\d)\x20))?((?:(?:0?[1-9]|1[012])(?::[0-5]\d){0,2}(?:\x20[aApP][mM]))|(?:[01]\d|2[0-3])(?::[0-5]\d){1,2})?$",50229$8748.5.0029 BC5117 6 09:52
400,dates and time,"^(?=\d)(?:(?:31(?!.(?:0?[2469]|11))|(?:30|29)(?!.0?2)|29(?=.0?2.(?:(?:(?:1[6-9]|[2-9]\d)?(?:0[48]|[2468][048]|[13579][26])|(?:(?:16|[2468][048]|[3579][26])00)))(?:\x20|$))|(?:2[0-8]|1\d|0?[1-9]))([-./])(?:1[012]|0?[1-9])\1(?:1[6-9]|[2-9]\d)?\d\d)?(\x20?((0?[1-9]|1[012])(:[0-5]\d){0,2}(\x20[AP]M))|([01]\d|2[0-3])(:[0-5]\d){1,2})?$",820:19
401,dates and time,^((31(?! (FEB|APR|JUN|SEP|NOV)))|(30|29)|(0[1-9])|1\d|2[0-8]) (JAN|FEB|MAR|MAY|APR|JUL|JUN|AUG|OCT|SEP|NOV|DEC)$,31 MAY
403,dates and time,"(^([0-9]|[0-1][0-9]|[2][0-3]):([0-5][0-9])(\s{0,1})([AM|PM|am|pm]{2,2})$)|(^([0-9]|[1][0-9]|[2][0-3])(\s{0,1})([AM|PM|am|pm]{2,2})$)",02:57aP
404,dates and time,"^(0{0,1}[1-9]|[12][0-9]|3[01])[- /.](0{0,1}[1-9]|1[012])[- /.](\d{2}|\d{4})$",15 04 35
405,dates and time,"^((((19|20)(([02468][048])|([13579][26]))-02-29))|((20[0-9][0-9])|(19[0-9][0-9]))-((((0[1-9])|(1[0-2]))-((0[1-9])|(1\d)|(2[0-8])))|((((0[13578])|(1[02]))-31)|(((0[1,3-9])|(1[0-2]))-(29|30)))))$",1965-09-29
406,dates and time,^([0-1]?\d|2[0-3]):([0-5]\d)$,20:47
408,dates and time,[-+]((0[0-9]|1[0-3]):([03]0|45)|14:00),-06:30
409,dates and time,"^(20|21|22|23|[01]\d|\d)(([:.][0-5]\d){1,2})$",6:39
410,dates and time,"^(((((0[1-9])|(1\d)|(2[0-8]))/((0[1-9])|(1[0-2])))|((31/((0[13578])|(1[02])))|((29|30)/((0[1,3-9])|(1[0-2])))))/((20[0-9][0-9]))|((((0[1-9])|(1\d)|(2[0-8]))/((0[1-9])|(1[0-2])))|((31/((0[13578])|(1[02])))|((29|30)/((0[1,3-9])|(1[0-2])))))/((19[0-9][0-9]))|(29/02/20(([02468][048])|([13579][26])))|(29/02/19(([02468][048])|([13579][26]))))$",29/06/2009
411,dates and time,^(((0[1-9]|[12]\d|3[01])\/(0[13578]|1[02])\/(\d{2}))|((0[1-9]|[12]\d|30)\/(0[13456789]|1[012])\/(\d{2}))|((0[1-9]|1\d|2[0-8])\/02\/(\d{2}))|(29\/02\/((0[48]|[2468][048]|[13579][26])|(00))))$,05/10/73
413,dates and time,^((((0[13578])|([13578])|(1[02]))[\/](([1-9])|([0-2][0-9])|(3[01])))|(((0[469])|([469])|(11))[\/](([1-9])|([0-2][0-9])|(30)))|((2|02)[\/](([1-9])|([0-2][0-9]))))[\/]\d{4}$|^\d{4}$,08/2/2451
415,dates and time,^(([8]))$|^((([0-7]))$|^((([0-7])).?((25)|(50)|(5)|(75)|(0)|(00))))$,2
416,dates and time,"^(\d{1,2})(\s?(H|h)?)(:([0-5]\d))?$",41H:25
417,dates and time,"^(?:(((Jan(uary)?|Ma(r(ch)?|y)|Jul(y)?|Aug(ust)?|Oct(ober)?|Dec(ember)?)\ 31)|((Jan(uary)?|Ma(r(ch)?|y)|Apr(il)?|Ju((ly?)|(ne?))|Aug(ust)?|Oct(ober)?|(Sept|Nov|Dec)(ember)?)\ (0?[1-9]|([12]\d)|30))|(Feb(ruary)?\ (0?[1-9]|1\d|2[0-8]|(29(?=,\ ((1[6-9]|[2-9]\d)(0[48]|[2468][048]|[13579][26])|((16|[2468][048]|[3579][26])00)))))))\,\ ((1[6-9]|[2-9]\d)\d{2}))","February 12, 1745"
418,dates and time,^(((0[13578]|10|12)([-./])(0[1-9]|[12][0-9]|3[01])([-./])(\d{4}))|((0[469]|11)([-./])([0][1-9]|[12][0-9]|30)([-./])(\d{4}))|((02)([-./])(0[1-9]|1[0-9]|2[0-8])([-./])(\d{4}))|((02)(\.|-|\/)(29)([-./])([02468][048]00))|((02)([-./])(29)([-./])([13579][26]00))|((02)([-./])(29)([-./])([0-9][0-9][0][48]))|((02)([-./])(29)([-./])([0-9][0-9][2468][048]))|((02)([-./])(29)([-./])([0-9][0-9][13579][26])))$,02/29/7888
419,dates and time,^( [1-9]|[1-9]|0[1-9]|10|11|12)[0-5]\d$,1047
420,dates and time,^(?:(?:(?:0?[13578]|1[02])(\/|-|\.)31)\1|(?:(?:0?[13-9]|1[0-2])(\/|-|\.)(?:29|30)\2))(?:(?:1[6-9]|[2-9]\d)?\d{2})$|^(?:0?2(\/|-|\.)29\3(?:(?:(?:1[6-9]|[2-9]\d)?(?:0[48]|[2468][048]|[13579][26])|(?:(?:16|[2468][048]|[3579][26])00))))$|^(?:(?:0?[1-9])|(?:1[0-2]))(\/|-|\.)(?:0?[1-9]|1\d|2[0-8])\4(?:(?:1[6-9]|[2-9]\d)?\d{2})$,10.03.61
421,dates and time,^([0-1][0-9]|[2][0-3]):([0-5][0-9])$,02:15
422,dates and time,^(20|21|22|23|[0-1]\d)[0-5]\d$,2122
423,dates and time,^(0[1-9]|1[0-2])\/((0[1-9]|2\d)|3[0-1])\/(19\d\d|200[0-3])$,09/01/2001
424,dates and time,"^((((([13578])|(1[0-2]))[\-\/\s]?(([1-9])|([1-2][0-9])|(3[01])))|((([469])|(11))[\-\/\s]?(([1-9])|([1-2][0-9])|(30)))|(2[\-\/\s]?(([1-9])|([1-2][0-9]))))[\-\/\s]?\d{4})(\s((([1-9])|(1[02]))\:([0-5][0-9])((\s)|(\:([0-5][0-9])\s))([AM|PM|am|pm]{2,2})))?$",26133112:19:41 aA
425,dates and time,(((0[13578]|10|12)([-./])(0[1-9]|[12][0-9]|3[01])([-./])(\d{4}))|((0[469]|11)([-./])([0][1-9]|[12][0-9]|30)([-./])(\d{4}))|((2)([-./])(0[1-9]|1[0-9]|2[0-8])([-./])(\d{4}))|((2)(\.|-|\/)(29)([-./])([02468][048]00))|((2)([-./])(29)([-./])([13579][26]00))|((2)([-./])(29)([-./])([0-9][0-9][0][48]))|((2)([-./])(29)([-./])([0-9][0-9][2468][048]))|((2)([-./])(29)([-./])([0-9][0-9][13579][26]))),2-29-8400
426,dates and time,((0[1-9])|(1[02]))/\d{2},10/47
427,dates and time,"^((((0?[13578])|(1[02]))[\/|\-]?((0?[1-9]|[0-2][0-9])|(3[01])))|(((0?[469])|(11))[\/|\-]?((0?[1-9]|[0-2][0-9])|(30)))|(0?[2][\/\-]?(0?[1-9]|[0-2][0-9])))[\/\-]?\d{2,4}$",9-30850
428,dates and time,^(Sun|Mon|(T(ues|hurs))|Fri)(day|\.)?$|Wed(\.|nesday)?$|Sat(\.|urday)?$|T((ue?)|(hu?r?))\.?$,Fri.
429,dates and time,^(([0]?[1-9]|1[0-2])/([0-2]?[0-9]|3[0-1])/[1-2]\d{3})? ?((([0-1]?\d)|(2[0-3])):[0-5]\d)?(:[0-5]\d)? ?(AM|am|PM|pm)?$,10/05/211213:43 
430,dates and time,"^(?:(?:(?:0?[1-9]|1\d|2[0-8])\/(?:0?[1-9]|1[0-2]))\/(?:(?:1[6-9]|[2-9]\d)\d{2}))$|^(?:(?:(?:31\/0?[13578]|1[02])|(?:(?:29|30)\/(?:0?[1,3-9]|1[0-2])))\/(?:(?:1[6-9]|[2-9]\d)\d{2}))$|^(?:29\/0?2\/(?:(?:(?:1[6-9]|[2-9]\d)(?:0[48]|[2468][048]|[13579][26]))))$",8/12/8490
431,dates and time,^\d{2}\s{1}(Jan|Feb|Mar|Apr|May|Jun|Jul|Apr|Sep|Oct|Nov|Dec)\s{1}\d{4}$,83Apr4424
432,dates and time,(((0[1-9]|[12][0-9]|3[01])([/])(0[13578]|10|12)([/])(\d{4}))|(([0][1-9]|[12][0-9]|30)([/])(0[469]|11)([/])(\d{4}))|((0[1-9]|1[0-9]|2[0-8])([/])(02)([/])(\d{4}))|((29)(\.|-|\/)(02)([/])([02468][048]00))|((29)([/])(02)([/])([13579][26]00))|((29)([/])(02)([/])([0-9][0-9][0][48]))|((29)([/])(02)([/])([0-9][0-9][2468][048]))|((29)([/])(02)([/])([0-9][0-9][13579][26]))),29/02/9972
433,dates and time,"^((((((0?[13578])|(1[02]))[\-\/\s]?((0?[1-9])|([1-2][0-9])|(3[01])))|(((0?[469])|(11))[\-\/\s]?((0?[1-9])|([1-2][0-9])|(30)))|(0?2[\-\/\s]?((0?[1-9])|([1-2][0-9]))))[\-\/\s]?\d{2}(([02468][048])|([13579][26])))|(((((0?[13578])|(1[02]))[\-\/\s]?((0?[1-9])|([1-2][0-9])|(3[01])))|(((0?[469])|(11))[\-\/\s]?((0?[1-9])|([1-2][0-9])|(30)))|(0?2[\-\/\s]?((0?[1-9])|(1[0-9])|(2[0-8]))))[\-\/\s]?\d{2}(([02468][1235679])|([13579][01345789]))))(\s(((0?[1-9])|(1[0-2]))\:([0-5][0-9])((\s)|(\:([0-5][0-9])\s))([AM|PM|am|pm]{2,2})))?$",330-2872	9:45:36a|
434,dates and time,^(3[0-1]|2[0-9]|1[0-9]|0[1-9])[\s{1}|\/|-](Jan|JAN|Feb|FEB|Mar|MAR|Apr|APR|May|MAY|Jun|JUN|Jul|JUL|Aug|AUG|Sep|SEP|Oct|OCT|Nov|NOV|Dec|DEC)[\s{1}|\/|-]\d{4}$,08DEC3492
436,dates and time,^([0-9]{2})(00[1-9]|0[1-9][0-9]|[1-2][0-9][0-9]|3[0-5][0-9]|36[0-6])$,30090
437,dates and time,^((31(?! (FEB|APR|JUN|SEP|NOV)))|((30|29)(?! FEB))|(29(?= FEB (((1[6-9]|[2-9]\d)(0[48]|[2468][048]|[13579][26])|((16|[2468][048]|[3579][26])00)))))|(0?[1-9])|1\d|2[0-8]) (JAN|FEB|MAR|MAY|APR|JUL|JUN|AUG|OCT|SEP|NOV|DEC) ((1[6-9]|[2-9]\d)\d{2})$,29 FEB 6000 FEB 8152
438,dates and time,"^(((\d{4}((0[13578]|1[02])(0[1-9]|[12]\d|3[01])|(0[13456789]|1[012])(0[1-9]|[12]\d|30)|02(0[1-9]|1\d|2[0-8])))|((\d{2}[02468][048]|\d{2}[13579][26]))0229)){0,8}$",5016022966520229
439,dates and time,"^(Jan|Feb|Mar|Apr|May|Jun|Jul|Aug|Sep|Oct|Nov|Dec)\,*\s\s*\d{4}$|^(jan|feb|mar|apr|may|jun|jul|aug|sep|oct|nov|dec)\,*\s\d{4}$|^(January|February|March|April|May|June|July|August|September|October|November|December)\,*\s\d{4}$|^(january|february|march|april|may|june|july|august|september|october|november|december)\,*\s\d{4}$","march,,,,,,,1772"
440,dates and time,^(([0-9])|([0-1][0-9])|([2][0-3])):?([0-5][0-9])$,2016
441,dates and time,(^((((0[1-9])|([1-2][0-9])|(3[0-1]))|([1-9]))\x2F(((0[1-9])|(1[0-2]))|([1-9]))\x2F(([0-9]{2})|(((19)|([2]([0]{1})))([0-9]{2}))))$),3/4/69
442,dates and time,^(([0-9])|([0-1][0-9])|([2][0-3])):(([0-9])|([0-5][0-9]))$,2:38
444,dates and time,^(([1-9]{1})|([0-1][1-2])|(0[1-9])|([1][0-2])):([0-5][0-9])(([aA])|([pP]))[mM]$,08:59pm
445,dates and time,^((31(?!\ (Apr(il)?|June?|(Sept|Nov)(ember)?)))|((30|29)(?!\ Feb(ruary)?))|(29(?=\ Feb(ruary)?\ (((1[6-9]|[2-9]\d)(0[48]|[2468][048]|[13579][26])|((16|[2468][048]|[3579][26])00)))))|(0?[1-9])|1\d|2[0-8])\ (Jan(uary)?|Feb(ruary)?|Ma(r(ch)?|y)|Apr(il)?|Ju((ly?)|(ne?))|Aug(ust)?|Oct(ober)?|(Sept|Nov|Dec)(ember)?)\ ((1[6-9]|[2-9]\d)\d{2})$,31 Aug 4356
446,dates and time,"(^(((([1-9])|([0][1-9])|([1-2][0-9])|(30))\-([A,a][P,p][R,r]|[J,j][U,u][N,n]|[S,s][E,e][P,p]|[N,n][O,o][V,v]))|((([1-9])|([0][1-9])|([1-2][0-9])|([3][0-1]))\-([J,j][A,a][N,n]|[M,m][A,a][R,r]|[M,m][A,a][Y,y]|[J,j][U,u][L,l]|[A,a][U,u][G,g]|[O,o][C,c][T,t]|[D,d][E,e][C,c])))\-[0-9]{4}$)|(^(([1-9])|([0][1-9])|([1][0-9])|([2][0-8]))\-([F,f][E,e][B,b])\-[0-9]{2}(([02468][1235679])|([13579][01345789]))$)|(^(([1-9])|([0][1-9])|([1][0-9])|([2][0-9]))\-([F,f][E,e][B,b])\-[0-9]{2}(([02468][048])|([13579][26]))$)","02-J,,-5067"
447,dates and time,29\sFebruary\s((0[48]|[2468][048]|[13579][26])00|[0-9]{2}(0[48]|[2468][048]|[13579][26])),29February	3864
448,dates and time,^(([1-9]{1})|([0-1][0-9])|([1-2][0-3])):([0-5][0-9])$,6:35
450,dates and time,"^([0]\d|[1][0-2])\/([0-2]\d|[3][0-1])\/([2][01]|[1][6-9])\d{2}(\s([0]\d|[1][0-2])(\:[0-5]\d){1,2})*\s*([aApP][mM]{0,2})?$",04/30/2085	08:09	11:07:23	03:58:36 03:39:05	
451,dates and time,^(([0]?[1-9]|1[0-2])(:)([0-5][0-9]))$,12:11
452,dates and time,^ *(1[0-2]|[1-9]):[0-5][0-9] *(a|p|A|P)(m|M) *$,     11:08  Pm  
453,dates and time,"^(?:(?:31(\/|-|\.)(?:0?[13578]|1[02]))\1|(?:(?:29|30)(\/|-|\.)(?:0?[1,3-9]|1[0-2])\2))(?:(?:1[6-9]|[2-9]\d)?\d{2})$|^(?:29(\/|-|\.)0?2\3(?:(?:(?:1[6-9]|[2-9]\d)?(?:0[48]|[2468][048]|[13579][26])|(?:(?:16|[2468][048]|[3579][26])00))))$|^(?:0?[1-9]|1\d|2[0-8])(\/|-|\.)(?:(?:0?[1-9])|(?:1[0-2]))\4(?:(?:1[6-9]|[2-9]\d)?\d{2})$",30.12.9916
454,dates and time,"(^([0-9]|[0-1][0-9]|[2][0-3]):([0-5][0-9])(\s{0,1})(AM|PM|am|pm|aM|Am|pM|Pm{2,2})$)|(^([0-9]|[1][0-9]|[2][0-3])(\s{0,1})(AM|PM|am|pm|aM|Am|pM|Pm{2,2})$)",10Pmm
455,dates and time,"([0-9]{4})-([0-9]{1,2})-([0-9]{1,2})",8191-03-88
456,dates and time,^([2][0]\d{2}\/([0]\d|[1][0-2])\/([0-2]\d|[3][0-1]))$|^([2][0]\d{2}\/([0]\d|[1][0-2])\/([0-2]\d|[3][0-1])\s([0-1]\d|[2][0-3])\:[0-5]\d\:[0-5]\d)$,2017/10/12 22:22:10
457,dates and time,^(([0]?[0-5][0-9]|[0-9]):([0-5][0-9]))$,49:10
458,dates and time,((^(10|12|0?[13578])([/])(3[01]|[12][0-9]|0?[1-9])([/])((1[8-9]\d{2})|([2-9]\d{3}))$)|(^(11|0?[469])([/])(30|[12][0-9]|0?[1-9])([/])((1[8-9]\d{2})|([2-9]\d{3}))$)|(^(0?2)([/])(2[0-8]|1[0-9]|0?[1-9])([/])((1[8-9]\d{2})|([2-9]\d{3}))$)|(^(0?2)([/])(29)([/])([2468][048]00)$)|(^(0?2)([/])(29)([/])([3579][26]00)$)|(^(0?2)([/])(29)([/])([1][89][0][48])$)|(^(0?2)([/])(29)([/])([2-9][0-9][0][48])$)|(^(0?2)([/])(29)([/])([1][89][2468][048])$)|(^(0?2)([/])(29)([/])([2-9][0-9][2468][048])$)|(^(0?2)([/])(29)([/])([1][89][13579][26])$)|(^(0?2)([/])(29)([/])([2-9][0-9][13579][26])$)),02/29/3200
459,dates and time,^(([0]?[1-9]|[1][0-2])[\/|\-|\.]([0-2]\d|[3][0-1]|[1-9])[\/|\-|\.]([2][0])?\d{2}\s+((([0][0-9]|[1][0-2]|[0-9])[\:|\-|\.]([0-5]\d)\s*([aApP][mM])?)|(([0-1][0-9]|[2][0-3]|[0-9])[\:|\-|\.]([0-5]\d))))$,12/5.2034 	 02:08	  
460,dates and time,^([1][12]|[0]?[1-9])[\/-]([3][01]|[12]\d|[0]?[1-9])[\/-](\d{4}|\d{2})$,1-30-29
461,dates and time,^((([0]?[1-9]|1[0-2])(:|\.)(00|15|30|45)?( )?(AM|am|aM|Am|PM|pm|pM|Pm))|(([0]?[0-9]|1[0-9]|2[0-3])(:|\.)(00|15|30|45)?))$,4:15
462,dates and time,"^\d{1,2}\/\d{2,4}$",37/9154
463,dates and time,^(|(0[1-9])|(1[0-2]))\/((0[1-9])|(1\d)|(2\d)|(3[0-1]))\/((\d{4}))$,10/20/0004
464,dates and time,^((((0[13578])|(1[02]))[\/]?(([0-2][0-9])|(3[01])))|(((0[469])|(11))[\/]?(([0-2][0-9])|(30)))|(02[\/]?[0-2][0-9]))[\/]?\d{4}$,11/06/0648
465,misc,"^\(\d{1,2}(\s\d{1,2}){1,2}\)\s(\d{1,2}(\s\d{1,2}){1,2})((-(\d{1,4})){0,1})$",(5817)82-8498
466,misc,^(ac|AC|al|AL|am|AM|ap|AP|ba|BA|ce|CE|df|DF|es|ES|go|GO|ma|MA|mg|MG|ms|MS|mt|MT|pa|PA|pb|PB|pe|PE|pi|PI|pr|PR|rj|RJ|rn|RN|ro|RO|rr|RR|rs|RS|sc|SC|se|SE|sp|SP|to|TO)$,MS
467,misc,"^(\d{5}((|-)-\d{4})?)|([A-Za-z]\d[A-Za-z][\s\.\-]?(|-)\d[A-Za-z]\d)|[A-Za-z]{1,2}\d{1,2}[A-Za-z]? \d[A-Za-z]{2}$",k5b6I9
468,misc,"^(\d{1,2}|1\d\d|2[0-4]\d|25[0-5])\.(\d{1,2}|1\d\d|2[0-4]\d|25[0-5])\.(\d{1,2}|1\d\d|2[0-4]\d|25[0-5])\.(\d{1,2}|1\d\d|2[0-4]\d|25[0-5])$",215.125.250.79
469,misc,((\(\d{3}\) ?)|(\d{3}-))?\d{3}-\d{4},497-345-1073
470,misc,"^(?=.*\d).{4,8}$",",""N7~v~9m%>QL"
471,misc,"^(([a-zA-Z]:|\\)\\)?(((\.)|(\.\.)|([^\\/:\*\?""\|<>\. ](([^\\/:\*\?""\|<>\. ])|([^\\/:\*\?""\|<>]*[^\\/:\*\?""\|<>\. ]))?))\\)*[^\\/:\*\?""\|<>\. ](([^\\/:\*\?""\|<>\. ])|([^\\/:\*\?""\|<>]*[^\\/:\*\?""\|<>\. ]))?$","\\kG\Yy,\..\0c\.\.\.\a\S"
472,misc,"^([a-zA-Z0-9@*#]{8,15})$",dDmrmFO8
473,misc,^\(?[\d]{3}\)?[\s-]?[\d]{3}[\s-]?[\d]{4}$,(163)8169676
474,misc,^([0-9a-fA-F][0-9a-fA-F]:){5}([0-9a-fA-F][0-9a-fA-F])$,FB:aE:Ac:0F:CF:fe
475,misc,(\s*\(?0\d{4}\)?\s*\d{6}\s*)|(\s*\(?0\d{3}\)?\s*\d{3}\s*\d{4}\s*),  	 05925 	 	852112   	
476,misc,\d{2}.?\d{3}.?\d{3}/?\d{4}-?\d{2},55]426v205425904
477,misc,^\d{5}(-\d{4})?$,67997
478,misc,^\D?(\d{3})\D?\D?(\d{3})\D?(\d{4})$,920909B8900
479,misc,^[0-9]{2}[-][0-9]{2}[-][0-9]{2}$,57-65-44
480,misc,^\d{3}\s?\d{3}$,057839
481,misc,^\d{3}-\d{7}[0-6]{1}$,650-24741873
482,misc,^([a-z0-9]{32})$,p5pum1vdxpfc91yyslg516w8bjafs0c3
483,misc,([0-1])*$,
484,misc,^([A-Za-z]\d[A-Za-z][-]?\d[A-Za-z]\d),s9h-1X5
485,misc,^[0-9](\.[0-9]+)?$,0.02584294
486,misc,^(\(?\+?[0-9]*\)?)?[0-9_\- \(\)]*$,(+2674) 795517
487,misc,"(?:\d|I{1,3})?\s?\w{2,}\.?\s*\d{1,}\:\d{1,}-?,?\d{0,2}(?:,\d{0,2}){0,2}","fEbeeKv  87920:9004,93"
488,misc,\d{4}-?\d{4}-?\d{4}-?\d{4},2998-4200-04419022
489,misc,"^[a-zA-Z]{1,2}[0-9][0-9A-Za-z]{0,1} {0,1}[0-9][A-Za-z]{2}$",f74Qt
490,misc,"^([A-PR-UWYZ0-9][A-HK-Y0-9][AEHMNPRTVXY0-9]?[ABEHMNPRVWXY0-9]? {1,2}[0-9][ABD-HJLN-UW-Z]{2}|GIR 0AA)$",GIR 0AA
491,misc,"^(?=.*\d)(?=.*[a-z])(?=.*[A-Z])(?!.*\s).{4,8}$","hjPP""5v;Tj0/1y~voZ+DG0VL"
492,misc,^([0-9]{2})?(\([0-9]{2})\)([0-9]{3}|[0-9]{4})-[0-9]{4}$,67(65)562-3331
493,misc,"^[a-zA-Z]+(([\'\,\.\- ][a-zA-Z ])?[a-zA-Z]*)*$",yscEwXDU UggupUBzsUr
494,misc,^[A-Za-z]{2}[0-9]{6}[A-Za-z]{1}$,Cs956194M
495,misc,\u00AE,®
496,misc,^[a-zA-Z0-9]+$,gboz
498,misc,([0-7])*$,1510216046
499,misc,^[1-9]{1}[0-9]{3} ?[A-Z]{2}$,7145OD
500,misc,(\[[Ii][Mm][Gg]\])(\S+?)(\[\/[Ii][Mm][Gg]\]),[Img]DC:kL_[/ImG]
501,misc,(\/\/--&gt;\s*)?&lt;\/?SCRIPT([^&gt;]*)&gt;(\s*&lt;!--\s)?,//--&gt; &lt;/SCRIPT(ezJV&gt;
502,misc,^(1|2|3)((\d{2}((0[13578]|1[02])(0[1-9]|[12]\d|3[01])|(0[13456789]|1[012])(0[1-9]|[12]\d|30)|02(0[1-9]|1\d|2[0-8])))|([02468][048]|[13579][26])0229)(\d{5})$,136022999677
503,misc,"^([A-Z|a-z]{2}\s{1}\d{2}\s{1}[A-Z|a-z]{1,2}\s{1}\d{1,4})?([A-Z|a-z]{3}\s{1}\d{1,4})?$",
504,misc,^(eth[0-9]$)|(^eth[0-9]:[1-9]$),eth1
505,misc,^[{|\(]?[0-9a-fA-F]{8}[-]?([0-9a-fA-F]{4}[-]?){3}[0-9a-fA-F]{12}[\)|}]?$,0aDcc56e-1Bd1-66A1-be939dCbfCFaa4DF}
506,misc,\u00A3,£
507,misc,\u221E,∞
509,misc,\u00A5,¥
510,misc,\b(([01]?\d?\d|2[0-4]\d|25[0-5])\.){3}([01]?\d?\d|2[0-4]\d|25[0-5])\b,255.36.253.255
511,misc,^(([\w][\w\-\.]*)\.)?([\w][\w\-]+)(\.([\w][\w\.]*))?$,gd9DKE7MxH0.apavH
512,misc,^((Fred|Wilma)\s+Flintstone|(Barney|Betty)\s+Rubble)$,Wilma  Flintstone
513,misc,<img([^>]*[^/])>,<imgXWj>
514,misc,\{CHBLOCK\:(.*?\}),{CHBLOCK:vsl^q}
515,misc,\u20AC,€
516,misc,\u2122,™
517,misc,[:]{1}[-~+o]?[)&gt;]+,:&t;
518,misc,"^([a-zA-Z.\s']{1,50})$",OzbMBl
519,misc,^07([\d]{3})[(\D\s)]?[\d]{3}[(\D\s)]?[\d]{3}$,07699D373F167
520,misc,^[+]447\d{9}$,+447371783164
521,misc,^(\+[1-9][0-9]*(\([0-9]*\)|-[0-9]*-))?[0]?[1-9][0-9\- ]*$,+73030026(038706)05171
522,misc,&lt;/?(\w+)(\s+\w+=(\w+|&quot;[^&quot;]*&quot;|'[^']*'))*&gt;,&lt;qsmox		 	C0CH='){lsD.'  a1Q_rM8hWv=&quot;i3FK$sc&quot;   	  65gd8D2=')i'	UmPyJ='s~ Y@' _vN48veQFT=&quot;s&quot;&gt;
523,misc,^([ \u00c0-\u01ffa-zA-Z'])+$,ƙ
524,misc,<script[^>]*>[\w|\t|\r|\W]*</script>,<script]`(}j=mb>;civ2|</script>
525,misc,^(V-|I-)?[0-9]{4}$,V-1633
526,misc,(^(4|5)\d{3}-?\d{4}-?\d{4}-?\d{4}|(4|5)\d{15})|(^(6011)-?\d{4}-?\d{4}-?\d{4}|(6011)-?\d{12})|(^((3\d{3}))-\d{6}-\d{5}|^((3\d{14}))),3817-381006-48245
527,misc,"^([\(]{1}[0-9]{3}[\)]{1}[ |\-]{0,1}|^[0-9]{3}[\-| ])?[0-9]{3}(\-| ){1}[0-9]{4}$",453-1032
528,misc,[^abc],+
529,misc,"^[a-zA-Z]\w{3,14}$",LmVHVAzm
530,misc,^\d{5}-\d{4}$,51265-2491
531,misc,^[A-Z]{1}( |-)?[1-9]{1}[0-9]{3}$,Y3984
532,misc,"^.{4,8}$",28c 
533,misc,^\d{5}$,90154
535,misc,^[A-Za-z]{6}[0-9]{2}[A-Za-z]{1}[0-9]{2}[A-Za-z]{1}[0-9]{3}[A-Za-z]{1}$,vtqCEd37w21Q672s
536,misc,^((0?[1-9])|((1|2)[0-9])|30|31)$,01
537,misc,^0[23489]{1}(\-)?[^0\D]{1}\d{6}$,049653113
538,misc,(\{\\f\d*)\\([^;]+;),{\f371368\P*gT 8m;
539,misc,"^([A-Z]{1,2}[0-9]{1,2}|[A-Z]{3}|[A-Z]{1,2}[0-9][A-Z])( |-)[0-9][A-Z]{2}",T0Z 7ZT
540,misc,^(F-)?((2[A|B])|[0-9]{2})[0-9]{3}$,2B420
541,misc,^([1-9]{2}|[0-9][1-9]|[1-9][0-9])[0-9]{3}$,08399
542,misc,(\d*)'*-*(\d*)/*(\d*)&quot;,7356'----------853031/////132281&quot;
543,misc,^(/w|/W|[^<>+?$%{}&])+$,/w]/W/W/W/w/wb'=
544,misc,@{2}((\S)+)@{2},@@yj@@
545,misc,^\d+\x20*([pP][xXtT])?$,6841051pT
546,misc,^[a-z]+[0-9]*[a-z]+$,r5gaja
547,misc,"^[\u0081-\uFFFF]{1,}$",́穭ȯ
548,misc,"^[AaWaKkNn][a-zA-Z]?[0-9][a-zA-Z]{1,3}$",nd4UF
549,misc,^\s*(((\d*\.?\d*[0-9]+\d*)|([0-9]+\d*\.\d*) )\s*[xX]\s*){2}((\d*\.?\d*[0-9]+\d*)|([0-9]+\d*\.\d*))\s*$,6801300920114999.748938435 		x	 5785693354585432.488489703 X	  432184.15777482900226938 
550,misc,"([A-Z&#228;&#246;&#252;0-9\/][^a-z\:\,\(\)]*[A-Z&#228;&#246;&#252;0-9])($|[\.\:\,\;\)\-\ \+]|s\b)","V T""/I "
551,misc,\b(\w+)\s+\1\b,hgOhgO
552,misc,"^[0-9]{4}\s{0,1}[a-zA-Z]{2}$",9765Bm
553,misc,"^(?!^(PRN|AUX|CLOCK\$|NUL|CON|COM\d|LPT\d|\..*)(\..+)?$)[^\x00-\x1f\\?*:\"";|/]+$",WzfQ
554,misc,"^((([sS][r-tR-Tx-zX-Z])\s*([sx-zSX-Z])?\s*([a-zA-Z]{2,3}))?\s*(\d\d)\s*-?\s*(\d{6,7}))$", 70   	-	  4890690
555,misc,"^(s-|S-){0,1}[0-9]{3}\s?[0-9]{2}$",13400
556,misc,"^(([+]\d{2}[ ][1-9]\d{0,2}[ ])|([0]\d{1,3}[-]))((\d{2}([ ]\d{2}){2})|(\d{3}([ ]\d{3})*([ ]\d{2})+))$",04-770 231 144 524 610 486 460 12
557,misc,"^((4\d{3})|(5[1-5]\d{2}))(-?|\040?)(\d{4}(-?|\040?)){3}|^(3[4,7]\d{2})(-?|\040?)\d{6}(-?|\040?)\d{5}",5286-5942-2420 7375
558,misc,(a|b|c).(a.b)*.b+.c,a!a=bahbatbJbbbbbNc
559,misc,^(([a-z])+.)+[A-Z]([a-z])+$,kvunskz%dnekljmouk{nfkhqbovqQckbbjklsk5tqr#u4ihoemdhfpKrahqmcrmz
560,misc,^[a-zA-Z_][a-zA-Z0-9_]*$,CnBHBsVCy
562,misc,(.*\.([wW][mM][aA])|([mM][pP][3])$),#/FU{Fo(W.WMA
563,misc,"^(.|\n){0,16}$",    
565,misc,^[^#]([^ ]+ ){6}[^ ]+$,9zzn~ WR }0 5-L -al$) SJ#?t40}  
566,misc,^[a-zA-Z][0-9][a-zA-Z]\s?[0-9][a-zA-Z][0-9]$,p0w0S8
567,misc,"^[a-zA-Z0-9]{1,20}$",NnMIw3Qh
568,misc,(NOT)?(\s*\(*)\s*(\w+)\s*(=|&lt;&gt;|&lt;|&gt;|LIKE|IN)\s*(\(([^\)]*)\)|'([^']*)'|(-?\d*\.?\d+))(\s*\)*\s*)(AND|OR)?,NOT((((((  		QxG8pMa6v3LIKE (<W^d)	 ))))))))	    OR
569,misc,(AUX|PRN|NUL|COM\d|LPT\d)+\s*$,NULNULAUXLPT7NULLPT5LPT2AUXAUX 
570,misc,"\(([0-9]{2}|0{1}((x|[0-9]){2}[0-9]{2}))\)\s*[0-9]{3,4}[- ]*[0-9]{4}",(55) 	 051   ---1180
571,misc,"^(?=.*\d)(?=.*[a-z])(?=.*[A-Z]).{4,8}$","6Dg[edf>,)sv	QSMpp4u;R"
572,misc,([2-9JQKA]|10)([\u2660\u2663\u2665\u2666]),2♠
573,misc,[1-2][0|9][0-9]{2}[0-1][0-9][0-3][0-9][-][0-9]{4},10151911-9729
574,misc,((&quot;|')[a-z0-9\/\.\?\=\&amp;]*(\.htm|\.asp|\.php|\.jsp)[a-z0-9\/\.\?\=\&amp;]*(&quot;|'))|(href=*?[a-z0-9\/\.\?\=\&amp;&quot;']*),href==.q.qe
575,misc,(^\d{5}-\d{3}|^\d{2}.\d{3}-\d{3}|\d{8}),75604-964
576,misc,^0(5[012345678]|6[47]){1}(\-)?[^0\D]{1}\d{5}$,053-859517
577,misc,^\{?[a-fA-F\d]{8}-([a-fA-F\d]{4}-){3}[a-fA-F\d]{12}\}?$,18e7BE6a-5C86-F6BE-E9fC-cf125ceD30a3}
578,misc,^[A-Z]{2}[0-9]{6}[A-DFM]{1}$,FJ133215M
579,misc,\({1}[0-9]{3}\){1}\-{1}[0-9]{3}\-{1}[0-9]{4},(367)-589-4250
580,misc,&lt;[^&gt;\s]*\bauthor\b[^&gt;]*&gt;,&lt;XJu?DXBauthor-[s(G5xd`&gt;
581,misc,^&lt;a\s+href\s*=\s*&quot;http:\/\/([^&quot;]*)&quot;([^&gt;]*)&gt;(.*?(?=&lt;\/a&gt;))&lt;\/a&gt;$,&lt;a  href=  &quot;http://&quot;C:C'M&gt;3K)m!d6t5&lt;/a&gt;&lt;/a&gt;
582,misc,^(\d{5}-\d{4}|\d{5})$,23978
583,misc,^0[1-6]{1}(([0-9]{2}){4})|((\s[0-9]{2}){4})|((-[0-9]{2}){4})$,-14-81-97-24
586,misc,^[1-9]{1}[0-9]{3}$,9177
587,misc,([0-1][0-9]|2[0-3]):[0-5][0-9],20:00
589,misc,[A-Z][a-z]+,Qlyah
590,misc,^(([a-zA-Z]:)|(\\{2}\w+)\$?)(\\(\w[\w ]*))+\.(txt|TXT)$,D:\mE\oFCn\tecQ15pImsw\FUQBOVDAWY\BeL TQDc\k96.txt
591,misc,^([1-9]|[1-9]\d|1\d{2}|2[0-4]\d|25[0-5])$,100
592,misc,"\w?<\s?\/?[^\s>]+(\s+[^""'=]+(=(""[^""]*"")|('[^\']*')|([^\s""'>]*))?)*\s*\/?>","S</O]+ 		zn oi=""9=yh ""	  	 />"
593,misc,"^([a-zA-Z0-9][-a-zA-Z0-9]*[a-zA-Z0-9]\.)+([a-zA-Z0-9]{3,5})$",A1AQKJq2D.Y4O0AHAXjSIJ.I2jnVfdhTQ8.1cG.pQrv2f6.2mCpcY.OcP.UWYu.8st75.3U7
594,misc,"^\d{3,3}\.\d{0,2}$|^E\d{3,3}\.\d{0,2}$",E721.6
595,misc,{.*},{J-bgF;}
596,misc,^[0-9A-Za-z_ ]+(.[jJ][pP][gG]|.[gG][iI][fF])$,hzuHrGIF
597,misc,"[^A-Za-z0-9_@\.]|@{2,}|\.{5,}",@@@@@@@@
598,misc,^(((25[0-5]|2[0-4][0-9]|19[0-1]|19[3-9]|18[0-9]|17[0-1]|17[3-9]|1[3-6][0-9]|12[8-9]|12[0-6]|1[0-1][0-9]|1[1-9]|[2-9][0-9]|[0-9])\.(25[0-5]|2[0-4][0-9]|1[0-9][0-9]|[1-9][0-9]|[0-9]))|(192\.(25[0-5]|2[0-4][0-9]|16[0-7]|169|1[0-5][0-9]|1[7-9][0-9]|[1-9][0-9]|[0-9]))|(172\.(25[0-5]|2[0-4][0-9]|1[0-9][0-9]|1[0-5]|3[2-9]|[4-9][0-9]|[0-9])))\.(25[0-5]|2[0-4][0-9]|1[0-9][0-9]|[1-9][0-9]|[0-9])\.(25[0-5]|2[0-4][0-9]|1[0-9][0-9]|[1-9][0-9]|[0-9])$,172.39.117.80
599,misc,^([A-HJ-TP-Z]{1}\d{4}[A-Z]{3}|[a-z]{1}\d{4}[a-hj-tp-z]{3})$,l3382qqa
600,misc,(([01][\.\- +]\(\d{3}\)[\.\- +]?)|([01][\.\- +]\d{3}[\.\- +])|(\(\d{3}\) ?)|(\d{3}[- \.]))?\d{3}[- \.]\d{4},0 080-991 2426
601,misc,(^[A-ZÀ-Ü]{1}[a-zà-ü']+\s[a-zA-Zà-üÀ-Ü]+((([\s\.'])|([a-zà-ü']+))|[a-zà-ü']+[a-zA-Zà-üÀ-Ü']+)),Kn'çsæ âtFÖÖy
602,misc,^(\{|\[|\().+(\}|\]|\)).+$,[H)[5
603,misc,^[^']*$,
604,misc,"(^\(\)$|^\(((\([0-9]+,(\((\([0-9]+,[0-9]+,[0-9]+\),)*(\([0-9]+,[0-9]+,[0-9]+\)){1}\))+\),)*(\([0-9]+,(\((\([0-9]+,[0-9]+,[0-9]+\),)*(\([0-9]+,[0-9]+,[0-9]+\)){1}\))+\)){1}\)))$",()
605,misc,(^0[78][2347][0-9]{7}),0842309904
606,misc,[^a-zA-Z \-]|(  )|(\-\-)|(^\s*$),--
607,misc,"^([a-zA-Z0-9!@#$%^&amp;*()-_=+;:'&quot;|~`&lt;&gt;?/{}]{1,5})$",7
608,misc,"^[0-9]{4}\s{0,2}[a-zA-z]{2}$",9529	ly
609,misc,^[a-zA-Z0-9\s.\-_']+$,XHIYUHZ
610,misc,^\d{2}(\x2e)(\d{3})(-\d{3})?$,67.596-783
611,misc,^\(?082|083|084|072\)?[\s-]?[\d]{3}[\s-]?[\d]{4}$,082
612,misc,"^([0-9A-Za-z@.]{1,255})$",kX2
613,misc,&lt;[iI][mM][gG]([^&gt;]*[^/&gt;]),&lt;IMG6=S
614,misc,"^((A(((H[MX])|(M(P|SN))|(X((D[ACH])|(M[DS]))?)))?)|(K7(A)?)|(D(H[DLM])?))(\d{3,4})[ABD-G][CHJK-NPQT-Y][Q-TV][1-4][B-E]$",DHD2128EWV2D
616,misc,(^.+\|+[A-Za-z]),}\Q||||o
617,misc,^[A-Z1-9]{5}-[A-Z1-9]{5}-[A-Z1-9]{5}-[A-Z1-9]{5}-[A-Z1-9]{5}$,7L263-78KGL-OQPCU-5KGI1-FI3Y8
618,misc,^[a-zA-Z]+$,jo
619,misc,"(^([1-3]{1}[0-9]{0,}(\.[0-9]{1})?|0(\.[0-9]{1})?|[4]{1}[0-9]{0,}(\.[0]{1})?|5(\.[5]{1}))$)",46.0
620,misc,^\d{5}$|^\d{5}-\d{4}$,12567-0126
621,misc,Last.*?(\d+.?\d*),Last|9841547f924991
622,misc,^[A-Z0-9]{8}-[A-Z0-9]{4}-[A-Z0-9]{4}-[A-Z0-9]{4}-[A-Z0-9]{12}$,4X08U0B2-6VIT-266B-8VO7-8FWP2WP0LQQ3
624,misc,(^\+[0-9]{2}|^\+[0-9]{2}\(0\)|^\(\+[0-9]{2}\)\(0\)|^00[0-9]{2}|^0)([0-9]{9}$|[0-9\-\s]{10}$),+19(0)893-67
625,misc,^([0-9]{6}[\s\-]{1}[0-9]{12}|[0-9]{18})$,449594 133257565687
626,misc,^[a-zA-Z0-9\s.\-]+$,mQcokxTB7M
628,misc,"^(user=([a-z0-9]+,)*(([a-z0-9]+){1});)?(group=([a-z0-9]+,)*(([a-z0-9]+){1});)?(level=[0-9]+;)?$","group=a,kk71coqvr7,hkfajgtcg0,qm4cp,lepopsfo7i,uxv,u0;level=59169;"
633,misc,^\d{5}(-\d{3})?$,56372
634,misc,"^[A-Z]{1,2}[1-9][0-9]?[A-Z]? [0-9][A-Z]{2,}|GIR 0AA$",GIR 0AA
636,misc,^[A-Za-z0-9]{8}-[A-Za-z0-9]{4}-[A-Za-z0-9]{4}-[A-Za-z0-9]{4}-[A-Za-z0-9]{12}$,6ITvL0gv-zaPC-W9QL-kzBC-y04z4r3s61JC
637,misc,"^(?i:(?=[MDCLXVI])((M{0,3})((C[DM])|(D?C{0,3}))?((X[LC])|(L?XX{0,2})|L)?((I[VX])|(V?(II{0,2}))|V)?))$",CMDCCCXC
638,address/phone,"^[\\(]{0,1}([0-9]){3}[\\)]{0,1}[ ]?([^0-1]){1}([0-9]){2}[ ]?[-]?[ ]?([0-9]){4}[ ]*((x){0,1}([0-9]){1,5}){0,1}$",(8414232677         40
639,address/phone,"(^1300\d{6}$)|(^1800|1900|1902\d{6}$)|(^0[2|3|7|8]{1}[0-9]{8}$)|(^13\d{4}$)|(^04\d{2,3}\d{6}$)",1800
640,address/phone,^[a-zA-Z]{1}[0-9]{1}[a-zA-Z]{1}(\-| |){1}[0-9]{1}[a-zA-Z]{1}[0-9]{1}$,H7V 2j5
641,address/phone,^(?:\([2-9]\d{2}\)\ ?|[2-9]\d{2}(?:\-?|\ ?))[2-9]\d{2}[- ]?\d{4}$,433251-4525
642,address/phone,"(\d{4,6})",358365
644,address/phone,^[2-9]\d{2}-\d{3}-\d{4}$,769-061-2437
645,address/phone,^([0-9]( |-)?)?(\(?[0-9]{3}\)?|[0-9]{3})( |-)?([0-9]{3}( |-)?[0-9]{4}|[a-zA-Z0-9]{7})$,5819HTMzPWG
646,address/phone,^((AL)|(AK)|(AS)|(AZ)|(AR)|(CA)|(CO)|(CT)|(DE)|(DC)|(FM)|(FL)|(GA)|(GU)|(HI)|(ID)|(IL)|(IN)|(IA)|(KS)|(KY)|(LA)|(ME)|(MH)|(MD)|(MA)|(MI)|(MN)|(MS)|(MO)|(MT)|(NE)|(NV)|(NH)|(NJ)|(NM)|(NY)|(NC)|(ND)|(MP)|(OH)|(OK)|(OR)|(PW)|(PA)|(PR)|(RI)|(SC)|(SD)|(TN)|(TX)|(UT)|(VT)|(VI)|(VA)|(WA)|(WV)|(WI)|(WY))$,MT
647,address/phone,(((^[BEGLMNS][1-9]\d?) | (^W[2-9] ) | ( ^( A[BL] | B[ABDHLNRST] | C[ABFHMORTVW] | D[ADEGHLNTY] | E[HNX] | F[KY] | G[LUY] | H[ADGPRSUX] | I[GMPV] | JE | K[ATWY] | L[ADELNSU] | M[EKL] | N[EGNPRW] | O[LX] | P[AEHLOR] | R[GHM] | S[AEGKL-PRSTWY] | T[ADFNQRSW] | UB | W[ADFNRSV] | YO | ZE ) \d\d?) | (^W1[A-HJKSTUW0-9]) | ((  (^WC[1-2])  |  (^EC[1-4]) | (^SW1)  ) [ABEHMNPRVWXY] ) ) (\s*)?  ([0-9][ABD-HJLNP-UW-Z]{2})) | (^GIR\s?0AA), GIR 0AA
648,address/phone,^((\d{5}-\d{4})|(\d{5})|([AaBbCcEeGgHhJjKkLlMmNnPpRrSsTtVvXxYy]\d[A-Za-z]\s?\d[A-Za-z]\d))$,24583
649,address/phone,([0]{1}[6]{1}[-\s]*[1-9]{1}[\s]*([0-9]{1}[\s]*){7})|([0]{1}[1-9]{1}[0-9]{1}[0-9]{1}[-\s]*[1-9]{1}[\s]*([0-9]{1}[\s]*){5})|([0]{1}[1-9]{1}[0-9]{1}[-\s]*[1-9]{1}[\s]*([0-9]{1}[\s]*){6}),035-		-  -98	  6  9  		1   	8	5
650,address/phone,^[1-9][0-9]{3}\s?[a-zA-Z]{2}$,2906Zg
651,address/phone,\b((?:0[1-46-9]\d{3})|(?:[1-357-9]\d{4})|(?:[4][0-24-9]\d{3})|(?:[6][013-9]\d{3}))\b,04836
652,address/phone,^\(\d{3}\) ?\d{3}( |-)?\d{4}|^\d{3}( |-)?\d{3}( |-)?\d{4},990707-2795
653,address/phone,"^[ \w]{3,}([A-Za-z]\.)?([ \w]*\#\d+)?(\r\n| )[ \w]{3,},\x20[A-Za-z]{2}\x20\d{5}(-\d{4})?$","0c4xEf.XJTf_ZOx#174 klO, QC 27762-6728"
654,address/phone,"^0[234679]{1}[\s]{0,1}[\-]{0,1}[\s]{0,1}[1-9]{1}[0-9]{6}$",042676203
655,address/phone,"^(\+97[\s]{0,1}[\-]{0,1}[\s]{0,1}1|0)50[\s]{0,1}[\-]{0,1}[\s]{0,1}[1-9]{1}[0-9]{6}$",+97150-9258000
656,address/phone,^\d{5}((-|\s)?\d{4})?$,308442913
657,address/phone,(((^[BEGLMNS][1-9]\d?)|(^W[2-9])|(^(A[BL]|B[ABDHLNRST]|C[ABFHMORTVW]|D[ADEGHLNTY]|E[HNX]|F[KY]|G[LUY]|H[ADGPRSUX]|I[GMPV]|JE|K[ATWY]|L[ADELNSU]|M[EKL]|N[EGNPRW]|O[LX]|P[AEHLOR]|R[GHM]|S[AEGKL-PRSTWY]|T[ADFNQRSW]|UB|W[ADFNRSV]|YO|ZE)\d\d?)|(^W1[A-HJKSTUW0-9])|(((^WC[1-2])|(^EC[1-4])|(^SW1))[ABEHMNPRVWXY]))(\s*)?([0-9][ABD-HJLNP-UW-Z]{2}))$|(^GIR\s?0AA$),WC1H1ZR
659,address/phone,"^[\(]? ([^0-1]){1}([0-9]){2}([-,\),/,\.])*([ ])?([^0-1]){1}([0-9]){2}[ ]?[-]?[/]?[\.]? ([0-9]){4}$"," y24)-/.)),-,-m95 . 5003"
661,address/phone,"((\(\d{3,4}\)|\d{3,4}-)\d{4,9}(-\d{1,5}|\d{0}))|(\d{4,12})",65718024
662,address/phone,^(1\s*[-\/\.]?)?(\((\d{3})\)|(\d{3}))\s*[-\/\.]?\s*(\d{3})\s*[-\/\.]?\s*(\d{4})\s*(([xX]|[eE][xX][tT])\.?\s*(\d+))*$,(676) 	 		 	128     	  	 3687   x.  	 1587177233eXT.5206275X04553eXt	7933ExT		99130exT.			939339236x.	 982
663,address/phone,^(?-i:A[LKSZRAEP]|C[AOT]|D[EC]|F[LM]|G[AU]|HI|I[ADLN]|K[SY]|LA|M[ADEHINOPST]|N[CDEHJMVY]|O[HKR]|P[ARW]|RI|S[CD]|T[NX]|UT|V[AIT]|W[AIVY])$,UT
664,address/phone,^([\(]{1}[0-9]{3}[\)]{1}[ ]{1}[0-9]{3}[\-]{1}[0-9]{4})$,(819) 716-4249
665,address/phone,"\d{1,3}.?\d{0,3}\s[a-zA-Z]{2,30}\s[a-zA-Z]{2,15}",9760 Tsq zFKz
666,address/phone,^((\d{5}-\d{4})|(\d{5})|([A-Z]\d[A-Z]\s\d[A-Z]\d))$,F2W 1C6
667,address/phone,"^(([A-Z]{1,2}[0-9]{1,2})|([A-Z]{1,2}[0-9][A-Z]))\s?([0-9][A-Z]{2})$",TC54XF
668,address/phone,^((?:\+27|27)|0)(=72|82|73|83|74|84)(\d{7})$,0747069211
669,address/phone,^[0-9]{6},534512
670,address/phone,^(\([2-9]|[2-9])(\d{2}|\d{2}\))(-|.|\s)?\d{3}(-|.|\s)?\d{4}$,(940)[737N8422
671,address/phone,^\d{5}-\d{4}|\d{5}|[A-Z]\d[A-Z] \d[A-Z]\d$,K0M 3I6
672,address/phone,^[0-9]{5}([- /]?[0-9]{4})?$,50046
673,address/phone,"^\s*\(?(020[7,8]{1}\)?[ ]?[1-9]{1}[0-9{2}[ ]?[0-9]{4})|(0[1-8]{1}[0-9]{3}\)?[ ]?[1-9]{1}[0-9]{2}[ ]?[0-9]{3})\s*$",(0207) 826186
674,address/phone,"(^\([0]\d{2}\))(\d{6,7}$)",(099)7191910
675,address/phone,"(02\d\s?\d{4}\s?\d{4})|(01\d{2}\s?\d{3}\s?\d{4})|(01\d{3}\s?\d{5,6})|(01\d{4}\s?\d{4,5})",0148133803
677,address/phone,(\s*\(?0\d{4}\)?(\s*|-)\d{3}(\s*|-)\d{3}\s*)|(\s*\(?0\d{3}\)?(\s*|-)\d{3}(\s*|-)\d{4}\s*)|(\s*(7|8)(\d{7}|\d{3}(\-|\s{1})\d{4})\s*), 0653)065    3113 	  
679,address/phone,"^[a-zA-Z\d]+(([\'\,\.\- #][a-zA-Z\d ])?[a-zA-Z\d]*[\.]*)*$","M'U..,PtsS86YwaB...Nro6......S4qm98Yz.....xzxdavXjZn..........m........tDsVg..........KTqmOFdzQ...........w1....'x....."
681,address/phone,(^\d{5}$)|(^\d{5}-\d{4}$),82567
682,address/phone,"^[abceghjklmnprstvxyABCEGHJKLMNPRSTVXY][0-9][abceghjklmnprstvwxyzABCEGHJKLMNPRSTVWXYZ] {0,1}[0-9][abceghjklmnprstvwxyzABCEGHJKLMNPRSTVWXYZ][0-9]$",A3N 6P2
683,address/phone,^([0-9]*\-?\ ?\/?[0-9]*)$,16252 
684,address/phone,^[S-s]( |-)?[1-9]{1}[0-9]{2}( |-)?[0-9]{2}$,^-14203
685,address/phone,^[D-d][K-k]( |-)[1-9]{1}[0-9]{3}$,Ec-9128
686,address/phone,^[D-d][K-k]-[1-9]{1}[0-9]{3}$,E\-4405
687,address/phone,^(((\+44\s?\d{4}|\(?0\d{4}\)?)\s?\d{3}\s?\d{3})|((\+44\s?\d{3}|\(?0\d{3}\)?)\s?\d{3}\s?\d{4})|((\+44\s?\d{2}|\(?0\d{2}\)?)\s?\d{4}\s?\d{4}))(\s?\#(\d{4}|\d{3}))?$,(00709 528 410 #5712
688,address/phone,^(\+44\s?7\d{3}|\(?07\d{3}\)?)\s?\d{3}\s?\d{3}$,+447032 735542
689,address/phone,"^[A-Za-z]{1,2}[\d]{1,2}([A-Za-z])?\s?[\d][A-Za-z]{2}$",h695gU
690,address/phone,^[01]?[- .]?\(?[2-9]\d{2}\)?[- .]?\d{3}[- .]?\d{4}$,(863).3892762
692,address/phone,"^([\+][0-9]{1,3}[\.][0-9]{1,12})([x]?[0-9]{1,4}?)$",+688.95x40
693,address/phone,^((\(?0\d{4}\)?\s?\d{3}\s?\d{3})|(\(?0\d{3}\)?\s?\d{3}\s?\d{4})|(\(?0\d{2}\)?\s?\d{4}\s?\d{4}))(\s?\#(\d{4}|\d{3}))?$,01731390202
694,address/phone,"((\(\d{3}\) ?)|(\d{3}[- \.]))?\d{3}[- \.]\d{4}(\s(x\d+)?){0,1}$",420 5284
695,address/phone,^([8-9])([1-9])(\d{2})(-?|\040?)(\d{4})$,8826 5704
696,address/phone,"^([2-9])(\d{2})(-?|\040?)(\d{4})( ?|\040?)(\d{1,4}?|\040?)$",2524847978
697,address/phone,\d{5}\-\d{3},32348-840
698,address/phone,^\([0-9]{3}\)\s?[0-9]{3}(-|\s)?[0-9]{4}$|^[0-9]{3}-?[0-9]{3}-?[0-9]{4}$,(486)9764989
699,address/phone,"^((([A-PR-UWYZ])([0-9][0-9A-HJKS-UW]?))|(([A-PR-UWYZ][A-HK-Y])([0-9][0-9ABEHMNPRV-Y]?))\s{0,2}(([0-9])([ABD-HJLNP-UW-Z])([ABD-HJLNP-UW-Z])))|(((GI)(R))\s{0,2}((0)(A)(A)))$",HR915FY
700,address/phone,^[1-9]{1}[0-9]{3}\s?[A-Z]{2}$,1193JF
701,address/phone,^\d{5}((\-|\s)?\d{4})?$,350253173
702,address/phone,(^(?!0{5})(\d{5})(?!-?0{4})(-?\d{4})?$),037908810
703,address/phone,"^[1-9]{1}[0-9]{3}\s{0,1}?[a-zA-Z]{2}$",2831To
704,address/phone,^(\d{3}-\d{3}-\d{4})*$,148-570-5011582-126-4249489-138-1229
705,address/phone,^(\d{2}-\d{2})*$,21-1160-3429-5074-7854-8988-9907-5147-45
706,address/phone,"(^box[.|\s]*\d+)|\s|\.|,]*|",.
707,address/phone,[0-9]{4}[A-Z]{2},1006SW
708,address/phone,^((\d[-. ]?)?((\(\d{3}\))|\d{3}))?[-. ]?\d{3}[-. ]?\d{4}$,5.394 0000350
709,address/phone,"^([\(]{1}[0-9]{3}[\)]{1}[\.| |\-]{0,1}|^[0-9]{3}[\.|\-| ]?)?[0-9]{3}(\.|\-| )?[0-9]{4}$",117700-5869
710,address/phone,^([0-9]{2})?((\([0-9]{2})\)|[0-9]{2})?([0-9]{3}|[0-9]{4})(\-)?[0-9]{4}$,(88)08406379
711,address/phone,(077|078|079)\s?\d{2}\s?\d{6},07957279425
712,address/phone,"^\s*((?:(?:\d+(?:\x20+\w+\.?)+(?:(?:\x20+STREET|ST|DRIVE|DR|AVENUE|AVE|ROAD|RD|LOOP|COURT|CT|CIRCLE|LANE|LN|BOULEVARD|BLVD)\.?)?)|(?:(?:P\.\x20?O\.|P\x20?O)\x20*Box\x20+\d+)|(?:General\x20+Delivery)|(?:C[\\\/]O\x20+(?:\w+\x20*)+))\,?\x20*(?:(?:(?:APT|BLDG|DEPT|FL|HNGR|LOT|PIER|RM|S(?:LIP|PC|T(?:E|OP))|TRLR|UNIT|\x23)\.?\x20*(?:[a-zA-Z0-9\-]+))|(?:BSMT|FRNT|LBBY|LOWR|OFC|PH|REAR|SIDE|UPPR))?)\,?\s+((?:(?:\d+(?:\x20+\w+\.?)+(?:(?:\x20+STREET|ST|DRIVE|DR|AVENUE|AVE|ROAD|RD|LOOP|COURT|CT|CIRCLE|LANE|LN|BOULEVARD|BLVD)\.?)?)|(?:(?:P\.\x20?O\.|P\x20?O)\x20*Box\x20+\d+)|(?:General\x20+Delivery)|(?:C[\\\/]O\x20+(?:\w+\x20*)+))\,?\x20*(?:(?:(?:APT|BLDG|DEPT|FL|HNGR|LOT|PIER|RM|S(?:LIP|PC|T(?:E|OP))|TRLR|UNIT|\x23)\.?\x20*(?:[a-zA-Z0-9\-]+))|(?:BSMT|FRNT|LBBY|LOWR|OFC|PH|REAR|SIDE|UPPR))?)?\,?\s+((?:[A-Za-z]+\x20*)+)\,\s+(A[LKSZRAP]|C[AOT]|D[EC]|F[LM]|G[AU]|HI|I[ADLN]|K[SY]|LA|M[ADEHINOPST]|N[CDEHJMVY]|O[HKR]|P[ARW]|RI|S[CD]|T[NX]|UT|V[AIT]|W[AIVY])\s+(\d+(?:-\d+)?)\s*$","917112     6cXN.          WjvQW1_EZ     y         mAiq          Qk3MEmPYS7.     DHe  4        Kg9uloMAq  vP_.ROAD.          ,   ,    jVSYM pRuOc   aSfDJbmGK          XymaG      dctksaq         wCBNfuO         qerNJ       gDaEnJU    ,  		SD 		9235349				"
713,address/phone,(^0.*[1-9]*)|(^860+)|(^8613)|(\D)|([0-9]),4
714,address/phone,"^[A-Za-z]{1,2}[0-9A-Za-z]{1,2}[ ]?[0-9]{0,1}[A-Za-z]{2}$",OYv 6Zx
715,address/phone,"^\({0,1}0(2|3|7|8)\){0,1}(\ |-){0,1}[0-9]{4}(\ |-){0,1}[0-9]{4}$",(02)-87273817
716,address/phone,^(?!\d[1]{2}|[5]{3})([2-9]\d{2})([. -]*)\d{4}$,889  -..    .3442
717,address/phone,"(\+)?([-\._\(\) ]?[\d]{3,20}[-\._\(\) ]?){2,10}",.0529044697 .8830807162(2095850.6145294870(
718,address/phone,^(\()?(787|939)(\)|-)?([0-9]{3})(-)?([0-9]{4}|[0-9]{4})$,787864-5519
720,address/phone,"^[0-9]{2,3}-? ?[0-9]{6,7}$",394- 9171651
721,address/phone,^p(ost)?[ |\.]*o(ffice)?[ |\.]*(box)?[ 0-9]*[^[a-z ]]*,p |office6131326288]]]]]]]]]
722,address/phone,^(?:\([2-9]\d{2}\)\ ?|(?:[2-9]\d{2}\-))[2-9]\d{2}\-\d{4}$,387-962-2979
723,address/phone,"^((\+){0,1}91(\s){0,1}(\-){0,1}(\s){0,1}){0,1}98(\s){0,1}(\-){0,1}(\s){0,1}[1-9]{1}[0-9]{7}$",98 -86190550
724,address/phone,"^0{0,1}[1-9]{1}[0-9]{2}[\s]{0,1}[\-]{0,1}[\s]{0,1}[1-9]{1}[0-9]{6}$",06148953376
725,address/phone,^[0-9]{5}$,10801
726,address/phone,^[0-9]{5}([\s-]{1}[0-9]{4})?$,591746302
727,address/phone,"^(\(?\d\d\d\)?)?( |-|\.)?\d\d\d( |-|\.)?\d{4,4}(( |-|\.)?[ext\.]+ ?\d+)?$", 374-0127x.xttxt 684130
729,address/phone,^(\d{5}-\d{4}|\d{5})$|^([a-zA-Z]\d[a-zA-Z] \d[a-zA-Z]\d)$,36266-8330
730,address/phone,[0-9]{4}\s*[a-zA-Z]{2},0267 	 	DW
732,address/phone,"^[a-zA-Z0-9&#192;&#193;&#194;&#195;&#196;&#197;&#198;&#199;&#200;&#201;&#202;&#203;&#204;&#205;&#206;&#207;&#208;&#209;&#210;&#211;&#212;&#213;&#214;&#216;&#217;&#218;&#219;&#220;&#221;&#223;&#224;&#225;&#226;&#227;&#228;&#229;&#230;&#231;&#232;&#233;&#234;&#235;&#236;&#237;&#238;&#239;&#241;&#242;&#243;&#244;&#245;&#246;&#248;&#249;&#250;&#251;&#252;&#253;&#255;\.\,\-\/\']+[a-zA-Z0-9&#192;&#193;&#194;&#195;&#196;&#197;&#198;&#199;&#200;&#201;&#202;&#203;&#204;&#205;&#206;&#207;&#208;&#209;&#210;&#211;&#212;&#213;&#214;&#216;&#217;&#218;&#219;&#220;&#221;&#223;&#224;&#225;&#226;&#227;&#228;&#229;&#230;&#231;&#232;&#233;&#234;&#235;&#236;&#237;&#238;&#239;&#241;&#242;&#243;&#244;&#245;&#246;&#248;&#249;&#250;&#251;&#252;&#253;&#255;\.\,\-\/\' ]+$",KSJxBmlp4F6Xx4J7Xl
735,address/phone,^0(6[045679][0469]){1}(\-)?(1)?[^0\D]{1}\d{6}$,0679-8762469
736,address/phone,^(1?(-?\d{3})-?)?(\d{3})(-?\d{4})$,765-4920
737,address/phone,"^(9,)*([1-9]\d{2}-?)*[1-9]\d{2}-?\d{4}$","9,9,9,9,9,9,9,752-434-3096"
738,address/phone,^([0-9]{5})([\-]{1}[0-9]{4})?$,87156
739,address/phone,^[+][0-9]\d{2}-\d{3}-\d{4}$,+343-320-0093
740,address/phone,"^([+]39)?((38[{8,9}|0])|(34[{7-9}|0])|(36[6|8|0])|(33[{3-9}|0])|(32[{8,9}]))([\d]{7})$",3481983932
741,markup/code,&lt;[^&gt;]*\n?.*=(&quot;|')?(.*\.jpg)(&quot;|')?.*\n?[^&lt;]*&gt;,"&lt;<@!OfV!`+6=J.jpg'v8>MOaX,(+z&gt;"
742,markup/code,^#?([a-f]|[A-F]|[0-9]){3}(([a-f]|[A-F]|[0-9]){3})?$,#cbB
745,markup/code,<[^>]*>,<rb04>
746,markup/code,"&lt;(\/{0,1})img(.*?)(\/{0,1})\&gt;",&lt;/imgNT2@jIU}U&gt;
747,markup/code,&quot;([^&quot;](?:\\.|[^\\&quot;]*)*)&quot;,&quot;j\'\A&quot;
748,markup/code,\xA9,©
749,markup/code,&lt;!--[\s\S]*?--[ \t\n\r]*&gt;,&lt;!----	 	 &gt;
750,markup/code,href[ ]*=[ ]*('|\&quot;)([^\&quot;'])*('|\&quot;),href       =&quot;6l#n&quot;
752,markup/code,&lt;!--.*?--&gt;,&lt;!--=5H(J/Pe--&gt;
754,markup/code,"href=[\""\'](http:\/\/|\.\/|\/)?\w+(\.\w+)*(\/\w+(\.\w+)?)*(\/|\?\w*=\w*(&\w*=\w*)*)?[\""\']","href=""http://ydq81ZtW.O/Ue/g71.tfkS3ic2/hSj0Wqgoo/eMqcUr_Qn3.G5Z/2/ZkiaTIp/zkuy_G.6ZMx/k.bpC1KQAYf?sEEDx=&PRaz68=kQg&XRlGR=iR&=shS&gXn6Q=&yaGET=s3ngxf7J&2ziA=YXr3un&7Nh=Xi9vzYO3s9&=vFtUkT0rj"""
755,markup/code,&lt;(?:[^&quot;']+?|.+?(?:&quot;|').*?(?:&quot;|')?.*?)*?&gt;,"&lt;k*""-`GPj@NhGeq=a7GgI 'V&DV&qR6Dlr/&gt;"
756,markup/code,"<(\w+)(\s(\w*="".*?"")?)*((/>)|((/*?)>.*?</\1>))","<ihdN 	D=""""gL"" _WS6YV12i9=""-q,b<`""/>"
758,markup/code,(?i:on(blur|c(hange|lick)|dblclick|focus|keypress|(key|mouse)(down|up)|(un)?load|mouse(move|o(ut|ver))|reset|s(elect|ubmit))),onkeypress
759,markup/code,src[^&gt;]*[^/].(?:jpg|bmp|gif)(?:\&quot;|\'),src-@Zs-m\agif&quot;
760,markup/code,^(\x22|\x27)((?!\1).|\1{2})*\1$,"""""""8C""""&"""""""
761,markup/code,"&amp;lt;/?([a-zA-Z][-A-Za-z\d\.]{0,71})(\s+(\S+)(\s*=\s*([-\w\.]{1,1024}|&amp;quot;[^&amp;quot;]{0,1024}&amp;quot;|'[^']{0,1024}'))?)*\s*&amp;gt;",&amp;lt;uMg3Oc1VHw6  	a6    =	'I)f@GjcE27'   wH*O3&amp;gt;
762,markup/code,"<[a-zA-Z][^>]*\son\w+=(\w+|'[^']*'|""[^""]*"")[^>]*>",<Bt onv2pmrb=';Go`E4'>
763,markup/code,&lt;!--[\s\S]*?--&gt;,&lt;!--Jf<I--&gt;
764,markup/code,^#?(([fFcC0369])\2){3}$,FF6600
765,markup/code,"&amp;(?![a-zA-Z]{2,6};|#[0-9]{3};)",&amp;
766,markup/code,/\*[\d\D]*?\*/,/*]3d(#;*/
768,markup/code,^(#){1}([a-fA-F0-9]){6}$,#e4aBa2
769,markup/code,<blockquote>(?:\s*([^<]+)<br>\s*)+</blockquote>,<blockquote>(Nk<br>  	  3UWV9p<br>  			  	-*T3`<br>   </blockquote>
770,markup/code,&lt;[^&gt;]*name[\s]*=[\s]*&quot;?[^\w_]*&quot;?[^&gt;]*&gt;,&lt;Yyname	 	=		&quot;'@`!$&quotW?x&gt;
771,markup/code,"(""[^""]*"")|('[^\r]*)(\r\n)?","""^hI%/ j|"""
772,markup/code,"<[a-zA-Z]+(\s+[a-zA-Z]+\s*=\s*(""([^""]*)""|'([^']*)'))*\s*/>","<anWNzKDel     EuAsomu=  	 ' L{YX.'		 	OPC  	 = 	 		 ""!Fx .]Pc""	Ih='P'	 iIIY =""tj/'!""  	 Daa= 	   	""IhNr.:H)""     tIWWE  =	 "" "" r  	  =		""/iEEQ?(I*""		nBtebVr	 	=  	""MpkBUheD	""	   		w  	=  '-;""""Wh' 	 />"
773,markup/code,^[^<>`~!/@\#}$%:;)(_^{&*=|'+]+$,zG
774,markup/code,<([^<>\s]*)(\s[^<>]*)?>,<9gb 5rrp&=WKN>
775,markup/code,(?s)/\*.*\*/,/*1*/
776,markup/code,<([^\s>]*)(\s[^<]*)>,<ekyNr BTsPkKN0$>
777,markup/code,^[a-zA-Z_]{1}[a-zA-Z0-9_]+$,dajfvi
778,markup/code,[0][x][0-9a-fA-F]+,0x3Aa
779,markup/code,(\[(\w+)\s*(([\w]*)=('|&quot;)?([a-zA-Z0-9|:|\/|=|-|.|\?|&amp;]*)(\5)?)*\])([a-zA-Z0-9|:|\/|=|-|.|\?|&amp;|\s]+)(\[\/\2\]),[XjhOtPKPPe		  	]PIA[/XjhOtPKPPe]
780,markup/code,"%[\-\+0\s\#]{0,1}(\d+){0,1}(\.\d+){0,1}[hlI]{0,1}[cCdiouxXeEfgGnpsS]{1}",%-45IS
781,markup/code,^(Function|Sub)(\s+[\w]+)\([^\(\)]*\),Function	hm7jEYHr()
784,markup/code,\{\\\*\\bkmkstart\s(.*?)\},{\*\bkmkstart>}
785,markup/code,/\*.+?\*/,/*0g1YT)g*/
786,markup/code,"^\s*-?(\d*\.)?([0-2])?[0-9]:([0-5])?[0-9]:([0-5])?[0-9](\.[0-9]{1,7})?\s*$",     -7011.27:7:5  		
787,markup/code,^[^']*?\&lt;\s*Assembly\s*:\s*AssemblyVersion\s*\(\s*&quot;(\*|[0-9]+.\*|[0-9]+.[0-9]+.\*|[0-9]+.[0-9]+.[0-9]+.\*|[0-9]+.[0-9]+.[0-9]+.[0-9]+)&quot;\s*\)\s*\&gt;.*$,s&X%{*HJ&lt; 				 Assembly	  	 :	 	 AssemblyVersion( 	  &quot;*&quot;   	 )&gt;J.
790,markup/code,(?=(?:[^\']*\'[^\']*\')*(?![^\']*\')),"-wNk9''B'duh[Wh7P='4^UY?'*\:""&ybL''q?(V~f\ba''K'%@{\Kx'Yg &-gn')pYxC'Z'"
793,markup/code,href=[\&quot;\']?((?:[^&gt;]|[^\s]|[^&quot;]|[^'])+)[\&quot;\']?,href=V_5;
794,markup/code,&lt;a[\s]+[^&gt;]*?href[\s]?=[\s\&quot;\']+(.*?)[\&quot;\']+.*?&gt;([^&lt;]+|.*?)?&lt;\/a&gt;,&lt;a  7href=  o'& 	b;&;u!ga] &gt;&lt;/a&gt;
795,markup/code,(^[a-zA-Z][a-zA-Z0-9_]*)|(^[_][a-zA-Z0-9_]+),LSh6CjS
798,markup/code,('.*$|Rem((\t| ).*$|$)|&quot;(.|&quot;&quot;)*?&quot;),'/Rv'b
799,markup/code,&lt;/?(\w+)(\s*\w*\s*=\s*(&quot;[^&quot;]*&quot;|'[^']'|[^&gt;]*))*|/?&gt;,"&lt;KoVcWJhU		 	oJmqJe9Ck  =    xr 		 cqaxrK72fY	 	=	 '3'     		=&quot;(""Qf+&quot; 		5yTf_Tfxl 	   	  =	&quot;}Y#K&quot;	     eiIkg   	=  		'Z'	 =	 'j' 		Gsog	 	=    &quot;~4\PV&quot; 		 ExMk    ='N'  D	=   	&quot;K'+Y/2Nb$^&quot;   		cB9   =  e W"
