ind,type,regex,randomString
0,email,[\w-]+@([\w-]+\.)+[\w-]+,gg3@MZRuufrqt.IQJjul.vN7._6M.EBadeKn1x
1,email,"^[A-Za-z0-9](([_\.\-]?[a-zA-Z0-9]+)*)@([A-Za-z0-9]+)(([\.\-]?[a-zA-Z0-9]+)*)\.([A-Za-z]{2,})$",k.Rhc5z2DHGu_EsEvK@Jjfq.AqN
3,email,"^([\w\d\-\.]+)@{1}(([\w\d\-]{1,67})|([\w\d\-]+\.[\w\d\-]{1,67}))\.(([a-zA-Z\d]{2,4})(\.[a-zA-Z\d]{2})?)$",eLMJ7v3@TTLeiBw.xiJ.3v
4,email,"^.+@[^\.].*\.[a-z]{2,}$",}^J:slj5@`Y$y.viakwucek
5,email,"(\w[-._\w]*\w@\w[-._\w]*\w\.\w{2,3})",oFWJSdc.X@OdN7cVM.YO2
6,email,"^([0-9a-zA-Z]([-.\w]*[0-9a-zA-Z])*@([0-9a-zA-Z][-\w]*[0-9a-zA-Z]\.)+[a-zA-Z]{2,9})$",j@kYUj3YbS.8ldDnps.uBGlSL.xo2Dc.SN8g.o1.btJWzsO-RcI.ZOV9i5Xb38e.XsCFb
7,email,"^(([A-Za-z0-9]+_+)|([A-Za-z0-9]+\-+)|([A-Za-z0-9]+\.+)|([A-Za-z0-9]+\++))*[A-Za-z0-9]+@((\w+\-+)|(\w+\.))*\w{1,63}\.[a-zA-Z]{2,6}$",7dD--------2xnyUYbO_____yO@k.OO9wI.yysSrW
8,email,"^((?:(?:(?:[a-zA-Z0-9][\.\-\+_]?)*)[a-zA-Z0-9])+)\@((?:(?:(?:[a-zA-Z0-9][\.\-_]?){0,62})[a-zA-Z0-9])+)\.([a-zA-Z0-9]{2,6})$",A.0.mXS1e+d4O2O+JN+JlawMCE-ME-W1x_9fT.7jF.pXdK_S-E2+h.Wk_3Y+Qn+q_M+62@uZc.gP_zxGxfB9C.A_QdX3h.q-a3-xu.yo4jF.b_PC-oo0.aYgh
9,email,"^(([a-zA-Z0-9_\-\.]+)@([a-zA-Z0-9_\-\.]+)\.([a-zA-Z]{2,5}){1,25})+([;.](([a-zA-Z0-9_\-\.]+)@([a-zA-Z0-9_\-\.]+)\.([a-zA-Z]{2,5}){1,25})+)*$",U@9LhX-1.nflNkxnk6uNQ@UCsvSOynq.ZqILY-zd@Ppi-iJ.mMZmtxammUMFDdApyOfnkAHYpHYLPPagk2FMmNz1@9.lJhbWctnF_TFP@bji.rFDOnUljJydIPSyOCqLLqrMkBa@gwWL.tZCXjVuVMVzRbp.15dZoclq3x@-ZXt.QmpriNouGS8@pX8.FecWGgnWos7QHmaaVePO@nf_wGImoeL.cDcxBQXEfhsmappvMKOrEIDHBHyQdXnjhZWo;4@434.JBBwPbPYQFzDwizIJvstXnPBWKAv7@DLUv3n.MDTJOKZxwehZWfyrijfOMRbeJeMiODmSAnwe4Iamb@Gx0CO.eNOgTUI1ttDu@djssO.ChtUXoSY6Vxs@W.FqzxkSOpLA.JxE4@B.hZjpHYyHddU@rRDsu.BOTpoePHABndtllAGvW@wrPpJRIEA.GmDgdkXeCQpXIxaOmDihJQOMFudpdBvZ.HotIjPdgi3@7cb6J.fFwBCvlHgzmMkCL;Kt.Z4_W@YVDwclSL0.agkTYNviLiQmF@ZSOro172m.GLWlrkwgehByC2UdvRih0@oEo.qxwtyQ.xS@RvqbDq.WzwgsgEmBeyR2@P5.FCAsUeSDCcyPuaBHyupXGxOHgWlaqpBikiHJAs4tC8dtJ@Qouu4.bhKUJPuZ.vkk0HI@a-39rQnd.GzhrXWzGXQhdZzu@se1gp-.YTPsjsrijrJIoZToWPwYlcXIfcZIJF@IM.Pj427.XMXmbNJrtEcpvZOEvTtISuuWjDpQkSMjYew@VNo.uvPAxDgYipmEAJ5qq@8zC0rt.NdWJZBEnWMDPvQ8o.R4O@NN2vuoTA.ruGawzVBfKZu;FomDAgNtaA@Ql9VREB.clDrwxRerpOEJM2-VCEfwq@hDz9-.aPnxwWbgOqxdkmzbAKZBqsVkuWMuaxVAxUPg0hVj8jbHW@bpOA.GsJsoapCkMqzBoVcnDtCc@NkgAwx4.nioeBkgvWiOqnfxpFZhmrWpKtnbTelgb8@VOvqtf.e2.lAoDcPChht6bjK34.p@pHpvp.mLZshprdHIGmAKNIkxGvCnLdQT@G8zws8.VUzukQuvtk7KIpccXY@NWJvQKdtp7.yokMAubYIvxyYTEIGpBlAmb@V.TTACnyXYYYlH-E@voTd.JtUexVI.IsVstPDTU@A355l.f.CrxqutYvw@uIHQO.AQwmgpXjTmRlENrCsywy8fSeBiUh@0hl9eXF.TubsOtWGilMKY@ePWNvkQl.zXAtvTjVVWBRLxtxTRMvnPtctBwUhoCzDS9RSkg@0MeO.U2-yC.hFnQADTgCHpq@XhZb.oreIFomAqQ@6.fSPkclSqiLwVNZJizOnNmtCknLtEtNcvo@DWOmL.roqKmSHqxDVGlZvBJsJftVSuhiGP6gEK.@ue649H6.dXuwMcEdhj.iq4Uvx@8NSwR40bkO.owlDBmtFJTGDwrSvMQFqnVLcnkEXaC.A3G0@YDpWICPi.HmqduMPRKOvJVuEuneTdkV3RL5@a.LhSFoCupczPNWNoDYqBYJXuG48@ok.eigAErjLojJBTLynvUWLnCnPNhz6__R5bt@e7t.BNRnVQgBEdZYiwc
10,email,"^([0-9a-zA-Z]+[-._+&amp;])*[0-9a-zA-Z]+@([-0-9a-zA-Z]+[.])+[a-zA-Z]{2,6}$",Cv3l8sTm+7hbM@TmiTY.Lew.q5VZq7y1F.y412sEi0vt.vM
11,email,"^[a-zA-Z]+(([\'\,\.\- ][a-zA-Z ])?[a-zA-Z]*)*\s+&lt;(\w[-._\w]*\w@\w[-._\w]*\w\.\w{2,3})&gt;$|^(\w[-._\w]*\w@\w[-._\w]*\w\.\w{2,3})$",Mb7E@HOkN.5M
13,email,"\w+([-+.]\w+)*@\w+([-.]\w+)*\.\w+([-.]\w+)*([,;]\s*\w+([-+.]\w+)*@\w+([-.]\w+)*\.\w+([-.]\w+)*)*","eb7PwKM.URg54OLs@mVh8Cr1F9e.OqFL-WSHPo6qP.HtYP5vlFbz.h_aTe-ejLT-WE0N21-nG0jcWw-0Jnk3dg8V.ZoTi-evvV.p6Gk4QyW.mkKfz-R-SfA-O.FpaB._yMyC85jT.ANbIYNHv-wUVwvJ1Cto.nPGISYRA-B;   TP1.1Td7up-jrQ.FmzUT8g-ayT3d+K3.0Lk.EcubIL-gxbJA+ag9R7VjEh@dGF-BrH9cv9P-INtUKdnH_-QeKa4z.ciMnvfmHQv-EQ-gpNTfknH-TBGWg.0I5.UAGE.uNc4y1AqZS.pWjrxBxk91.Ze.Zw.KdUnSeRr; 2m+6Xh7HexoJj+rlCJo.VnL8Eqzri.XINnhI-uGcuLpP+SHZrkPdJm@N2BGei.f25-gSgYJ.7qoCTw.1nwus02Ni-XsHS5Ogk-F-bCNho.IGHrlrc3, 	OSQ7k5D52-BMBdFF-re-t7s_h07m-DJLpUuYwz5+bZ7hmsraLf-6ee+UrV9gZ0Y.gNIXxs2j@_EK.CATcfEQaV.3FaM0A.WWa.SuZY,  	 HDz3V-ME50+6I0b_P+luumq_wUc+Hh.Cd7Z.0mr1U3Bh5r-9wfjw+My1dBRk@xvMIoaCI34-XQ-jAgZzPWqc.SWkuS2vF.Sq.UnfswpUPek.oRE-l_OODC.roHJPC_k.0_JE-5eo6dGl.FSoAh-Ha48z-uS,0-LX+NOwS4aWeD-kc8G-1-DbDTLHJ-2G46Z.F@32k-Q.YYwrPuO.P44ZJt.e.GgZp1d9Mtu-Iimm9S-J5Z73Cgm-YqK"
14,email,"^\w+@[a-zA-Z_]+?\.[a-zA-Z]{2,3}$",zer@QvtbfU.pUz
16,email,"^([a-zA-Z0-9_\-\.]+)@((\[[0-9]{1,3}\.[0-9]{1,3}\.[0-9]{1,3}\.)|(([a-zA-Z0-9\-]+\.)+))([a-zA-Z]{2,4}|[0-9]{1,3})(\]?)$",GeqH-h8SS@lYKZn.fN.HtjP.5YjMZ.qRJc3P.vwFczqjq.ga
17,email,"^[\w-]+(?:\.[\w-]+)*@(?:[\w-]+\.)+[a-zA-Z]{2,7}$",wfkZOw.ZxRMKKS4V.G8X.U4o3G.sp.2_wTW5w.yCupHwJEV@4oRLE_.BZqxcre
18,email,^[\n &lt;&quot;']*([a-zA-Z0-9._-]+@[a-zA-Z0-9._-]+),&'&&uuVqHp58yp@Ab-
19,email,"^(([-\w \.]+)|(&quot;&quot;[-\w \.]+&quot;&quot;) )?&lt;([\w\-\.]+)@((\[([0-9]{1,3}\.){3}[0-9]{1,3}\])|(([\w\-]+\.)+)([a-zA-Z]{2,4}))&gt;$",&quot;&quot;k7&quot;&quot; &lt;GEe0CGB@lLrjiUt.Pyit&gt;
20,email,"^([0-9a-zA-Z]([-.\w]*[0-9a-zA-Z])*@(([0-9a-zA-Z])+([-\w]*[0-9a-zA-Z])*\.)+[a-zA-Z]{2,9})$",lfF0@ahdMaSFHgWjC1mk6HAwLJivw1_IJ5xLG7mT4dLxVS0-VIdbL.Pc2L2Bc6pdiNhYXkpeUzNW-vXSqYC8CJpAKS01clNY5dbMtxlr.yd9KmPRjomaJAPJdNWmZUcmh4U9_eamL7r.U6kxosWsxMrU7e.ksSw87CeuytNUEtET8.gzYsWIz1gEZMXESn3sq0qiOHu6FhXtGKmMvOcnvarU.ogIlx
21,email,(\w+?@\w+?\x2E.+),X5VI@VtrVq5qq./v Q!/	`i
22,email,"^[_a-zA-Z0-9-]+(\.[_a-zA-Z0-9-]+)*@[a-zA-Z0-9-]+(\.[a-zA-Z0-9-]+)*\.(([0-9]{1,3})|([a-zA-Z]{2,3})|(aero|coop|info|museum|name))$",9Yi@BQ.cSG
23,email,"^[\w\.=-]+@[\w\.-]+\.[\w]{2,3}$",uKJtTH9tH@ZuJSN.V_H
25,email,"^(?:[a-zA-Z0-9_'^&amp;/+-])+(?:\.(?:[a-zA-Z0-9_'^&amp;/+-])+)*@(?:(?:\[?(?:(?:25[0-5]|2[0-4][0-9]|[01]?[0-9][0-9]?))\.){3}(?:(?:25[0-5]|2[0-4][0-9]|[01]?[0-9][0-9]?)\]?)|(?:[a-zA-Z0-9-]+\.)+(?:[a-zA-Z]){2,}\.?)$",5pwIbFp@[253.9.[251.80]
28,email,"^\W{0,5}[Rr]e:\W[a-zA-Z0-9]{1,10},\W[a-z]{1,10}\W[a-z]{1,10}\W[a-z]{1,10}",":Re:?8nsp1cP,.yoeloar:kkpyx.jvjqs"
29,email,"^[a-z0-9][a-z0-9_\.-]{0,}[a-z0-9]@[a-z0-9][a-z0-9_\.-]{0,}[a-z0-9][\.][a-z0-9]{2,4}$",9e@s1_f86.dpiz
30,email,"^((\""[^\""\f\n\r\t\v\b]+\"")|([\w\!\#\$\%\&\'\*\+\-\~\/\^\`\|\{\}]+(\.[\w\!\#\$\%\&\'\*\+\-\~\/\^\`\|\{\}]+)*))@((\[(((25[0-5])|(2[0-4][0-9])|([0-1]?[0-9]?[0-9]))\.((25[0-5])|(2[0-4][0-9])|([0-1]?[0-9]?[0-9]))\.((25[0-5])|(2[0-4][0-9])|([0-1]?[0-9]?[0-9]))\.((25[0-5])|(2[0-4][0-9])|([0-1]?[0-9]?[0-9])))\])|(((25[0-5])|(2[0-4][0-9])|([0-1]?[0-9]?[0-9]))\.((25[0-5])|(2[0-4][0-9])|([0-1]?[0-9]?[0-9]))\.((25[0-5])|(2[0-4][0-9])|([0-1]?[0-9]?[0-9]))\.((25[0-5])|(2[0-4][0-9])|([0-1]?[0-9]?[0-9])))|((([A-Za-z0-9\-])+\.)+[A-Za-z\-]+))$",f.XG&|.u@[253.1.6.049]
31,email,"^([a-zA-Z0-9_\-\.]+)@([a-zA-Z0-9_\-\.]+)\.([a-zA-Z]{2,5})$",-zdQG.TcIk@lf.ycYhj
32,email,"^((?:(?:(?:\w[\.\-\+]?)*)\w)+)\@((?:(?:(?:\w[\.\-\+]?){0,62})\w)+)\.(\w{2,6})$",C-S_-3-jVLe+ece-g.6F-gM1+Z+y9-eq.UMXz-5N+00.bb.L@T.ol-9tA4.E+u-NgB+x+T.Dg.f.B+Z-h+WjL7_f-6T0-ea4d-F.e.OLCB7
33,email,"^([\w\-\.]+)@((\[([0-9]{1,3}\.){3}[0-9]{1,3}\])|(([\w\-]+\.)+)([a-zA-Z]{2,4}))$",iCzRuexHJ@5ZP7B.QYJ0ZM.rw.jSK8O8b.9fAp8ILOY.gPuD
34,email,"^[\w-]+(\.[\w-]+)*@([a-z0-9-]+(\.[a-z0-9-]+)*?\.[a-z]{2,6}|(\d{1,3}\.){3}\d{1,3})(:\d{4})?$",Z7X.vPbW5w3P.hU.k3c.zqBu.MssF.unb@198.246.1.0:3020
35,email,"^((([a-zA-Z\'\.\-]+)?)((,\s*([a-zA-Z]+))?)|([A-Za-z0-9](([_\.\-]?[a-zA-Z0-9]+)*)@([A-Za-z0-9]+)(([\.\-]?[a-zA-Z0-9]+)*)\.([A-Za-z]{2,})))(;{1}(((([a-zA-Z\'\.\-]+){1})((,\s*([a-zA-Z]+))?))|([A-Za-z0-9](([_\.\-]?[a-zA-Z0-9]+)*)@([A-Za-z0-9]+)(([\.\-]?[a-zA-Z0-9]+)*)\.([A-Za-z]{2,})){1}))*$",FPvfJV;fGFLmcXNB76eymxYUH@R509hwqJ37eEqkjGdcKS-GZnzaWU.FyVQ4oKyCSC-tNdZRcBgTp.kacbQgPxwt;CZgZr;V.nINuDi2JkKPCeLN4kvG7blRT_0EsC2Oiv_ni35jBlaR1u.NqXiFG@vR.zvC4X3zSoEaoRmj-k1cL9y3TtuLIup.282dQ.HnVn;sawac;CV
37,url,"((http\://|https\://|ftp\://)|(www.))+(([a-zA-Z0-9\.-]+\.[a-zA-Z]{2,4})|([0-9]{1,3}\.[0-9]{1,3}\.[0-9]{1,3}\.[0-9]{1,3}))(/[a-zA-Z0-9%:/-_\?\.'~]*)?",ftp://http://https://wwwIwww[wwwhttp://https://9Qeg3Axc.kZSz/j^gFU\EC
38,url,"^((?:2[0-5]{2}|1\d{2}|[1-9]\d|[1-9])\.(?:(?:2[0-5]{2}|1\d{2}|[1-9]\d|\d)\.){2}(?:2[0-5]{2}|1\d{2}|[1-9]\d|\d)):(\d|[1-9]\d|[1-9]\d{2,3}|[1-5]\d{4}|6[0-4]\d{3}|654\d{2}|655[0-2]\d|6553[0-5])$",37.251.250.0:1
39,url,"^((([0-9A-Fa-f]{1,4}:){7}[0-9A-Fa-f]{1,4})|(([0-9A-Fa-f]{1,4}:){6}:[0-9A-Fa-f]{1,4})|(([0-9A-Fa-f]{1,4}:){5}:([0-9A-Fa-f]{1,4}:)?[0-9A-Fa-f]{1,4})|(([0-9A-Fa-f]{1,4}:){4}:([0-9A-Fa-f]{1,4}:){0,2}[0-9A-Fa-f]{1,4})|(([0-9A-Fa-f]{1,4}:){3}:([0-9A-Fa-f]{1,4}:){0,3}[0-9A-Fa-f]{1,4})|(([0-9A-Fa-f]{1,4}:){2}:([0-9A-Fa-f]{1,4}:){0,4}[0-9A-Fa-f]{1,4})|(([0-9A-Fa-f]{1,4}:){6}((\b((25[0-5])|(1\d{2})|(2[0-4]\d)|(\d{1,2}))\b)\.){3}(\b((25[0-5])|(1\d{2})|(2[0-4]\d)|(\d{1,2}))\b))|(([0-9A-Fa-f]{1,4}:){0,5}:((\b((25[0-5])|(1\d{2})|(2[0-4]\d)|(\d{1,2}))\b)\.){3}(\b((25[0-5])|(1\d{2})|(2[0-4]\d)|(\d{1,2}))\b))|(::([0-9A-Fa-f]{1,4}:){0,5}((\b((25[0-5])|(1\d{2})|(2[0-4]\d)|(\d{1,2}))\b)\.){3}(\b((25[0-5])|(1\d{2})|(2[0-4]\d)|(\d{1,2}))\b))|([0-9A-Fa-f]{1,4}::([0-9A-Fa-f]{1,4}:){0,5}[0-9A-Fa-f]{1,4})|(::([0-9A-Fa-f]{1,4}:){0,6}[0-9A-Fa-f]{1,4})|(([0-9A-Fa-f]{1,4}:){1,7}:))$",63:F8::8C0
48,url,(^\d{3}\x2E\d{3}\x2E\d{3}\x2D\d{2}$),120.708.427-41
49,url,"^(((ht|f)tp(s?))\://)?(www.|[a-zA-Z].)[a-zA-Z0-9\-\.]+\.(com|edu|gov|mil|net|org|biz|info|name|museum|us|ca|uk)(\:[0-9]+)*(/($|[a-zA-Z0-9\.\,\;\?\'\\\+&amp;%\$#\=~_\-]+))*$",vTPZU.com:5697:192202164:734:3:9693330:20744464//lz
50,url,^[^\\\/\?\*\&quot;\'\&gt;\&lt;\:\|]*$,^Y(
51,url,^(25[0-5]|2[0-4][0-9]|[0-1]{1}[0-9]{2}|[1-9]{1}[0-9]{1}|[1-9])\.(25[0-5]|2[0-4][0-9]|[0-1]{1}[0-9]{2}|[1-9]{1}[0-9]{1}|[1-9]|0)\.(25[0-5]|2[0-4][0-9]|[0-1]{1}[0-9]{2}|[1-9]{1}[0-9]{1}|[1-9]|0)\.(25[0-5]|2[0-4][0-9]|[0-1]{1}[0-9]{2}|[1-9]{1}[0-9]{1}|[0-9])$,214.2.103.244
53,url,"^(ht|f)tp(s?)\:\/\/[a-zA-Z0-9\-\._]+(\.[a-zA-Z0-9\-\._]+){2,}(\/?)([a-zA-Z0-9\-\.\?\,\'\/\\\+&amp;%\$#_]*)?$",http://aKDsTnM.xkn3WzjP-.ss.V1p#vM#&&Q
54,url,"^([a-zA-Z0-9]([a-zA-Z0-9\-]{0,61}[a-zA-Z0-9])?\.)+[a-zA-Z]{2,6}$",C.L.l.3Rp9a0m8tnp3.iKxlP
59,url,^(([a-zA-Z]:)|(\\{2}\w+)\$?)(\\(\w[\w ]*.*))+\.(jpg|JPG)$,"M:\eI\IUbfGg!7+?\yNS CVSrg\dlCYPfwGWj.Mh>~x\QM5s73\P3tqU_41@LM2,	#\zOn4GrkbRiIV\8d]hQQwH/F.jpg"
61,url,"(http|ftp|https):\/\/[\w\-_]+(\.[\w\-_]+)+([\w\-\.,@?^=%&amp;:/~\+#]*[\w\-\@?^=%&amp;/~\+#])?",https://etv3qaVT.UFd1eGTZ-G.Rx-bos.FrJ.4.W.RHb-mCn.OnV4o.r.j.G4kRw8
62,url,^(([a-zA-Z]:)|(\\{2}\w+)\$?)(\\(\w[\w ]*.*))+\.(txt|TXT)$,\\R\UrFxp\KT0YZ\6e>i/3s8j\DVXqS3:?b\uvH2eYeK\BTOPqAoN-3W+\FA-\jm+FM~*?.txt
63,url,"(?!\.)[a-z]{1,4}$",salz
64,url,(a(?:[cdefgilmnoqrstuwxz]|ero|(?:rp|si)a)|b(?:[abdefghijmnorstvwyz]iz)|c(?:[acdfghiklmnoruvxyz]|at|o(?:m|op))|d[ejkmoz]|e(?:[ceghrstu]|du)|f[ijkmor]|g(?:[abdefghilmnpqrstuwy]|ov)|h[kmnrtu]|i(?:[delmnoqrst]|n(?:fo|t))|j(?:[emop]|obs)|k[eghimnprwyz]|l[abcikrstuvy]|m(?:[acdeghklmnopqrstuvwxyz]|il|obi|useum)|n(?:[acefgilopruz]|ame|et)|o(?:m|rg)|p(?:[aefghklmnrstwy]|ro)|qa|r[eosuw]|s[abcdeghijklmnortuvyz]|t(?:[cdfghjklmnoprtvwz]|(?:rav)?el)|u[agkmsyz]|v[aceginu]|w[fs]|y[etu]|z[amw]),qa
65,url,"^(\$)?(([1-9]\d{0,2}(\,\d{3})*)|([1-9]\d*)|(0))(\.\d{2})?$",$33
66,url,^[a-zA-Z0-9]+([a-zA-Z0-9\-\.]+)?\.(com|org|net|mil|edu|COM|ORG|NET|MIL|EDU)$,3OxICNODV.COM
67,url,^(([0-2]*[0-9]+[0-9]+)\.([0-2]*[0-9]+[0-9]+)\.([0-2]*[0-9]+[0-9]+)\.([0-2]*[0-9]+[0-9]+))$,221238893135.0220271985472818750.10391089668776869.11020889979554915
69,url,"[0-9]{1,3}\.[0-9]{1,3}\.[0-9]{1,3}\.[0-9]{1,3}",37.31.11.4
70,url,"^(http|https|ftp)\://([a-zA-Z0-9\.\-]+(\:[a-zA-Z0-9\.&amp;%\$\-]+)*@)*((25[0-5]|2[0-4][0-9]|[0-1]{1}[0-9]{2}|[1-9]{1}[0-9]{1}|[1-9])\.(25[0-5]|2[0-4][0-9]|[0-1]{1}[0-9]{2}|[1-9]{1}[0-9]{1}|[1-9]|0)\.(25[0-5]|2[0-4][0-9]|[0-1]{1}[0-9]{2}|[1-9]{1}[0-9]{1}|[1-9]|0)\.(25[0-5]|2[0-4][0-9]|[0-1]{1}[0-9]{2}|[1-9]{1}[0-9]{1}|[0-9])|localhost|([a-zA-Z0-9\-]+\.)*[a-zA-Z0-9\-]+\.(com|edu|gov|int|mil|net|org|biz|arpa|info|name|pro|aero|coop|museum|[a-zA-Z]{2}))(\:[0-9]+)*(/($|[a-zA-Z0-9\.\,\?\'\\\+&amp;%\$#\=~_\-]+))*$",ftp://glauKo:poA%o:%X9dCeT9R@CD:6R.TqZard:o:WmA8aZz:$Ot%:3F&pk.mg:U$@VXjy3j3d-S:k5:b9R:qQQ%Wplr:YZ%;s8Qo2x:$WDpHpsiJ:89ap:Ngei:;lLYYv:.:LgqMhT@p:tCOlRWC:M7Lst.:K.K-Xpm:lb-Hev:O1mlDIl:.hifeL:xG:JABs@Z1XLy@p0E:5LiWMiuvp:sz:0@UA8Z:WUm0ziF-d:NU4p:as-Dc:mHBp;:UH4jGMZX5J:m@-q:N:HcJ$CWd1@31.154.72.95:54774515:270409523:15542036:38:0:2976618961:667909:92805
72,url,"(((file|gopher|news|nntp|telnet|http|ftp|https|ftps|sftp)://)|(www\.))+(([a-zA-Z0-9\._-]+\.[a-zA-Z]{2,6})|([0-9]{1,3}\.[0-9]{1,3}\.[0-9]{1,3}\.[0-9]{1,3}))(/[a-zA-Z0-9\&amp;%_\./-~-]*)?",sftp://www.www.www.760.7.4.022
73,url,"^(\$|)([1-9]+\d{0,2}(\,\d{3})*|([1-9]+\d*))(\.\d{2})?$","$284382,419,217,845,641,680"
75,url,"([A-Z]:\\[^/:\*\?<>\|]+\.\w{2,6})|(\\{2}[^/:\*\?<>\|]+\.\w{2,6})",S:\zXY9Z.CceP
77,url,"^(http|https|ftp)\://([a-zA-Z0-9\.\-]+(\:[a-zA-Z0-9\.&amp;%\$\-]+)*@)?((25[0-5]|2[0-4][0-9]|[0-1]{1}[0-9]{2}|[1-9]{1}[0-9]{1}|[1-9])\.(25[0-5]|2[0-4][0-9]|[0-1]{1}[0-9]{2}|[1-9]{1}[0-9]{1}|[1-9]|0)\.(25[0-5]|2[0-4][0-9]|[0-1]{1}[0-9]{2}|[1-9]{1}[0-9]{1}|[1-9]|0)\.(25[0-5]|2[0-4][0-9]|[0-1]{1}[0-9]{2}|[1-9]{1}[0-9]{1}|[0-9])|([a-zA-Z0-9\-]+\.)*[a-zA-Z0-9\-]+\.[a-zA-Z]{2,4})(\:[0-9]+)?(/[^/][a-zA-Z0-9\.\,\?\'\\/\+&amp;%\$#\=~_\-@]*)*$","ftp://56.0.098.057/x3nI447/UZ1O-/QsXQM?Q,r+/~$/ $@+K3Mw8r/FYK-6Ie~L+Y"
78,url,^DOMAIN\\\w+$,DOMAIN\OTUJ
80,url,"^http\://[a-zA-Z0-9\-\.]+\.[a-zA-Z]{2,3}(/\S*)?$",http://IyY9IFs.aMj/%B1qDO|YF^
81,url,((mailto\:|(news|(ht|f)tp(s?))\://){1}\S+),mailto:{
82,url,"^(http|https|ftp)\://[a-zA-Z0-9\-\.]+\.[a-zA-Z]{2,3}(:[a-zA-Z0-9]*)?/?([a-zA-Z0-9\-\._\?\,\'/\\\+&amp;%\$#\=~])*$",http://EcfAsfRS.uyE
84,url,"\b([\d\w\.\/\+\-\?\:]*)((ht|f)tp(s|)\:\/\/|[\d\d\d|\d\d]\.[\d\d\d|\d\d]\.|www\.|\.tv|\.ac|\.com|\.edu|\.gov|\.int|\.mil|\.net|\.org|\.biz|\.info|\.name|\.pro|\.museum|\.co)([\d\w\.\/\%\+\-\=\&amp;\?\:\\\&quot;\'\,\|\~\;]*)\b",83f/uL0.bizgI7H
85,url,(\s|\n|^)(\w+://[^\s\n]+),B15ek://TGM;MI9KG
87,url,([^\=&]+)(?<!param1|param2|param3)\=([^\=&]+)(&)?,g/=~%RqM
88,url,9[0-9],96
89,url,"[a-zA-Z]{3,}://[a-zA-Z0-9\.]+/*[a-zA-Z0-9/\\%_.]*\?*[a-zA-Z0-9/\\%_.=&amp;]*",AjzFiJr://VmpoAKSvw///wJADx????????Qm6JlJ
90,url,^((\d|\d\d|[0-1]\d\d|2[0-4]\d|25[0-5])\.(\d|\d\d|[0-1]\d\d|2[0-4]\d|25[0-5])\.(\d|\d\d|[0-1]\d\d|2[0-4]\d|25[0-5])\.(\d|\d\d|[0-1]\d\d|2[0-4]\d|25[0-5]))$,1.252.236.63
91,url,^([a-zA-Z].*|[1-9].*)\.(((j|J)(p|P)(g|G))|((g|G)(i|I)(f|F)))$,5C.gIf
92,url,"^[^\\\./:\*\?\""<>\|]{1}[^\\/:\*\?\""<>\|]{0,254}$","K~,t[r.2Fw"
94,url,"(((ht|f)tp(s?):\/\/)|(www\.[^ \[\]\(\)\n\r\t]+)|(([012]?[0-9]{1,2}\.){3}[012]?[0-9]{1,2})\/)([^ \[\]\(\),;&quot;'&lt;&gt;\n\r\t]+)([^\. \[\]\(\),;&quot;'&lt;&gt;\n\r\t])|(([012]?[0-9]{1,2}\.){3}[012]?[0-9]{1,2})",08.2.18.2
95,url,^\\([^\\]+\\)*[^\/:*?&quot;&lt;&gt;|]?$,"\c""s\imdytd\"
96,url,"^(([a-zA-Z0-9]([a-zA-Z0-9\-]{0,61}[a-zA-Z0-9])?\.)+[a-zA-Z]{2,6}/(DC=['\w\d\s\-\&amp;]+[,]*){2,})|((\d{1,2}|1\d\d|2[0-4]\d|25[0-5])\.(\d{1,2}|1\d\d|2[0-4]\d|25[0-5])\.(\d{1,2}|1\d\d|2[0-4]\d|25[0-5])\.(\d{1,2}|1\d\d|2[0-4]\d|25[0-5])/(DC=['\w\d\s\-\&amp;]+[,]*){2,})|((DC=['\w\d\s\-\&amp;]+[,]*){2,})$","3RGd.XTv4NdYS.0.m.D.IlL1ovDQmOv.NWJ.R.5.U8eo.VOnMj/DC=LfRFAA ,,,,,,,,DC=9bRa0I5A,,DC=D6T 	1;Z,,,,,,,,,,DC=shmHlI-NL,,DC=xG;_wOe,,,,,DC=nrGl-z,,,,,,,,,,DC=a4pO,,,,DC=V0jL8a70p,,,,,,,,DC=JU9LI7a,DC=aO0fVxdwr,,,,,"
97,url,"^(ht|f)tp((?<=http)s)?://((?<=http://)www|(?<=https://)www|(?<=ftp://)ftp)\.(([a-z][0-9])|([0-9][a-z])|([a-z0-9][a-z0-9\-]{1,2}[a-z0-9])|([a-z0-9][a-z0-9\-](([a-z0-9\-][a-z0-9])|([a-z0-9][a-z0-9\-]))[a-z0-9\-]*[a-z0-9]))\.(co|me|org|ltd|plc|net|sch|ac|mod|nhs|police|gov)\.uk(:\d+)?\/?$",ftphttps://https://www.hv24dr749.sch.uk
98,url,^[a-z]+([a-z0-9-]*[a-z0-9]+)?(\.([a-z]+([a-z0-9-]*[a-z0-9]+)?)+)*$,kxbn7kccoaxv9lp4.ioxggio2-huwu1kb3xcif838icoowavsc0av5f67vtjwlwzbisol3zjalzcqrpuagvdpilmrcz4rqfja44f0ogzzjkjhxaxiarbhmiukbd6m8sq3li
99,url,&lt;a\s*.*?href\s*=\s*['&quot;](?!http:\/\/).*?&gt;(.*?)&lt;\/a&gt;,&lt;a  	 	 yu4;#m<href 	=   '%&gt;*s.1cT?Ay&lt;/a&gt;
100,url,"^(ht|f)tp((?<=http)s)?://((?<=http://)www|(?<=https://)www|(?<=ftp://)ftp)\.(([a-z][0-9])|([0-9][a-z])|([a-z0-9][a-z0-9\-]{1,2}[a-z0-9])|([a-z0-9][a-z0-9\-](([a-z0-9\-][a-z0-9])|([a-z0-9][a-z0-9\-]))[a-z0-9\-]*[a-z0-9]))\.(co|me|org|ltd|plc|net|sch|ac|mod|nhs|police|gov)\.uk$",ftp://ftp://ftp.1nqi4ndhq36ya.me.uk
101,url,"^([a-zA-Z]\:|\\)\\([^\\]+\\)*[^\/:*?""<>|]+\.htm(l)?$",t:\>L\.{1xn mS\#-g#|&\KS.html
102,url,"^((https?|ftp)\://((\[?(\d{1,3}\.){3}\d{1,3}\]?)|(([-a-zA-Z0-9]+\.)+[a-zA-Z]{2,4}))(\:\d+)?(/[-a-zA-Z0-9._?,'+&amp;%$#=~\\]+)*/?)$",https://[724.585.43.46]:49163872/MZJh5rx_S/P/qcW'/7pVBUna2/
103,url,"^(http|https|ftp)\://[a-zA-Z0-9\-\.]+\.[a-zA-Z]{2,3}(:[a-zA-Z0-9]*)?/?([a-zA-Z0-9\-\._\?\,\'/\\\+&amp;%\$#\=~])*[^\.\,\)\(\s]$","http://u.mSq:wQg,+x.X3"
105,url,"^([a-zA-Z]\:)(\\[^\\/:*?<>""|]*(?<![ ]))*(\.[a-zA-Z]{2,6})$",k:\R^rSHM\l\wFa&Q`RVW\kE~IQ\6JC\iaQ=H)[bgr\dzU%p\G=\3J.j.CkG
106,url,\b(((\S+)?)(@|mailto\:|(news|(ht|f)tp(s?))\://)\S+)\b,[*dkC!N@+^k&~A
107,url,"^(http|https|ftp)\://(((25[0-5]|2[0-4][0-9]|1[0-9][0-9]|[1-9][0-9]|[0-9])\.){3}(25[0-5]|2[0-4][0-9]|1[0-9][0-9]|[1-9][0-9]|[0-9])|([a-zA-Z0-9_\-\.])+\.(com|net|org|edu|int|mil|gov|arpa|biz|aero|name|coop|info|pro|museum|uk|me))((:[a-zA-Z0-9]*)?/?([a-zA-Z0-9\-\._\?\,\'/\\\+&amp;%\$#\=~])*)$",ftp://Lrzk7.me/d'_
108,url,([a-zA-Z]:(\\w+)*\\[a-zA-Z0_9]+)?.xls,s:\w\wwwwwww\wwwwwwwww\9ullOgW@xls
109,url,^[a-zA-Z0-9\-\.]+\.(com|org|net|mil|edu|COM|ORG|NET|MIL|EDU)$,8WG.COM
110,url,(mailto\:|(news|(ht|f)tp(s?))\://)(([^[:space:]]+)|([^[:space:]]+)( #([^#]+)#)?),mailto:X]]]
111,url,[0-9A-Fa-f]{2}(\.?)[0-9A-Fa-f]{2}(\.?)[0-9A-Fa-f]{2}(\.?)[0-9A-Fa-f]{2},BEbd.7bdA
113,url,\.com/(\d+)$,.com/017
114,url,.*?$(?<!\.aspx), swDd1
115,url,(^[a-zA-Z0-9]+://),cb://
116,url,"^(([a-z][0-9])|([0-9][a-z])|([a-z0-9][a-z0-9\-]{1,2}[a-z0-9])|([a-z0-9][a-z0-9\-](([a-z0-9\-][a-z0-9])|([a-z0-9][a-z0-9\-]))[a-z0-9\-]*[a-z0-9]))\.(co|me|org|ltd|plc|net|sch|ac|mod|nhs|police|gov)\.uk$",8m.org.uk
117,url,^http://([a-zA-Z0-9_\-]+)([\.][a-zA-Z0-9_\-]+)+([/][a-zA-Z0-9\~\(\)_\-]*)+([\.][a-zA-Z0-9\(\)_\-]+)*$,http://Udxlf.9zOWn00.HhgmioRP.o9lh8U.x_.QJR.S.8XYX0AXFw-.3KSYg.x.2/AkA/ytQBS/AWTy)/ExM/rA54bg5zW/rTZa-SPaX/BTQwdXyDk1.OTzGqcNoE.).gT_0-D.Okwfd.CXoZC.Tm.pt._PO91q1.5
119,url,^\[assembly: AssemblyVersion\(\&quot;([0-9]+)\.([0-9]+)\.([0-9]+)\.([0-9]+),[assembly: AssemblyVersion(&quot;518879.272684111.67.1
120,numbers,"^(0|(\+)?[1-9]{1}[0-9]{0,8}|(\+)?[1-3]{1}[0-9]{1,9}|(\+)?[4]{1}([0-1]{1}[0-9]{8}|[2]{1}([0-8]{1}[0-9]{7}|[9]{1}([0-3]{1}[0-9]{6}|[4]{1}([0-8]{1}[0-9]{5}|[9]{1}([0-5]{1}[0-9]{4}|[6]{1}([0-6]{1}[0-9]{3}|[7]{1}([0-1]{1}[0-9]{2}|[2]{1}([0-8]{1}[0-9]{1}|[9]{1}[0-5]{1})))))))))$",1868003
121,numbers,"^(0*100{1,1}\.?((?<=\.)0*)?%?$)|(^0*\d{0,2}\.?((?<=\.)\d*)?%?)$",100..0%
122,numbers,"^100$|^[0-9]{1,2}$|^[0-9]{1,2}\,[0-9]{1,3}$",16
123,numbers,"^\d{0,2}(\.\d{1,2})?$",.1
124,numbers,"^\$?([1-9]{1}[0-9]{0,2}(\,[0-9]{3})*(\.[0-9]{0,2})?|[1-9]{1}[0-9]{0,}(\.[0-9]{0,2})?|0(\.[0-9]{0,2})?|(\.[0-9]{1,2})?)$",$.3
125,numbers,"^\$?([0-9]{1,3},([0-9]{3},)*[0-9]{3}|[0-9]+)(\.[0-9][0-9])?$",991518688
126,numbers,^[1-9]+[0-9]*$,85272299651
127,numbers,^(?!\u00a2)],]
129,numbers,"(?!0,?\d)",
131,numbers,"(?:([, .])\d{3})?",.685
135,numbers,(^\d*\.?\d*[1-9]+\d*$)|(^[1-9]+\d*\.\d*$),8553080.9
136,numbers,^\d*\.?\d*$,2929120.385
137,numbers,^[-+]?\d+(\.\d+)?$,89039087
138,numbers,"^(\d{1,3}'(\d{3}')*\d{3}(\.\d{1,3})?|\d{1,3}(\.\d{3})?)$",6.904
139,numbers,"^(\d|-)?(\d|,)*\.?\d*$","10,83."
140,numbers,"^(((\d{1,3})(,\d{3})*)|(\d+))(.\d+)?$","1,712,558,846,920,688,109,537,576U415881766"
141,numbers,^\$[0-9]+(\.[0-9][0-9])?$,$04385.78
142,numbers,^\d*\.?((25)|(50)|(5)|(75)|(0)|(00))?$,49350254400
143,numbers,"^((\d?)|(([-+]?\d+\.?\d*)|([-+]?\d*\.?\d+))|(([-+]?\d+\.?\d*\,\ ?)*([-+]?\d+\.?\d*))|(([-+]?\d*\.?\d+\,\ ?)*([-+]?\d*\.?\d+))|(([-+]?\d+\.?\d*\,\ ?)*([-+]?\d*\.?\d+))|(([-+]?\d*\.?\d+\,\ ?)*([-+]?\d+\.?\d*)))$","+63554.095395724, +702375060, -93250228.0742093, -.5226692,+4.85122061,0756027.9270320"
144,numbers,"^\$?([0-9]{1,3},([0-9]{3},)*[0-9]{3}|[0-9]+)(.[0-9][0-9])?$",873861
145,numbers,"^(\$|)([1-9]\d{0,2}(\,\d{3})*|([1-9]\d*))(\.\d{2})?$","$46,345,571,711,927,385.59"
146,numbers,"^\$?\-?([1-9]{1}[0-9]{0,2}(\,\d{3})*(\.\d{0,2})?|[1-9]{1}\d{0,}(\.\d{0,2})?|0(\.\d{0,2})?|(\.\d{1,2}))$|^\-?\$?([1-9]{1}\d{0,2}(\,\d{3})*(\.\d{0,2})?|[1-9]{1}\d{0,}(\.\d{0,2})?|0(\.\d{0,2})?|(\.\d{1,2}))$|^\(\$?([1-9]{1}\d{0,2}(\,\d{3})*(\.\d{0,2})?|[1-9]{1}\d{0,}(\.\d{0,2})?|0(\.\d{0,2})?|(\.\d{1,2}))\)$",-$.31
147,numbers,^(?!\u00a2),
148,numbers,"^\$?(\d{1,3},?(\d{3},?)*\d{3}(\.\d{1,3})?|\d{1,3}(\.\d{2})?)$",$96
149,numbers,^\d$,4
150,numbers,"^\d{1,5}(\.\d{1,2})?$",23575
151,numbers,"^\d{0,2}(\.\d{1,4})? *%?$",9      
152,numbers,^(?!\u00a2),
154,numbers,"(?!0,?\d)",
156,numbers,"(\,\d{3})*",",180,772"
158,numbers,(\.\d{2})?$,.75
159,numbers,"^([1-9]{0,1})([0-9]{1})(\.[0-9])?$",76
160,numbers,^-?\d*(\.\d+)?$,-
161,numbers,([0-9]+\.[0-9]*)|([0-9]*\.[0-9]+)|([0-9]+),7461.7938749422
162,numbers,(^[0-9]*[1-9]+[0-9]*\.[0-9]*$)|(^[0-9]*\.[0-9]*[1-9]+[0-9]*$)|(^[0-9]*[1-9]+[0-9]*$),3167566789.31
163,numbers,(^\d*\.?\d*[0-9]+\d*$)|(^[0-9]+\d*\.\d*$),7814953.43586605
164,numbers,"(^\d{3,5}\,\d{2}$)|(^\d{3,5}$)",93001
165,numbers,(^([0-9]+[.]+[0-9]+)|(0)$),4358324......72580679
166,numbers,^\d+$,3356051230
167,numbers,^([0-5]?\d?\d?\d?\d|6[0-4]\d\d\d|65[0-4]\d\d|655[0-2]\d|6553[0-5])$,65530
168,numbers,^[1-5]$,4
169,numbers,"^\$(\d{1,3}(\,\d{3})*|(\d+))(\.\d{2})?$","$668,352,743,604,093,748,679,546,564,742,736.71"
170,numbers,"^0$|^[1-9][0-9]*$|^[1-9][0-9]{0,2}(,[0-9]{3})$",0
171,numbers,^([0-9]*|\d*\.\d{1}?\d*)$,8775
172,numbers,^[0-9]*(\.)?[0-9]+$,.7
173,numbers,^[+-]?([0-9]*\.?[0-9]+|[0-9]+\.?[0-9]*)([eE][+-]?[0-9]+)?$,+853488146.7708
174,numbers,"(^(\+?\-? *[0-9]+)([,0-9 ]*)([0-9 ])*$)|(^ *$)",       
175,numbers,^[1-9]{1}$|^[1-4]{1}[0-9]{1}$|^50$,4
176,numbers,^[-+]?[1-9]\d*\.?[0]*$,18890225
177,numbers,"^(\d|,)*\d*$",862130188
178,numbers,^(\+|-)?\d+$,+8
179,numbers,^1?[1-9]$|^[1-2]0$,17
180,numbers,"^((4\d{3})|(5[1-5]\d{2}))(-?|\040?)(\d{4}(-?|\040?)){3}|^(3[4,7]\d{2})(-?|\040?)\d{6}(-?|\040?)\d{5}","3,61-56459132249"
181,numbers,^\d* \d*\/{1}\d*$|^\d*$,8556857
182,numbers,(^-\d*\.?\d*[1-9]+\d*$)|(^-[1-9]+\d*\.\d*$),-311724633765
183,numbers,"\$[0-9]?[0-9]?[0-9]?((\,[0-9][0-9][0-9])*)?(\.[0-9][0-9]?)?$","$18,829,821,633,871,945"
184,numbers,"^\d+(?:\.\d{0,2})?$",514.
185,numbers,"^(([+]\d{2}[ ][1-9]\d{0,2}[ ])|([0]\d{1,3}[-]))((\d{2}([ ]\d{2}){2})|(\d{3}([ ]\d{3})*([ ]\d{2})+))$",0766-44 23 71
186,numbers,^[+]?\d*$,+4701833970
187,numbers,"^\d{1,7}$",3140
188,numbers,"^\$?(\d{1,3}(\,\d{3})*|(\d+))(\.\d{0,2})?$",82
189,numbers,^\d(\d)?(\d)?$,5
190,numbers,^[1]$|^[3]$|^[4]$|^[6]$|^[1]0$,3
191,numbers,"^(\d|,)*\.?\d*$","501450,."
192,numbers,^\d?\d'(\d|1[01])&quot;$,10'7&quot;
193,numbers,^[-+]?\d*$,+3112085
194,numbers,"(^(((\d)|(\d\d)|(\d\d\d))(\xA0|\x20))*((\d)|(\d\d)|(\d\d\d))([,.]\d*)?$)",2 70 379 9 82 054
195,numbers,"^[-+]?[0-9]\d{0,2}(\.\d{1,2})?%?$",-52
196,numbers,"^\-?\(?([0-9]{0,3}(\,?[0-9]{3})*(\.?[0-9]*))\)?$","(646,619,440913,663689267389,384,149042577229)"
197,numbers,^\d*$,22200530
198,numbers,(^[0]{1}$|^[-]?[1-9]{1}\d*$),80965707253
199,numbers,"$%  \d{1,2}(?:\.\d{1,2})?",%  62.59
200,numbers,^\$?\d+(\.(\d{2}))?$,$301650
201,numbers,^[-+]?[0-9]+[.]?[0-9]*([eE][-+]?[0-9]+)?$,-076586871E2380517
202,numbers,^([1-9]|[1-9]\d|100)$,92
203,numbers,^[-+]?\d*\.?\d*$,+5386761.4704484
204,numbers,"^\$[+-]?([0-9]+|[0-9]{1,3}(,[0-9]{3})*)(\.[0-9]{1,2})?$",$336033982.07
205,numbers,"^\$?(\d{1,3},?(\d{3},?)*\d{3}(\.\d{0,2})?|\d{1,3}(\.\d{0,2})?|\.\d{1,2}?)$","$8961088,784164,775499,328314,648.6"
206,numbers,"^[-]?([1-9]{1}[0-9]{0,}(\.[0-9]{0,2})?|0(\.[0-9]{0,2})?|\.[0-9]{1,2})$",-8506330613.2
207,numbers,^[-+]?\d+(\.\d+)?|[-+]?\.\d+?$,-.80
209,numbers,"(?!^0*$)(?!^0*\.0*$)^\d{1,5}(\.\d{1,3})?$",208
210,numbers,"(^N/A$)|(^[-]?(\d+)(\.\d{0,3})?$)|(^[-]?(\d{1,3},(\d{3},)*\d{3}(\.\d{1,3})?|\d{1,3}(\.\d{1,3})?)$)",-4.70
211,numbers,"(^\$(\d{1,3},?(\d{3},?)*\d{3}(\.\d{1,3})?|\d{1,3}(\.\d{2})?)$|^\d{1,2}(\.\d{1,2})? *%$|^100%$)","$30,085029814711,412,136477438454494.642"
212,numbers,"^\d{1,8}$|^\d{1,3},\d{3}$|^\d{1,2},\d{3},\d{3}$","09,795"
213,numbers,"^([1-9]{1}[0-9]{0,7})+((,[1-9]{1}[0-9]{0,7}){0,1})+$","7538,7066,903143,61943,55663884,6142"
214,numbers,"^([0-9]*\,?[0-9]+|[0-9]+\,?[0-9]*)?$",
215,numbers,"\$[0-9]?[0-9]?[0-9]?((\,[0-9][0-9][0-9])*)?(\.[0-9][0-9])?$",$858
216,numbers,"^(\$)?((\d+)|(\d{1,3})(\,\d{3})*)(\.\d{2,})?$",$068467487.31455
217,numbers,"^1000([.][0]{1,3})?$|^\d{1,3}$|^\d{1,3}([.]\d{1,3})$|^([.]\d{1,3})$",1000
218,numbers,"^((\d{1,2})?([.][\d]{1,2})?){1}[%]{1}$",79.16%
219,numbers,"(\d{1,3},(\d{3},)*\d{3}(\.\d{1,3})?|\d{1,3}(\.\d{3})?)$",4
220,numbers,"^(\-)?1000([.][0]{1,3})?$|^(\-)?\d{1,3}$|^(\-)?\d{1,3}([.]\d{1,3})$|^(\-)?([.]\d{1,3})$",-97.30
222,numbers,"^\-?[0-9]{1,3}(\,[0-9]{3})*(\.[0-9]+)?$|^[0-9]+(\.[0-9]+)?$","-847,819,125,927,699,166,651,779,083.969"
223,numbers,"(0|(\+)?([1-9]{1}[0-9]{0,1}|[1]{1}[0-9]{0,2}|[2]{1}([0-4]{1}[0-9]{1}|[5]{1}[0-5]{1})))",4
224,numbers,(^[+]?\d*\.?\d*[1-9]+\d*$)|(^[+]?[1-9]+\d*\.\d*$),+33571866486672397.
225,numbers,"^(0|[-]{1}([1-9]{1}[0-9]{0,1}|[1]{1}([0-1]{1}[0-9]{1}|[2]{1}[0-8]{1}))|(\+)?([1-9]{1}[0-9]{0,1}|[1]{1}([0-1]{1}[0-9]{1}|[2]{1}[0-7]{1})))$",0
226,numbers,"^(\$\ |\$)?((0|00|[1-9]\d*|([1-9]\d{0,2}(\,\d{3})*))(\.\d{1,4})?|(\.\d{1,4}))$",0.8541
227,numbers,"^\$( )*\d*(.\d{1,2})?$",$        %5
228,numbers,"^(?=.*[1-9].*$)\d{0,7}(?:\.\d{0,9})?$",4@ 0*MQ[kQ3.
229,numbers,^[0-9]+$,396332538
230,numbers,"^-?[0-9]{0,2}(\.[0-9]{1,2})?$|^-?(100)(\.[0]{1,2})?$",-49
231,numbers,^(0)$|^([1-9][0-9]*)$,0
232,numbers,^[12345]$,3
233,numbers,"^(0|[-]{1}([1-9]{1}[0-9]{0,3}|[1-2]{1}[0-9]{1,4}|[3]{1}([0-1]{1}[0-9]{3}|[2]{1}([0-6]{1}[0-9]{2}|[7]{1}([0-5]{1}[0-9]{1}|([6]{1}[0-8]{1})))))|(\+)?([1-9]{1}[0-9]{0,3}|[1-2]{1}[0-9]{1,4}|[3]{1}([0-1]{1}[0-9]{3}|[2]{1}([0-6]{1}[0-9]{2}|[7]{1}([0-5]{1}[0-9]{1}|([6]{1}[0-7]{1}))))))$",0
234,numbers,"^(0|(\+)?([1-9]{1}[0-9]{0,3})|([1-5]{1}[0-9]{1,4}|[6]{1}([0-4]{1}[0-9]{3}|[5]{1}([0-4]{1}[0-9]{2}|[5]{1}([0-2]{1}[0-9]{1}|[3]{1}[0-5]{1})))))$",0
235,numbers,"(0|[1-9]{1}[0-9]{0,8}|[1]{1}[0-9]{1,9}|[-]{1}[2]{1}([0]{1}[0-9]{8}|[1]{1}([0-3]{1}[0-9]{7}|[4]{1}([0-6]{1}[0-9]{6}|[7]{1}([0-3]{1}[0-9]{5}|[4]{1}([0-7]{1}[0-9]{4}|[8]{1}([0-2]{1}[0-9]{3}|[3]{1}([0-5]{1}[0-9]{2}|[6]{1}([0-3]{1}[0-9]{1}|[4]{1}[0-8]{1}))))))))|(\+)?[2]{1}([0]{1}[0-9]{8}|[1]{1}([0-3]{1}[0-9]{7}|[4]{1}([0-6]{1}[0-9]{6}|[7]{1}([0-3]{1}[0-9]{5}|[4]{1}([0-7]{1}[0-9]{4}|[8]{1}([0-2]{1}[0-9]{3}|[3]{1}([0-5]{1}[0-9]{2}|[6]{1}([0-3]{1}[0-9]{1}|[4]{1}[0-7]{1})))))))))",2065749372
236,numbers,"^\d*[0-9](|.\d*[0-9]|,\d*[0-9])?$",498
237,numbers,"(?!^0*$)(?!^0*\.0*$)^\d{1,5}(\.\d{1,2})?$",0364.24
238,numbers,"(^[0-9]{1,8}|(^[0-9]{1,8}\.{0,1}[0-9]{1,2}))$",35005
240,strings,"(?!^[0-9]*$)(?!^[a-zA-Z]*$)^([a-zA-Z0-9]{6,15})$",yUr0Aw
241,strings,"^((4\d{3})|(5[1-5]\d{2})|(6011))-?\d{4}-?\d{4}-?\d{4}|3[4,7]\d{13}$",4944300815104569
242,strings,^([A-HK-PRSVWY][A-HJ-PR-Y])\s?([0][2-9]|[1-9][0-9])\s?[A-HJ-PR-Z]{3}$,MN	83TWA
243,strings,"^[A-CEGHJ-PR-TW-Z]{1}[A-CEGHJ-NPR-TW-Z]{1}[0-9]{6}[A-DFM]{0,1}$",SC509122A
244,strings,"^([\s\S]){1,20}([\s\.])","V""`m 7 "
245,strings,"^([A-Z]{1}[a-z]{1,})$|^([A-Z]{1}[a-z]{1,}\040[A-Z]{1}[a-z]{1,})$|^([A-Z]{1}[a-z]{1,}\040[A-Z]{1}[a-z]{1,}\040[A-Z]{1}[a-z]{1,})$|^$",
246,strings,"(^|\s)(00[1-9]|0[1-9]0|0[1-9][1-9]|[1-6]\d{2}|7[0-6]\d|77[0-2])(-?|[\. ])([1-9]0|0[1-9]|[1-9][1-9])\3(\d{3}[1-9]|[1-9]\d{3}|\d[1-9]\d{2}|\d{2}[1-9]\d)($|\s|[;:,!\.\?])",772.08.7268
248,strings,"\w{5,255}",McF4y
249,strings,^[a-zA-Z0-9]+$,Ss99I
250,strings,"^([1-9]{1}(([0-9])?){2})+(,[0-9]{1}[0-9]{2})*$","21503,884,155,684"
251,strings,^(\d{4}-){3}\d{4}$|^(\d{4} ){3}\d{4}$|^\d{16}$,6308-4978-4561-6300
252,strings,^(?!000)([0-6]\d{2}|7([0-6]\d|7[012]))([ -]?)(?!00)\d\d\3(?!0000)\d{4}$,771427040
253,strings,(script)|(&lt;)|(&gt;)|(%3c)|(%3e)|(SELECT) |(UPDATE) |(INSERT) |(DELETE)|(GRANT) |(REVOKE)|(UNION)|(&amp;lt;)|(&amp;gt;),REVOKE
254,strings,"^(?=[^\d_].*?\d)\w(\w|[!@#$%]){7,20}","$OOPoi""?e}_8YCIUQLqIVr3"
255,strings,^([0-9a-fA-F]){8}$,BA58FDbC
256,strings,"[v,V,(\\/)](\W|)[i,I,1,l,L](\W|)[a,A,@,(\/\\)](\W|)[g,G](\W|)[r,R](\W|)[a,A,@,(\/\\))]",")/i@,,RA"
257,strings,"^([A-Z|a-z|&amp;]{3}\d{2}((0[1-9]|1[012])(0[1-9]|1\d|2[0-8])|(0[13456789]|1[012])(29|30)|(0[13578]|1[02])31)|([02468][048]|[13579][26])0229)(\w{2})([A|a|0-9]{1})$|^([A-Z|a-z]{4}\d{2}((0[1-9]|1[012])(0[1-9]|1\d|2[0-8])|(0[13456789]|1[012])(29|30)|(0[13578]|1[02])31)|([02468][048]|[13579][26])0229)((\w{2})([A|a|0-9]{1})){0,3}$",760229fs3GM9dS3
258,strings,"^([A-Za-z0-9]\s?)+([,]\s?([A-Za-z0-9]\s?)+)*$",r8LFG
259,strings,^[{|\(]?[0-9a-fA-F]{8}[-]?([0-9a-fA-F]{4}[-]?){3}[0-9a-fA-F]{12}[\)|}]?$,5f1450cc-f56DC15d2DdE-aADd3226FEC2}
260,strings,"^[\.\w&#230;&#248;&#229;-]+@([a-z&#230;&#248;&#229;0-9]+([\.-]{0,1}[a-z&#230;&#248;&#229;0-9]+|[a-z&#230;&#248;&#229;0-9]?))+\.[a-z]{2,6}$",W&4SUh@ys.i5x042wypp.a;p79d8kirr3#9sdfb0fq9zwfx8i02l8e-1283zh6wfbrc2for6fq4rb.hgpjjm
262,strings,"((\\)|[^""(\\"")])+""","\D\\\4.Z\"""
263,strings,"^((?:4\d{3})|(?:5[1-5]\d{2})|(?:6011)|(?:3[68]\d{2})|(?:30[012345]\d))[ -]?(\d{4})[ -]?(\d{4})[ -]?(\d{4}|3[4,7]\d{13})$",3874798545575178
264,strings,^([30|36|38]{2})([0-9]{12})$,08887396036012
265,strings,^([51|52|53|54|55]{2})([0-9]{14})$,3247822237083803
266,strings,&lt;[^&gt;]+&gt;,&lt;uNr_j>=&gt;
267,strings,"^\s*[a-zA-Z,\s]+\s*$",		QChpX
268,strings,^\d{9}[\d|X]$,6273326098
269,strings,"^([1-zA-Z0-1@.\s]{1,255})$",c
270,strings,"^[0-9]{1,}(,[0-9]+){0,}$",92
271,strings,.*[Pp]en[Ii1][\$s].*,^F<PenIs$	IO46
272,strings,.*[Oo0][Ee][Mm].*,m(/oEM#+ZJf?_
274,strings,.*[Pp]re[Ss\$]cr[iI1]pt.*,^prescr1ptg:Oy
275,strings,^(?!^(PRN|AUX|CLOCK\$|NUL|CON|COM\d|LPT\d|\..*)(\..+)?$)[^\x00-\x1f\\?*&lt;&gt;:\;|\&quot;/]+$,LJQb+
276,strings,foo,foo
277,strings,"[\\s+,]",\
278,strings,"^([1-9]{1}[0-9]{3}[,]?)*([1-9]{1}[0-9]{3})$","52956142,9394,3491,167481971490,29718868"
279,strings,^[a-zA-Z]$,l
282,strings,^([A-Z]{3}\s?(\d{3}|\d{2}|d{1})\s?[A-Z])|([A-Z]\s?(\d{3}|\d{2}|\d{1})\s?[A-Z]{3})$,QPZd	H
283,strings,(&#217;|&#218;|&#219;|&#220;|&#249;|&#250;|&#251;|&#252;|&#181;|&amp;#085;|&amp;#117;|&amp;#181;|&amp;micro;|&amp;#217;|&amp;#218;|&amp;#219;|&amp;#220;|&amp;Ugrave;|&amp;Uacute;|&amp;Ucirc;|&amp;Uuml;|&amp;#249;|&amp;#250;|&amp;#251;&amp;#252;|&amp;ugrave;|&amp;uacute;|&amp;ucirc;|&amp;uuml;),&amp;#249;
284,strings,(&#161;|&#204;|&#205;|&#206;|&#207;|&#236;|&#237;|&#238;|&#239;|&amp;#033;|&amp;#161;|&amp;iexcl;|&amp;#185;|&amp;sup1;|&amp;brvbar;|&amp;Igrave;|&amp;Iacute;|&amp;Icirc;|&amp;Iuml;|&amp;igrave;|&amp;iacute;|&amp;iuml;|&amp;#204;|&amp;#205;|&amp;#206;|&amp;#207;|&amp;#236;|&amp;#237;|&amp;#238;|&amp;#239;|&amp;#073;|&amp;#105;),&amp;#185;
285,strings,(&#210;|&#211;|&#212;|&#213;|&#214;|&#216;|&#240;|&#242;|&#243;|&#244;|&#245;|&#246;|&#248;|&amp;#048;|&amp;#079;|&amp;#111;|&amp;#210;|&amp;#211;|&amp;#212;|&amp;#213;|&amp;#214;|&amp;#216;|&amp;Ograve;|&amp;Oacute;|&amp;Ocirc;|&amp;Otilde;|&amp;Ouml;|&amp;Oslash;|&amp;#242;|&amp;#243;|&amp;#244;|&amp;#245;|&amp;ograve;|&amp;oacute;|&amp;ocirc;|&amp;otilde;|&amp;ouml;|&amp;oslash;),&amp;oacute;
286,strings,(&#192;|&#193;|&#194;|&#195;|&#196;|&#197;|&#224;|&#225;|&#226;|&#227;|&#228;|&#229;|&amp;#097;|&amp;#065;|&amp;#064;|&amp;commat;|&amp;alpha;|&amp;#192;|&amp;#193;|&amp;#194;|&amp;#195;|&amp;#196;|&amp;#197;|&amp;Agrave;|&amp;Aacute;|&amp;Acirc;|&amp;Atilde;|&amp;Auml;|&amp;Aring;|&amp;#224;|&amp;#225;|&amp;#226;|&amp;#227;|&amp;#228;|&amp;#229;|&amp;agrave;|&amp;aacute;|&amp;acirc;|&amp;atilde;|&amp;auml;|&amp;aring;),&#226;
287,strings,(&#200;|&#201;|&#202;|&#203;|&#232;|&#233;|&#234;|&#235;|&amp;#069;|&amp;#101;|&amp;#200;|&amp;#201;|&amp;#202;|&amp;#203;|&amp;Egrave;|&amp;Eacute;|&amp;Ecirc;|&amp;Euml;|&amp;#232;|&amp;#233;|&amp;#234;|&amp;#235;|&amp;egrave;|&amp;eacute;|&amp;ecirc;|&amp;euml;),&#232;
288,strings,.\{\d\},6{7}
289,strings,"^(?=.*\d)(?=.*[a-z])(?=.*[A-Z]).{8,15}$",B8$+L4L^PgaOrq>bjAp#D:)~8-_
290,strings,"(?i)(pharmacy)|((p(.{1,3})?h(.{1,3})?a(.{1,3})?r(.{1,3)?m(.{1,3})?a(.{1,3})?c(.{1,3})?y))",pharmacy
291,strings,(\b)(\w+(\b|\n|\s)){3},e memyNs3RQA_9LYU
292,strings,^\.([rR]([aA][rR]|\d{2})|(\d{3})?)$,.
293,strings,^(\d{4}[- ]){3}\d{4}|\d{16}$,5548172524707318
294,strings,(\w+)\s+\1,kBuh	      kBuh
295,strings,^\d{3}-\d{2}-\d{4}$,795-53-4204
296,strings,(\d{6}[-\s]?\d{12})|(\d{4}[-\s]?\d{4}[-\s]?\d{4}[-\s]?\d{4}),6979	532434731579
297,strings,^((Bob)|(John)|(Mary)).*$(?<!White),BobyF
298,strings,"ISBN\x20(?=.{13}$)\d{1,5}([- ])\d{1,7}\1\d{1,6}\1(\d|X)$",ISBN xd)oqd2E8hdmc00 773412 25 X
300,strings,(\w(\s)?)+,Z 
301,strings,regex,regex
302,strings,^ISBN\s(?=[-0-9xX ]{13}$)(?:[0-9]+[- ]){3}[0-9]*[xX0-9]$,ISBN 95 23231187 039-516-54855444 4597618
303,strings,.*[\$Ss]pecia[l1]\W[Oo0]ffer.*,;FZ&N/specia1;0ffervi2@
306,strings,.*\$AVE|\$ave.*,$ave
307,strings,^\d{3}\s?\d{3}\s?\d{3}$,665075573
308,strings,.*[Vv][Ii1]agr.*,",U^P3eAN4v1agrNg%Q<TB@"
309,strings,"(.)\1{2,}",ttttttt
310,strings,"^(([a-h,A-H,j-n,J-N,p-z,P-Z,0-9]{9})([a-h,A-H,j-n,J-N,p,P,r-t,R-T,v-z,V-Z,0-9])([a-h,A-H,j-n,J-N,p-z,P-Z,0-9])(\d{6}))$",zlMsqtKngCL564595
311,strings,"^[a-zA-Z]+(([\'\,\.\-][a-zA-Z])?[a-zA-Z]*)*$",gEzLOBxt
312,strings,[AaEeIiOoUuYy],i
313,strings,^((A[ABEHKLMPRSTWXYZ])|(B[ABEHKLMT])|(C[ABEHKLR])|(E[ABEHKLMPRSTWXYZ])|(GY)|(H[ABEHKLMPRSTWXYZ])|(J[ABCEGHJKLMNPRSTWXYZ])|(K[ABEHKLMPRSTWXYZ])|(L[ABEHKLMPRSTWXYZ])|(M[AWX])|(N[ABEHLMPRSWXYZ])|(O[ABEHKLMPRSX])|(P[ABCEGHJLMNPRSTWXY])|(R[ABEHKMPRSTWXYZ])|(S[ABCGHJKLMNPRSTWXYZ])|(T[ABEHKLMPRSTWXYZ])|(W[ABEKLMP])|(Y[ABEHKLMPRSTWXYZ])|(Z[ABEHKLMPRSTWXY]))\d{6}([A-D]|\s)$,PG063846
314,strings,"^(?=.*\d)(?=.*[a-zA-Z])(?!.*[\W_\x7B-\xFF]).{6,15}$","wiQ3l|=,,2Ss'#E\}PM>rg"
315,strings,"[^\r\n]*""","?dg}r*<"""
316,strings,"^(?:[ -~]{10,25}(?:$|(?:[\w!?.])\s))",[h>gII%Wq]v
317,strings,"^([4]{1})([0-9]{12,15})$",4503695680146
318,strings,(\S*)+(\u007C)+(\S*),"~6E.:""3xXCDL?KLHY||||||||)L\zgAl;G9"
319,strings,^([A-Z]{3}\s?(\d{3}|\d{2}|d{1})\s?[A-Z])|([A-Z]\s?(\d{3}|\d{2}|\d{1})\s?[A-Z]{3})|(([A-HK-PRSVWY][A-HJ-PR-Y])\s?([0][2-9]|[1-9][0-9])\s?[A-HJ-PR-Z]{3})$,BP08UEU
320,strings,^([34|37]{2})([0-9]{13})$,|71849412772794
321,strings,"(\S+)\x20{2,}(?=\S+)",(~m@%0{]          EJPU
322,strings,([^\.\?\!]*)[\.\?\!],/RfT	- ?
323,strings,^([6011]{4})([0-9]{12})$,1101485439007324
324,strings,(NOT)?(\s*\(*)\s*(\w+)\s*(=|&lt;&gt;|&lt;|&gt;|LIKE|IN)\s*(\(([^\)]*)\)|'([^']*)'|(-?\d*\.?\d+))(\s*\)*\s*)(AND|OR)?, 	    R  	  &lt;    (Hvp)  )
326,strings,"^([a-z0-9]+([\-a-z0-9]*[a-z0-9]+)?\.){0,}([a-z0-9]+([\-a-z0-9]*[a-z0-9]+)?){1,63}(\.[a-z0-9]{2,7})+$",6vapol90lxkmyu.ipiwgncxddv8ulpq6fmum5gvzlldxrp.g9vp6.ojz2.bwufx5.td5.8w.3pa
327,strings,^(?![0-9]{6})[0-9a-zA-Z]{6}$,UEKjev
329,strings,^(?=((0[1-9]0)|([1-7][1-7]\d)|(00[1-9])|(0[1-9][1-9]))-(?=(([1-9]0)|(0[1-9])|([1-9][1-9]))-(?=((\d{3}[1-9])$|([1-9]\d{3})$|(\d[1-9]\d{2})$|(\d{2}[1-9]\d)$)))),178-09-4239
331,dates and time,^((31(?!\ (Feb(ruary)?|Apr(il)?|June?|(Sep(?=\b|t)t?|Nov)(ember)?)))|((30|29)(?!\ Feb(ruary)?))|(29(?=\ Feb(ruary)?\ (((1[6-9]|[2-9]\d)(0[48]|[2468][048]|[13579][26])|((16|[2468][048]|[3579][26])00)))))|(0?[1-9])|1\d|2[0-8])\ (Jan(uary)?|Feb(ruary)?|Ma(r(ch)?|y)|Apr(il)?|Ju((ly?)|(ne?))|Aug(ust)?|Oct(ober)?|(Sep(?=\b|t)t?|Nov|Dec)(ember)?)\ ((1[6-9]|[2-9]\d)\d{2})$,29 Feb 1600 Apr 2098
332,dates and time,^((([0]?[1-9]|1[0-2])(:|\.)[0-5][0-9]((:|\.)[0-5][0-9])?( )?(AM|am|aM|Am|PM|pm|pM|Pm))|(([0]?[0-9]|1[0-9]|2[0-3])(:|\.)[0-5][0-9]((:|\.)[0-5][0-9])?))$,10.52pM
333,dates and time,^(((0?[1-9]|1[012])/(0?[1-9]|1\d|2[0-8])|(0?[13456789]|1[012])/(29|30)|(0?[13578]|1[02])/31)/(19|[2-9]\d)\d{2}|0?2/29/((19|[2-9]\d)(0[48]|[2468][048]|[13579][26])|(([2468][048]|[3579][26])00)))$,02/29/2800
335,dates and time,^((\d{2}((0[13578]|1[02])(0[1-9]|[12]\d|3[01])|(0[13456789]|1[012])(0[1-9]|[12]\d|30)|02(0[1-9]|1\d|2[0-8])))|([02468][048]|[13579][26])0229)$,360229
336,dates and time,"^[0,1]?\d{1}\/(([0-2]?\d{1})|([3][0,1]{1}))\/(([1]{1}[9]{1}[9]{1}\d{1})|([2-9]{1}\d{3}))$",8/6/1994
337,dates and time,"^(?=\d)(?:(?!(?:(?:0?[5-9]|1[0-4])(?:\.|-|\/)10(?:\.|-|\/)(?:1582))|(?:(?:0?[3-9]|1[0-3])(?:\.|-|\/)0?9(?:\.|-|\/)(?:1752)))(31(?!(?:\.|-|\/)(?:0?[2469]|11))|30(?!(?:\.|-|\/)0?2)|(?:29(?:(?!(?:\.|-|\/)0?2(?:\.|-|\/))|(?=\D0?2\D(?:(?!000[04]|(?:(?:1[^0-6]|[2468][^048]|[3579][^26])00))(?:(?:(?:\d\d)(?:[02468][048]|[13579][26])(?!\x20BC))|(?:00(?:42|3[0369]|2[147]|1[258]|09)\x20BC))))))|2[0-8]|1\d|0?[1-9])([-.\/])(1[012]|(?:0?[1-9]))\2((?=(?:00(?:4[0-5]|[0-3]?\d)\x20BC)|(?:\d{4}(?:$|(?=\x20\d)\x20)))\d{4}(?:\x20BC)?)(?:$|(?=\x20\d)\x20))?((?:(?:0?[1-9]|1[012])(?::[0-5]\d){0,2}(?:\x20[aApP][mM]))|(?:[01]\d|2[0-3])(?::[0-5]\d){1,2})?$",720:39:35
339,dates and time,^\d{4}[\-\/\s]?((((0[13578])|(1[02]))[\-\/\s]?(([0-2][0-9])|(3[01])))|(((0[469])|(11))[\-\/\s]?(([0-2][0-9])|(30)))|(02[\-\/\s]?[0-2][0-9]))$,5348-0716
340,dates and time,20\d{2}(-|\/)((0[1-9])|(1[0-2]))(-|\/)((0[1-9])|([1-2][0-9])|(3[0-1]))(T|\s)(([0-1][0-9])|(2[0-3])):([0-5][0-9]):([0-5][0-9]),2030/06-0206:36:25
341,dates and time,"^(?=\d)(?:(?:31(?!.(?:0?[2469]|11))|(?:30|29)(?!.0?2)|29(?=.0?2.(?:(?:(?:1[6-9]|[2-9]\d)?(?:0[48]|[2468][048]|[13579][26])|(?:(?:16|[2468][048]|[3579][26])00)))(?:\x20|$))|(?:2[0-8]|1\d|0?[1-9]))([-./])(?:1[012]|0?[1-9])\1(?:1[6-9]|[2-9]\d)?\d\d(?:(?=\x20\d)\x20|$))?(((0?[1-9]|1[012])(:[0-5]\d){0,2}(\x20[AP]M))|([01]\d|2[0-3])(:[0-5]\d){1,2})?$",829l02@4516 -1-0806:18 PM
342,dates and time,^(([0-1]?[0-9])|([2][0-3])):([0-5]?[0-9])(:([0-5]?[0-9]))?$,7:59
343,dates and time,^(((0[1-9]|1[012])/(0[1-9]|1\d|2[0-8])|(0[13456789]|1[012])/(29|30)|(0[13578]|1[02])/31)/[2-9]\d{3}|02/29/(([2-9]\d)(0[48]|[2468][048]|[13579][26])|(([2468][048]|[3579][26])00)))$,02/29/5600
344,dates and time,"^(?:(?:(?:(?:(?:1[6-9]|[2-9]\d)?(?:0[48]|[2468][048]|[13579][26])|(?:(?:16|[2468][048]|[3579][26])00)))(\/|-|\.)(?:0?2\1(?:29)))|(?:(?:(?:1[6-9]|[2-9]\d)?\d{2})(\/|-|\.)(?:(?:(?:0?[13578]|1[02])\2(?:31))|(?:(?:0?[1,3-9]|1[0-2])\2(29|30))|(?:(?:0?[1-9])|(?:1[0-2]))\2(?:0?[1-9]|1\d|2[0-8]))))$",5453/5/29
345,dates and time,^((0[1-9])|(1[0-2]))\/(\d{2})$,11/16
346,dates and time,^((0?[1-9]|[12][1-9]|3[01])\.(0?[13578]|1[02])\.20[0-9]{2}|(0?[1-9]|[12][1-9]|30)\.(0?[13456789]|1[012])\.20[0-9]{2}|(0?[1-9]|1[1-9]|2[0-8])\.(0?[123456789]|1[012])\.20[0-9]{2}|(0?[1-9]|[12][1-9])\.(0?[123456789]|1[012])\.20(00|04|08|12|16|20|24|28|32|36|40|44|48|52|56|60|64|68|72|76|80|84|88|92|96))$,22.01.2080
347,dates and time,^[0-9]{4}-(((0[13578]|(10|12))-(0[1-9]|[1-2][0-9]|3[0-1]))|(02-(0[1-9]|[1-2][0-9]))|((0[469]|11)-(0[1-9]|[1-2][0-9]|30)))$,9734-11-05
348,dates and time,^(\d{2}((0[1-9]|1[012])(0[1-9]|1\d|2[0-8])|(0[13456789]|1[012])(29|30)|(0[13578]|1[02])31)|([02468][048]|[13579][26])0229)$,161029
350,dates and time,^(?:J(anuary|u(ne|ly))|February|Ma(rch|y)|A(pril|ugust)|(((Sept|Nov|Dec)em)|Octo)ber)$,May
351,dates and time,^([0]?[1-9]|[1][0-2])[./-]([0]?[1-9]|[1|2][0-9]|[3][0|1])[./-]([0-9]{4}|[0-9]{2})$,10/01-43
352,dates and time,"^(?=\d)(?:(?!(?:1582(?:\.|-|\/)10(?:\.|-|\/)(?:0?[5-9]|1[0-4]))|(?:1752(?:\.|-|\/)0?9(?:\.|-|\/)(?:0?[3-9]|1[0-3])))(?=(?:(?!000[04]|(?:(?:1[^0-6]|[2468][^048]|[3579][^26])00))(?:(?:\d\d)(?:[02468][048]|[13579][26]))\D0?2\D29)|(?:\d{4}\D(?!(?:0?[2469]|11)\D31)(?!0?2(?:\.|-|\/)(?:29|30))))(\d{4})([-\/.])(0?\d|1[012])\2((?!00)[012]?\d|3[01])(?:$|(?=\x20\d)\x20))?((?:(?:0?[1-9]|1[012])(?::[0-5]\d){0,2}(?:\x20[aApP][mM]))|(?:[01]\d|2[0-3])(?::[0-5]\d){1,2})?$",5
353,dates and time,(((0[123456789]|10|11|12)([/])(([1][9][0-9][0-9])|([2][0-9][0-9][0-9])))),12/1970
354,dates and time,^((((0?[1-9]|[12]\d|3[01])[\.\-\/](0?[13578]|1[02])[\.\-\/]((1[6-9]|[2-9]\d)?\d{2}))|((0?[1-9]|[12]\d|30)[\.\-\/](0?[13456789]|1[012])[\.\-\/]((1[6-9]|[2-9]\d)?\d{2}))|((0?[1-9]|1\d|2[0-8])[\.\-\/]0?2[\.\-\/]((1[6-9]|[2-9]\d)?\d{2}))|(29[\.\-\/]0?2[\.\-\/]((1[6-9]|[2-9]\d)?(0[48]|[2468][048]|[13579][26])|((16|[2468][048]|[3579][26])00)|00)))|(((0[1-9]|[12]\d|3[01])(0[13578]|1[02])((1[6-9]|[2-9]\d)?\d{2}))|((0[1-9]|[12]\d|30)(0[13456789]|1[012])((1[6-9]|[2-9]\d)?\d{2}))|((0[1-9]|1\d|2[0-8])02((1[6-9]|[2-9]\d)?\d{2}))|(2902((1[6-9]|[2-9]\d)?(0[48]|[2468][048]|[13579][26])|((16|[2468][048]|[3579][26])00)|00))))$,30.01-1783
356,dates and time,"(((0[1-9]|[12][0-9]|3[01])([/])(0[13578]|10|12)([/])([1-2][0,9][0-9][0-9]))|(([0][1-9]|[12][0-9]|30)([/])(0[469]|11)([/])([1-2][0,9][0-9][0-9]))|((0[1-9]|1[0-9]|2[0-8])([/])(02)([/])([1-2][0,9][0-9][0-9]))|((29)(\.|-|\/)(02)([/])([02468][048]00))|((29)([/])(02)([/])([13579][26]00))|((29)([/])(02)([/])([0-9][0-9][0][48]))|((29)([/])(02)([/])([0-9][0-9][2468][048]))|((29)([/])(02)([/])([0-9][0-9][13579][26])))",28/12/2072
357,dates and time,"^((\d{2}(([02468][048])|([13579][26]))[\-\/\s]?((((0?[13578])|(1[02]))[\-\/\s]?((0?[1-9])|([1-2][0-9])|(3[01])))|(((0?[469])|(11))[\-\/\s]?((0?[1-9])|([1-2][0-9])|(30)))|(0?2[\-\/\s]?((0?[1-9])|([1-2][0-9])))))|(\d{2}(([02468][1235679])|([13579][01345789]))[\-\/\s]?((((0?[13578])|(1[02]))[\-\/\s]?((0?[1-9])|([1-2][0-9])|(3[01])))|(((0?[469])|(11))[\-\/\s]?((0?[1-9])|([1-2][0-9])|(30)))|(0?2[\-\/\s]?((0?[1-9])|(1[0-9])|(2[0-8]))))))(\s(((0?[1-9])|(1[0-2]))\:([0-5][0-9])((\s)|(\:([0-5][0-9])\s))([AM|PM|am|pm]{2,2})))?$",506010-30
359,dates and time,^([2-9]\d{3}((0[1-9]|1[012])(0[1-9]|1\d|2[0-8])|(0[13456789]|1[012])(29|30)|(0[13578]|1[02])31)|(([2-9]\d)(0[48]|[2468][048]|[13579][26])|(([2468][048]|[3579][26])00))0229)$,72000229
360,dates and time,^([1-9]|1[0-2]|0[1-9]){1}(:[0-5][0-9][aApP][mM]){1}$,7:23PM
361,dates and time,^([01]\d|2[0123])([0-5]\d){2}$,095508
362,dates and time,^((0[1-9])|(1[0-2]))\/(\d{4})$,01/4269
363,dates and time,((\d{2})|(\d))\/((\d{2})|(\d))\/((\d{4})|(\d{2})),35/83/64
364,dates and time,^((0[1-9])|(1[0-2]))$,07
365,dates and time,^(((0[1-9]|[12]\d|3[01])\/(0[13578]|1[02])\/((19|[2-9]\d)\d{2}))|((0[1-9]|[12]\d|30)\/(0[13456789]|1[012])\/((19|[2-9]\d)\d{2}))|((0[1-9]|1\d|2[0-8])\/02\/((19|[2-9]\d)\d{2}))|(29\/02\/((1[6-9]|[2-9]\d)(0[48]|[2468][048]|[13579][26])|((16|[2468][048]|[3579][26])00))))$,02/12/1942
366,dates and time,"^((((31\/(0?[13578]|1[02]))|((29|30)\/(0?[1,3-9]|1[0-2])))\/(1[6-9]|[2-9]\d)?\d{2})|(29\/0?2\/(((1[6-9]|[2-9]\d)?(0[48]|[2468][048]|[13579][26])|((16|[2468][048]|[3579][26])00))))|(0?[1-9]|1\d|2[0-8])\/((0?[1-9])|(1[0-2]))\/((1[6-9]|[2-9]\d)?\d{2})) (20|21|22|23|[0-1]?\d):[0-5]?\d:[0-5]?\d$",22/12/18 23:3:6
367,dates and time,^(((((((0?[13578])|(1[02]))[\.\-/]?((0?[1-9])|([12]\d)|(3[01])))|(((0?[469])|(11))[\.\-/]?((0?[1-9])|([12]\d)|(30)))|((0?2)[\.\-/]?((0?[1-9])|(1\d)|(2[0-8]))))[\.\-/]?(((19)|(20))?([\d][\d]))))|((0?2)[\.\-/]?(29)[\.\-/]?(((19)|(20))?(([02468][048])|([13579][26])))))$,2-29-2068
368,dates and time,(0?[1-9]|[12][0-9]|3[01])[/ -](0?[1-9]|1[12])[/ -](19[0-9]{2}|[2][0-9][0-9]{2}),9-2 1959
369,dates and time,^([0-1]?[0-9]|[2][0-3]):([0-5][0-9])$,23:23
370,dates and time,^(([1-9]|[0-2]\d|[3][0-1])\.([1-9]|[0]\d|[1][0-2])\.[2][0]\d{2})$|^(([1-9]|[0-2]\d|[3][0-1])\.([1-9]|[0]\d|[1][0-2])\.[2][0]\d{2}\s([1-9]|[0-1]\d|[2][0-3])\:[0-5]\d)$,7.1.2027	04:36
371,dates and time,^([0]?[1-9]|[1|2][0-9]|[3][0|1])[./-]([0]?[1-9]|[1][0-2])[./-]([0-9]{4}|[0-9]{2})$,2.10/03
372,dates and time,^(((0?[1-9]|[12]\d|3[01])[\.\-\/](0?[13578]|1[02])[\.\-\/]((1[6-9]|[2-9]\d)?\d{2}|\d))|((0?[1-9]|[12]\d|30)[\.\-\/](0?[13456789]|1[012])[\.\-\/]((1[6-9]|[2-9]\d)?\d{2}|\d))|((0?[1-9]|1\d|2[0-8])[\.\-\/]0?2[\.\-\/]((1[6-9]|[2-9]\d)?\d{2}|\d))|(29[\.\-\/]0?2[\.\-\/]((1[6-9]|[2-9]\d)?(0[48]|[2468][048]|[13579][26])|((16|[2468][048]|[3579][26])00)|00|[048])))$,10/02/2
375,dates and time,^(((0?[1-9]|[12]\d|3[01])[\.\-\/](0?[13578]|1[02])[\.\-\/]((1[6-9]|[2-9]\d)?\d{2}))|((0?[1-9]|[12]\d|30)[\.\-\/](0?[13456789]|1[012])[\.\-\/]((1[6-9]|[2-9]\d)?\d{2}))|((0?[1-9]|1\d|2[0-8])[\.\-\/]0?2[\.\-\/]((1[6-9]|[2-9]\d)?\d{2}))|(29[\.\-\/]0?2[\.\-\/]((1[6-9]|[2-9]\d)?(0[48]|[2468][048]|[13579][26])|((16|[2468][048]|[3579][26])00)|00)))$,9-2/86
376,dates and time,"^\d{1,2}\/\d{1,2}\/\d{4}$",14/81/2744
377,dates and time,((([0][1-9]|[12][\d])|[3][01])[-/]([0][13578]|[1][02])[-/][1-9]\d\d\d)|((([0][1-9]|[12][\d])|[3][0])[-/]([0][13456789]|[1][012])[-/][1-9]\d\d\d)|(([0][1-9]|[12][\d])[-/][0][2][-/][1-9]\d([02468][048]|[13579][26]))|(([0][1-9]|[12][0-8])[-/][0][2][-/][1-9]\d\d\d),30/03-1967
378,dates and time,((^(10|12|0?[13578])(3[01]|[12][0-9]|0?[1-9])((1[8-9]\d{2})|([2-9]\d{3}))$)|(^(11|0?[469])(30|[12][0-9]|0?[1-9])((1[8-9]\d{2})|([2-9]\d{3}))$)|(^(0?2)(2[0-8]|1[0-9]|0?[1-9])((1[8-9]\d{2})|([2-9]\d{3}))$)|(^(0?2)(29)([2468][048]00)$)|(^(0?2)(29)([3579][26]00)$)|(^(0?2)(29)([1][89][0][48])$)|(^(0?2)(29)([2-9][0-9][0][48])$)|(^(0?2)(29)([1][89][2468][048])$)|(^(0?2)(29)([2-9][0-9][2468][048])$)|(^(0?2)(29)([1][89][13579][26])$)|(^(0?2)(29)([2-9][0-9][13579][26])$)),2291904
379,dates and time,"^(?=\d)(?:(?:(?:(?:(?:0?[13578]|1[02])(\/|-|\.)31)\1|(?:(?:0?[1,3-9]|1[0-2])(\/|-|\.)(?:29|30)\2))(?:(?:1[6-9]|[2-9]\d)?\d{2})|(?:0?2(\/|-|\.)29\3(?:(?:(?:1[6-9]|[2-9]\d)?(?:0[48]|[2468][048]|[13579][26])|(?:(?:16|[2468][048]|[3579][26])00))))|(?:(?:0?[1-9])|(?:1[0-2]))(\/|-|\.)(?:0?[1-9]|1\d|2[0-8])\4(?:(?:1[6-9]|[2-9]\d)?\d{2}))($|\ (?=\d)))?(((0?[1-9]|1[012])(:[0-5]\d){0,2}(\ [AP]M))|([01]\d|2[0-3])(:[0-5]\d){1,2})?$",511/13/14 321:05:36
380,dates and time,^((31(?! (FEB|APR|JUN|SEP|NOV)))|((30|29)(?! FEB))|(29(?= FEB (((1[6-9]|[2-9]\d)(0[48]|[2468][048]|[13579][26])|((16|[2468][048]|[3579][26])00)))))|(0?[1-9])|1\d|2[0-8])-(JAN|FEB|MAR|MAY|APR|JUL|JUN|AUG|OCT|SEP|NOV|DEC)-((1[6-9]|[2-9]\d)\d{2})$,20-MAY-1786
381,dates and time,^[0-9]{4}((0[1-9])|(1[0-2]))$,838611
382,dates and time,(((0[1-9]|[12][0-9]|3[01])([-./])(0[13578]|10|12)([-./])(\d{4}))|(([0][1-9]|[12][0-9]|30)([-./])(0[469]|11)([-./])(\d{4}))|((0[1-9]|1[0-9]|2[0-8])([-./])(02)([-./])(\d{4}))|((29)(\.|-|\/)(02)([-./])([02468][048]00))|((29)([-./])(02)([-./])([13579][26]00))|((29)([-./])(02)([-./])([0-9][0-9][0][48]))|((29)([-./])(02)([-./])([0-9][0-9][2468][048]))|((29)([-./])(02)([-./])([0-9][0-9][13579][26]))),08.10.4797
383,dates and time,"^(((((0[1-9])|(1\d)|(2[0-8]))-((0[1-9])|(1[0-2])))|((31-((0[13578])|(1[02])))|((29|30)-((0[1,3-9])|(1[0-2])))))-((20[0-9][0-9]))|(29-02-20(([02468][048])|([13579][26]))))$",09-07-2096
384,dates and time,^(([0-2]\d|[3][0-1])\/([0]\d|[1][0-2])\/[2][0]\d{2})$|^(([0-2]\d|[3][0-1])\/([0]\d|[1][0-2])\/[2][0]\d{2}\s([0-1]\d|[2][0-3])\:[0-5]\d\:[0-5]\d)$,31/10/2096 23:23:20
385,dates and time,"^(((((0[13578])|([13578])|(1[02]))[\-\/\s]?((0[1-9])|([1-9])|([1-2][0-9])|(3[01])))|((([469])|(11))[\-\/\s]?((0[1-9])|([1-9])|([1-2][0-9])|(30)))|((02|2)[\-\/\s]?((0[1-9])|([1-9])|([1-2][0-9]))))[\-\/\s]?\d{4})(\s(((0[1-9])|([1-9])|(1[0-2]))\:([0-5][0-9])((\s)|(\:([0-5][0-9])\s))([AM|PM|am|pm]{2,2})))?$",0218 7782 01:35:33 ||
386,dates and time,(([0-1][0-9])|([2][0-3])):([0-5][0-9]):([0-5][0-9]),13:02:03
387,dates and time,"^([0]\d|[1][0-2])\/([0-2]\d|[3][0-1])\/([2][01]|[1][6-9])\d{2}(\s([0-1]\d|[2][0-3])(\:[0-5]\d){1,2})?$",10/31/1625
388,dates and time,^((0?[13578]|10|12)(-|\/)(([1-9])|(0[1-9])|([12])([0-9]?)|(3[01]?))(-|\/)((19)([2-9])(\d{1})|(20)([01])(\d{1})|([8901])(\d{1}))|(0?[2469]|11)(-|\/)(([1-9])|(0[1-9])|([12])([0-9]?)|(3[0]?))(-|\/)((19)([2-9])(\d{1})|(20)([01])(\d{1})|([8901])(\d{1})))$,8/09-1972
389,dates and time,(^([0-9]|[0-1][0-9]|[2][0-3]):([0-5][0-9])$)|(^([0-9]|[1][0-9]|[2][0-3])$),22
390,dates and time,^(((\d{4})(0[13578]|10|12)(0[1-9]|[12][0-9]|3[01]))|((\d{4})(0[469]|11)([0][1-9]|[12][0-9]|30))|((\d{4})(02)(0[1-9]|1[0-9]|2[0-8]))|(([02468][048]00)(02)(29))|(([13579][26]00) (02)(29))|(([0-9][0-9][0][48])(02)(29))|(([0-9][0-9][2468][048])(02)(29))|(([0-9][0-9][13579][26])(02)(29))|(00000000)|(88888888)|(99999999))?$,71120229
391,dates and time,"^((((([0-1]?\d)|(2[0-8]))\/((0?\d)|(1[0-2])))|(29\/((0?[1,3-9])|(1[0-2])))|(30\/((0?[1,3-9])|(1[0-2])))|(31\/((0?[13578])|(1[0-2]))))\/((19\d{2})|([2-9]\d{3}))|(29\/0?2\/(((([2468][048])|([3579][26]))00)|(((19)|([2-9]\d))(([2468]0)|([02468][48])|([13579][26]))))))\s(([01]?\d)|(2[0-3]))(:[0-5]?\d){2}$",29/02/191620:5:56
392,dates and time,^(([1-9])|(0[1-9])|(1[0-2]))\/((0[1-9])|([1-31]))\/((\d{2})|(\d{4}))$,11/02/4390
393,dates and time,"^((0?[1-9]|1[012])(:[0-5]\d){0,2}(\ [AP]M))$|^([01]\d|2[0-3])(:[0-5]\d){0,2}$",13:53:23
394,dates and time,(^|\s|\()((([1-9]){1}|([0][1-9]){1}|([1][012]){1}){1}[\/-]((2[0-9]){1}|(3[01]){1}|([01][1-9]){1}|([1-9]){1}){1}[\/-](((19|20)([0-9][0-9]){1}|([0-9][0-9]){1})){1}(([\s|\)|:])|(^|\s|\()((([0-9]){1}|([0][1-9]){1}|([1][012]){1}){1}[\/-](([11-31]){1}|([01][1-9]){1}|([1-9]){1}){1}[\/-](((19|20)([0-9][0-9]){1}|([0-9][0-9]){1})){1}(([\s|\)|:|$|\&gt;])){1}){1}){1}){1},11-4-197510/5-2012	
395,dates and time,"^(([1-9])|(0[1-9])|(1[0-2]))\/(([0-9])|([0-2][0-9])|(3[0-1]))\/(([0-9][0-9])|([1-2][0,9][0-9][0-9]))$",4/5/73
396,dates and time,^(((0[1-9]|[12]\d|3[01])\/(0[13578]|1[02])\/((1[6-9]|[2-9]\d)\d{2}))|((0[1-9]|[12]\d|30)\/(0[13456789]|1[012])\/((1[6-9]|[2-9]\d)\d{2}))|((0[1-9]|1\d|2[0-8])\/02\/((1[6-9]|[2-9]\d)\d{2}))|(29\/02\/((1[6-9]|[2-9]\d)(0[48]|[2468][048]|[13579][26])|((16|[2468][048]|[3579][26])00))))$,30/06/5922
397,dates and time,((0?[13578]|10|12)(-|\/)((0[0-9])|([12])([0-9]?)|(3[01]?))(-|\/)((\d{4})|(\d{2}))|(0?[2469]|11)(-|\/)((0[0-9])|([12])([0-9]?)|(3[0]?))(-|\/)((\d{4}|\d{2}))),11/04-0115
398,dates and time,(\d{2}|\d{4})(?:\-)?([0]{1}\d{1}|[1]{1}[0-2]{1})(?:\-)?([0-2]{1}\d{1}|[3]{1}[0-1]{1})(?:\s)?([0-1]{1}\d{1}|[2]{1}[0-3]{1})(?::)?([0-5]{1}\d{1})(?::)?([0-5]{1}\d{1}),8714-02-16 06:16:32
399,dates and time,"(?=\d)^(?:(?!(?:10\D(?:0?[5-9]|1[0-4])\D(?:1582))|(?:0?9\D(?:0?[3-9]|1[0-3])\D(?:1752)))((?:0?[13578]|1[02])|(?:0?[469]|11)(?!\/31)(?!-31)(?!\.31)|(?:0?2(?=.?(?:(?:29.(?!000[04]|(?:(?:1[^0-6]|[2468][^048]|[3579][^26])00))(?:(?:(?:\d\d)(?:[02468][048]|[13579][26])(?!\x20BC))|(?:00(?:42|3[0369]|2[147]|1[258]|09)\x20BC))))))|(?:0?2(?=.(?:(?:\d\D)|(?:[01]\d)|(?:2[0-8])))))([-.\/])(0?[1-9]|[12]\d|3[01])\2(?!0000)((?=(?:00(?:4[0-5]|[0-3]?\d)\x20BC)|(?:\d{4}(?!\x20BC)))\d{4}(?:\x20BC)?)(?:$|(?=\x20\d)\x20))?((?:(?:0?[1-9]|1[012])(?::[0-5]\d){0,2}(?:\x20[aApP][mM]))|(?:[01]\d|2[0-3])(?::[0-5]\d){1,2})?$",011.14.84118482 BC
400,dates and time,"^(?=\d)(?:(?:31(?!.(?:0?[2469]|11))|(?:30|29)(?!.0?2)|29(?=.0?2.(?:(?:(?:1[6-9]|[2-9]\d)?(?:0[48]|[2468][048]|[13579][26])|(?:(?:16|[2468][048]|[3579][26])00)))(?:\x20|$))|(?:2[0-8]|1\d|0?[1-9]))([-./])(?:1[012]|0?[1-9])\1(?:1[6-9]|[2-9]\d)?\d\d)?(\x20?((0?[1-9]|1[012])(:[0-5]\d){0,2}(\x20[AP]M))|([01]\d|2[0-3])(:[0-5]\d){1,2})?$",226-10-1941 11:49:14 AM
401,dates and time,^((31(?! (FEB|APR|JUN|SEP|NOV)))|(30|29)|(0[1-9])|1\d|2[0-8]) (JAN|FEB|MAR|MAY|APR|JUL|JUN|AUG|OCT|SEP|NOV|DEC)$,31 SEP
403,dates and time,"(^([0-9]|[0-1][0-9]|[2][0-3]):([0-5][0-9])(\s{0,1})([AM|PM|am|pm]{2,2})$)|(^([0-9]|[1][0-9]|[2][0-3])(\s{0,1})([AM|PM|am|pm]{2,2})$)",21aa
404,dates and time,"^(0{0,1}[1-9]|[12][0-9]|3[01])[- /.](0{0,1}[1-9]|1[012])[- /.](\d{2}|\d{4})$",08 9-4382
405,dates and time,"^((((19|20)(([02468][048])|([13579][26]))-02-29))|((20[0-9][0-9])|(19[0-9][0-9]))-((((0[1-9])|(1[0-2]))-((0[1-9])|(1\d)|(2[0-8])))|((((0[13578])|(1[02]))-31)|(((0[1,3-9])|(1[0-2]))-(29|30)))))$",1956-11-01
406,dates and time,^([0-1]?\d|2[0-3]):([0-5]\d)$,22:04
408,dates and time,[-+]((0[0-9]|1[0-3]):([03]0|45)|14:00),-11:45
409,dates and time,"^(20|21|22|23|[01]\d|\d)(([:.][0-5]\d){1,2})$",20.03.18
410,dates and time,"^(((((0[1-9])|(1\d)|(2[0-8]))/((0[1-9])|(1[0-2])))|((31/((0[13578])|(1[02])))|((29|30)/((0[1,3-9])|(1[0-2])))))/((20[0-9][0-9]))|((((0[1-9])|(1\d)|(2[0-8]))/((0[1-9])|(1[0-2])))|((31/((0[13578])|(1[02])))|((29|30)/((0[1,3-9])|(1[0-2])))))/((19[0-9][0-9]))|(29/02/20(([02468][048])|([13579][26])))|(29/02/19(([02468][048])|([13579][26]))))$",29/02/1956
411,dates and time,^(((0[1-9]|[12]\d|3[01])\/(0[13578]|1[02])\/(\d{2}))|((0[1-9]|[12]\d|30)\/(0[13456789]|1[012])\/(\d{2}))|((0[1-9]|1\d|2[0-8])\/02\/(\d{2}))|(29\/02\/((0[48]|[2468][048]|[13579][26])|(00))))$,26/10/66
413,dates and time,^((((0[13578])|([13578])|(1[02]))[\/](([1-9])|([0-2][0-9])|(3[01])))|(((0[469])|([469])|(11))[\/](([1-9])|([0-2][0-9])|(30)))|((2|02)[\/](([1-9])|([0-2][0-9]))))[\/]\d{4}$|^\d{4}$,0444
415,dates and time,^(([8]))$|^((([0-7]))$|^((([0-7])).?((25)|(50)|(5)|(75)|(0)|(00))))$,8
416,dates and time,"^(\d{1,2})(\s?(H|h)?)(:([0-5]\d))?$",4:03
417,dates and time,"^(?:(((Jan(uary)?|Ma(r(ch)?|y)|Jul(y)?|Aug(ust)?|Oct(ober)?|Dec(ember)?)\ 31)|((Jan(uary)?|Ma(r(ch)?|y)|Apr(il)?|Ju((ly?)|(ne?))|Aug(ust)?|Oct(ober)?|(Sept|Nov|Dec)(ember)?)\ (0?[1-9]|([12]\d)|30))|(Feb(ruary)?\ (0?[1-9]|1\d|2[0-8]|(29(?=,\ ((1[6-9]|[2-9]\d)(0[48]|[2468][048]|[13579][26])|((16|[2468][048]|[3579][26])00)))))))\,\ ((1[6-9]|[2-9]\d)\d{2}))","Oct 03, 1732"
418,dates and time,^(((0[13578]|10|12)([-./])(0[1-9]|[12][0-9]|3[01])([-./])(\d{4}))|((0[469]|11)([-./])([0][1-9]|[12][0-9]|30)([-./])(\d{4}))|((02)([-./])(0[1-9]|1[0-9]|2[0-8])([-./])(\d{4}))|((02)(\.|-|\/)(29)([-./])([02468][048]00))|((02)([-./])(29)([-./])([13579][26]00))|((02)([-./])(29)([-./])([0-9][0-9][0][48]))|((02)([-./])(29)([-./])([0-9][0-9][2468][048]))|((02)([-./])(29)([-./])([0-9][0-9][13579][26])))$,02.29/3236
419,dates and time,^( [1-9]|[1-9]|0[1-9]|10|11|12)[0-5]\d$,1132
420,dates and time,^(?:(?:(?:0?[13578]|1[02])(\/|-|\.)31)\1|(?:(?:0?[13-9]|1[0-2])(\/|-|\.)(?:29|30)\2))(?:(?:1[6-9]|[2-9]\d)?\d{2})$|^(?:0?2(\/|-|\.)29\3(?:(?:(?:1[6-9]|[2-9]\d)?(?:0[48]|[2468][048]|[13579][26])|(?:(?:16|[2468][048]|[3579][26])00))))$|^(?:(?:0?[1-9])|(?:1[0-2]))(\/|-|\.)(?:0?[1-9]|1\d|2[0-8])\4(?:(?:1[6-9]|[2-9]\d)?\d{2})$,2-29-48
421,dates and time,^([0-1][0-9]|[2][0-3]):([0-5][0-9])$,17:39
422,dates and time,^(20|21|22|23|[0-1]\d)[0-5]\d$,2020
423,dates and time,^(0[1-9]|1[0-2])\/((0[1-9]|2\d)|3[0-1])\/(19\d\d|200[0-3])$,12/30/1925
424,dates and time,"^((((([13578])|(1[0-2]))[\-\/\s]?(([1-9])|([1-2][0-9])|(3[01])))|((([469])|(11))[\-\/\s]?(([1-9])|([1-2][0-9])|(30)))|(2[\-\/\s]?(([1-9])|([1-2][0-9]))))[\-\/\s]?\d{4})(\s((([1-9])|(1[02]))\:([0-5][0-9])((\s)|(\:([0-5][0-9])\s))([AM|PM|am|pm]{2,2})))?$",117	3053
425,dates and time,(((0[13578]|10|12)([-./])(0[1-9]|[12][0-9]|3[01])([-./])(\d{4}))|((0[469]|11)([-./])([0][1-9]|[12][0-9]|30)([-./])(\d{4}))|((2)([-./])(0[1-9]|1[0-9]|2[0-8])([-./])(\d{4}))|((2)(\.|-|\/)(29)([-./])([02468][048]00))|((2)([-./])(29)([-./])([13579][26]00))|((2)([-./])(29)([-./])([0-9][0-9][0][48]))|((2)([-./])(29)([-./])([0-9][0-9][2468][048]))|((2)([-./])(29)([-./])([0-9][0-9][13579][26]))),2/29/6400
426,dates and time,((0[1-9])|(1[02]))/\d{2},12/39
427,dates and time,"^((((0?[13578])|(1[02]))[\/|\-]?((0?[1-9]|[0-2][0-9])|(3[01])))|(((0?[469])|(11))[\/|\-]?((0?[1-9]|[0-2][0-9])|(30)))|(0?[2][\/\-]?(0?[1-9]|[0-2][0-9])))[\/\-]?\d{2,4}$",11/00659
428,dates and time,^(Sun|Mon|(T(ues|hurs))|Fri)(day|\.)?$|Wed(\.|nesday)?$|Sat(\.|urday)?$|T((ue?)|(hu?r?))\.?$,Wed.
429,dates and time,^(([0]?[1-9]|1[0-2])/([0-2]?[0-9]|3[0-1])/[1-2]\d{3})? ?((([0-1]?\d)|(2[0-3])):[0-5]\d)?(:[0-5]\d)? ?(AM|am|PM|pm)?$, 
430,dates and time,"^(?:(?:(?:0?[1-9]|1\d|2[0-8])\/(?:0?[1-9]|1[0-2]))\/(?:(?:1[6-9]|[2-9]\d)\d{2}))$|^(?:(?:(?:31\/0?[13578]|1[02])|(?:(?:29|30)\/(?:0?[1,3-9]|1[0-2])))\/(?:(?:1[6-9]|[2-9]\d)\d{2}))$|^(?:29\/0?2\/(?:(?:(?:1[6-9]|[2-9]\d)(?:0[48]|[2468][048]|[13579][26]))))$",29/2/3584
431,dates and time,^\d{2}\s{1}(Jan|Feb|Mar|Apr|May|Jun|Jul|Apr|Sep|Oct|Nov|Dec)\s{1}\d{4}$,44Dec	6964
432,dates and time,(((0[1-9]|[12][0-9]|3[01])([/])(0[13578]|10|12)([/])(\d{4}))|(([0][1-9]|[12][0-9]|30)([/])(0[469]|11)([/])(\d{4}))|((0[1-9]|1[0-9]|2[0-8])([/])(02)([/])(\d{4}))|((29)(\.|-|\/)(02)([/])([02468][048]00))|((29)([/])(02)([/])([13579][26]00))|((29)([/])(02)([/])([0-9][0-9][0][48]))|((29)([/])(02)([/])([0-9][0-9][2468][048]))|((29)([/])(02)([/])([0-9][0-9][13579][26]))),16/09/6357
433,dates and time,"^((((((0?[13578])|(1[02]))[\-\/\s]?((0?[1-9])|([1-2][0-9])|(3[01])))|(((0?[469])|(11))[\-\/\s]?((0?[1-9])|([1-2][0-9])|(30)))|(0?2[\-\/\s]?((0?[1-9])|([1-2][0-9]))))[\-\/\s]?\d{2}(([02468][048])|([13579][26])))|(((((0?[13578])|(1[02]))[\-\/\s]?((0?[1-9])|([1-2][0-9])|(3[01])))|(((0?[469])|(11))[\-\/\s]?((0?[1-9])|([1-2][0-9])|(30)))|(0?2[\-\/\s]?((0?[1-9])|(1[0-9])|(2[0-8]))))[\-\/\s]?\d{2}(([02468][1235679])|([13579][01345789]))))(\s(((0?[1-9])|(1[0-2]))\:([0-5][0-9])((\s)|(\:([0-5][0-9])\s))([AM|PM|am|pm]{2,2})))?$",3313036 11:44|M
434,dates and time,^(3[0-1]|2[0-9]|1[0-9]|0[1-9])[\s{1}|\/|-](Jan|JAN|Feb|FEB|Mar|MAR|Apr|APR|May|MAY|Jun|JUN|Jul|JUL|Aug|AUG|Sep|SEP|Oct|OCT|Nov|NOV|Dec|DEC)[\s{1}|\/|-]\d{4}$,23Oct}0385
436,dates and time,^([0-9]{2})(00[1-9]|0[1-9][0-9]|[1-2][0-9][0-9]|3[0-5][0-9]|36[0-6])$,95006
437,dates and time,^((31(?! (FEB|APR|JUN|SEP|NOV)))|((30|29)(?! FEB))|(29(?= FEB (((1[6-9]|[2-9]\d)(0[48]|[2468][048]|[13579][26])|((16|[2468][048]|[3579][26])00)))))|(0?[1-9])|1\d|2[0-8]) (JAN|FEB|MAR|MAY|APR|JUL|JUN|AUG|OCT|SEP|NOV|DEC) ((1[6-9]|[2-9]\d)\d{2})$,29 FEB 1792 MAY 9191
438,dates and time,"^(((\d{4}((0[13578]|1[02])(0[1-9]|[12]\d|3[01])|(0[13456789]|1[012])(0[1-9]|[12]\d|30)|02(0[1-9]|1\d|2[0-8])))|((\d{2}[02468][048]|\d{2}[13579][26]))0229)){0,8}$",889710307644022941381217777202296822020172120229
439,dates and time,"^(Jan|Feb|Mar|Apr|May|Jun|Jul|Aug|Sep|Oct|Nov|Dec)\,*\s\s*\d{4}$|^(jan|feb|mar|apr|may|jun|jul|aug|sep|oct|nov|dec)\,*\s\d{4}$|^(January|February|March|April|May|June|July|August|September|October|November|December)\,*\s\d{4}$|^(january|february|march|april|may|june|july|august|september|october|november|december)\,*\s\d{4}$","october,,,4681"
440,dates and time,^(([0-9])|([0-1][0-9])|([2][0-3])):?([0-5][0-9])$,0:18
441,dates and time,(^((((0[1-9])|([1-2][0-9])|(3[0-1]))|([1-9]))\x2F(((0[1-9])|(1[0-2]))|([1-9]))\x2F(([0-9]{2})|(((19)|([2]([0]{1})))([0-9]{2}))))$),07/08/2042
442,dates and time,^(([0-9])|([0-1][0-9])|([2][0-3])):(([0-9])|([0-5][0-9]))$,08:46
444,dates and time,^(([1-9]{1})|([0-1][1-2])|(0[1-9])|([1][0-2])):([0-5][0-9])(([aA])|([pP]))[mM]$,10:20AM
445,dates and time,^((31(?!\ (Apr(il)?|June?|(Sept|Nov)(ember)?)))|((30|29)(?!\ Feb(ruary)?))|(29(?=\ Feb(ruary)?\ (((1[6-9]|[2-9]\d)(0[48]|[2468][048]|[13579][26])|((16|[2468][048]|[3579][26])00)))))|(0?[1-9])|1\d|2[0-8])\ (Jan(uary)?|Feb(ruary)?|Ma(r(ch)?|y)|Apr(il)?|Ju((ly?)|(ne?))|Aug(ust)?|Oct(ober)?|(Sept|Nov|Dec)(ember)?)\ ((1[6-9]|[2-9]\d)\d{2})$,29 Aug 8500
446,dates and time,"(^(((([1-9])|([0][1-9])|([1-2][0-9])|(30))\-([A,a][P,p][R,r]|[J,j][U,u][N,n]|[S,s][E,e][P,p]|[N,n][O,o][V,v]))|((([1-9])|([0][1-9])|([1-2][0-9])|([3][0-1]))\-([J,j][A,a][N,n]|[M,m][A,a][R,r]|[M,m][A,a][Y,y]|[J,j][U,u][L,l]|[A,a][U,u][G,g]|[O,o][C,c][T,t]|[D,d][E,e][C,c])))\-[0-9]{4}$)|(^(([1-9])|([0][1-9])|([1][0-9])|([2][0-8]))\-([F,f][E,e][B,b])\-[0-9]{2}(([02468][1235679])|([13579][01345789]))$)|(^(([1-9])|([0][1-9])|([1][0-9])|([2][0-9]))\-([F,f][E,e][B,b])\-[0-9]{2}(([02468][048])|([13579][26]))$)",27-feB-0929
447,dates and time,29\sFebruary\s((0[48]|[2468][048]|[13579][26])00|[0-9]{2}(0[48]|[2468][048]|[13579][26])),29 February 3812
448,dates and time,^(([1-9]{1})|([0-1][0-9])|([1-2][0-3])):([0-5][0-9])$,7:37
450,dates and time,"^([0]\d|[1][0-2])\/([0-2]\d|[3][0-1])\/([2][01]|[1][6-9])\d{2}(\s([0]\d|[1][0-2])(\:[0-5]\d){1,2})*\s*([aApP][mM]{0,2})?$",10/19/2160	10:3610:51:52	10:57:2611:20 01:16:57 11:04:1411:50   
451,dates and time,^(([0]?[1-9]|1[0-2])(:)([0-5][0-9]))$,04:32
452,dates and time,^ *(1[0-2]|[1-9]):[0-5][0-9] *(a|p|A|P)(m|M) *$,      7:59          aM
453,dates and time,"^(?:(?:31(\/|-|\.)(?:0?[13578]|1[02]))\1|(?:(?:29|30)(\/|-|\.)(?:0?[1,3-9]|1[0-2])\2))(?:(?:1[6-9]|[2-9]\d)?\d{2})$|^(?:29(\/|-|\.)0?2\3(?:(?:(?:1[6-9]|[2-9]\d)?(?:0[48]|[2468][048]|[13579][26])|(?:(?:16|[2468][048]|[3579][26])00))))$|^(?:0?[1-9]|1\d|2[0-8])(\/|-|\.)(?:(?:0?[1-9])|(?:1[0-2]))\4(?:(?:1[6-9]|[2-9]\d)?\d{2})$",31-5-20
454,dates and time,"(^([0-9]|[0-1][0-9]|[2][0-3]):([0-5][0-9])(\s{0,1})(AM|PM|am|pm|aM|Am|pM|Pm{2,2})$)|(^([0-9]|[1][0-9]|[2][0-3])(\s{0,1})(AM|PM|am|pm|aM|Am|pM|Pm{2,2})$)",9:58 AM
455,dates and time,"([0-9]{4})-([0-9]{1,2})-([0-9]{1,2})",2602-2-1
456,dates and time,^([2][0]\d{2}\/([0]\d|[1][0-2])\/([0-2]\d|[3][0-1]))$|^([2][0]\d{2}\/([0]\d|[1][0-2])\/([0-2]\d|[3][0-1])\s([0-1]\d|[2][0-3])\:[0-5]\d\:[0-5]\d)$,2012/11/30
457,dates and time,^(([0]?[0-5][0-9]|[0-9]):([0-5][0-9]))$,1:57
458,dates and time,((^(10|12|0?[13578])([/])(3[01]|[12][0-9]|0?[1-9])([/])((1[8-9]\d{2})|([2-9]\d{3}))$)|(^(11|0?[469])([/])(30|[12][0-9]|0?[1-9])([/])((1[8-9]\d{2})|([2-9]\d{3}))$)|(^(0?2)([/])(2[0-8]|1[0-9]|0?[1-9])([/])((1[8-9]\d{2})|([2-9]\d{3}))$)|(^(0?2)([/])(29)([/])([2468][048]00)$)|(^(0?2)([/])(29)([/])([3579][26]00)$)|(^(0?2)([/])(29)([/])([1][89][0][48])$)|(^(0?2)([/])(29)([/])([2-9][0-9][0][48])$)|(^(0?2)([/])(29)([/])([1][89][2468][048])$)|(^(0?2)([/])(29)([/])([2-9][0-9][2468][048])$)|(^(0?2)([/])(29)([/])([1][89][13579][26])$)|(^(0?2)([/])(29)([/])([2-9][0-9][13579][26])$)),02/29/4056
459,dates and time,^(([0]?[1-9]|[1][0-2])[\/|\-|\.]([0-2]\d|[3][0-1]|[1-9])[\/|\-|\.]([2][0])?\d{2}\s+((([0][0-9]|[1][0-2]|[0-9])[\:|\-|\.]([0-5]\d)\s*([aApP][mM])?)|(([0-1][0-9]|[2][0-3]|[0-9])[\:|\-|\.]([0-5]\d))))$,9|25.2098  			20.06
460,dates and time,^([1][12]|[0]?[1-9])[\/-]([3][01]|[12]\d|[0]?[1-9])[\/-](\d{4}|\d{2})$,6-31/44
461,dates and time,^((([0]?[1-9]|1[0-2])(:|\.)(00|15|30|45)?( )?(AM|am|aM|Am|PM|pm|pM|Pm))|(([0]?[0-9]|1[0-9]|2[0-3])(:|\.)(00|15|30|45)?))$,09.am
462,dates and time,"^\d{1,2}\/\d{2,4}$",5/5359
463,dates and time,^(|(0[1-9])|(1[0-2]))\/((0[1-9])|(1\d)|(2\d)|(3[0-1]))\/((\d{4}))$,12/09/2946
464,dates and time,^((((0[13578])|(1[02]))[\/]?(([0-2][0-9])|(3[01])))|(((0[469])|(11))[\/]?(([0-2][0-9])|(30)))|(02[\/]?[0-2][0-9]))[\/]?\d{4}$,11/302396
465,misc,"^\(\d{1,2}(\s\d{1,2}){1,2}\)\s(\d{1,2}(\s\d{1,2}){1,2})((-(\d{1,4})){0,1})$",(80 43	0)447
466,misc,^(ac|AC|al|AL|am|AM|ap|AP|ba|BA|ce|CE|df|DF|es|ES|go|GO|ma|MA|mg|MG|ms|MS|mt|MT|pa|PA|pb|PB|pe|PE|pi|PI|pr|PR|rj|RJ|rn|RN|ro|RO|rr|RR|rs|RS|sc|SC|se|SE|sp|SP|to|TO)$,ro
467,misc,"^(\d{5}((|-)-\d{4})?)|([A-Za-z]\d[A-Za-z][\s\.\-]?(|-)\d[A-Za-z]\d)|[A-Za-z]{1,2}\d{1,2}[A-Za-z]? \d[A-Za-z]{2}$",y1A1A9
468,misc,"^(\d{1,2}|1\d\d|2[0-4]\d|25[0-5])\.(\d{1,2}|1\d\d|2[0-4]\d|25[0-5])\.(\d{1,2}|1\d\d|2[0-4]\d|25[0-5])\.(\d{1,2}|1\d\d|2[0-4]\d|25[0-5])$",126.250.6.211
469,misc,((\(\d{3}\) ?)|(\d{3}-))?\d{3}-\d{4},167-8798
470,misc,"^(?=.*\d).{4,8}$","x}1BV+,bpiw"
471,misc,"^(([a-zA-Z]:|\\)\\)?(((\.)|(\.\.)|([^\\/:\*\?""\|<>\. ](([^\\/:\*\?""\|<>\. ])|([^\\/:\*\?""\|<>]*[^\\/:\*\?""\|<>\. ]))?))\\)*[^\\/:\*\?""\|<>\. ](([^\\/:\*\?""\|<>\. ])|([^\\/:\*\?""\|<>]*[^\\/:\*\?""\|<>\. ]))?$",T:\.\.\.\..\.\.\..\K\\3\P1
472,misc,"^([a-zA-Z0-9@*#]{8,15})$",MRfdDofNkb
473,misc,^\(?[\d]{3}\)?[\s-]?[\d]{3}[\s-]?[\d]{4}$,593) 655	7117
474,misc,^([0-9a-fA-F][0-9a-fA-F]:){5}([0-9a-fA-F][0-9a-fA-F])$,5B:Cf:90:3d:17:1f
475,misc,(\s*\(?0\d{4}\)?\s*\d{6}\s*)|(\s*\(?0\d{3}\)?\s*\d{3}\s*\d{4}\s*), 	  (01618)	  284629 
476,misc,\d{2}.?\d{3}.?\d{3}/?\d{4}-?\d{2},06663182475907
477,misc,^\d{5}(-\d{4})?$,01865
478,misc,^\D?(\d{3})\D?\D?(\d{3})\D?(\d{4})$,453=y562D8147
479,misc,^[0-9]{2}[-][0-9]{2}[-][0-9]{2}$,13-45-67
480,misc,^\d{3}\s?\d{3}$,268 646
481,misc,^\d{3}-\d{7}[0-6]{1}$,837-15994135
482,misc,^([a-z0-9]{32})$,iausg1t7s5r4nib3rc8ijumj3jxyvdp7
483,misc,([0-1])*$,1000
484,misc,^([A-Za-z]\d[A-Za-z][-]?\d[A-Za-z]\d),o7B-9b6
485,misc,^[0-9](\.[0-9]+)?$,9.9686477403
486,misc,^(\(?\+?[0-9]*\)?)?[0-9_\- \(\)]*$,_
487,misc,"(?:\d|I{1,3})?\s?\w{2,}\.?\s*\d{1,}\:\d{1,}-?,?\d{0,2}(?:,\d{0,2}){0,2}","III k9G0CVsvuR      11057716:5230448,"
488,misc,\d{4}-?\d{4}-?\d{4}-?\d{4},8245-28991811-6885
489,misc,"^[a-zA-Z]{1,2}[0-9][0-9A-Za-z]{0,1} {0,1}[0-9][A-Za-z]{2}$",b3 7qk
490,misc,"^([A-PR-UWYZ0-9][A-HK-Y0-9][AEHMNPRTVXY0-9]?[ABEHMNPRVWXY0-9]? {1,2}[0-9][ABD-HJLN-UW-Z]{2}|GIR 0AA)$",E78 5GY
491,misc,"^(?=.*\d)(?=.*[a-z])(?=.*[A-Z])(?!.*\s).{4,8}$","ly&Mhb\ 7""GsBnI_Z	J1}c -"
492,misc,^([0-9]{2})?(\([0-9]{2})\)([0-9]{3}|[0-9]{4})-[0-9]{4}$,(48)079-1743
493,misc,"^[a-zA-Z]+(([\'\,\.\- ][a-zA-Z ])?[a-zA-Z]*)*$",uc'CfWWnfUeJRRIxtqGcjw
494,misc,^[A-Za-z]{2}[0-9]{6}[A-Za-z]{1}$,QY077627k
495,misc,\u00AE,®
496,misc,^[a-zA-Z0-9]+$,DQVzk
498,misc,([0-7])*$,0563
499,misc,^[1-9]{1}[0-9]{3} ?[A-Z]{2}$,3884 QE
500,misc,(\[[Ii][Mm][Gg]\])(\S+?)(\[\/[Ii][Mm][Gg]\]),[img]xj2C[/IMg]
501,misc,(\/\/--&gt;\s*)?&lt;\/?SCRIPT([^&gt;]*)&gt;(\s*&lt;!--\s)?,&lt;/SCRIPT'y:[<a]7&gt;
502,misc,^(1|2|3)((\d{2}((0[13578]|1[02])(0[1-9]|[12]\d|3[01])|(0[13456789]|1[012])(0[1-9]|[12]\d|30)|02(0[1-9]|1\d|2[0-8])))|([02468][048]|[13579][26])0229)(\d{5})$,128022994536
503,misc,"^([A-Z|a-z]{2}\s{1}\d{2}\s{1}[A-Z|a-z]{1,2}\s{1}\d{1,4})?([A-Z|a-z]{3}\s{1}\d{1,4})?$",rt 75	i278jcC 5736
504,misc,^(eth[0-9]$)|(^eth[0-9]:[1-9]$),eth4:7
505,misc,^[{|\(]?[0-9a-fA-F]{8}[-]?([0-9a-fA-F]{4}[-]?){3}[0-9a-fA-F]{12}[\)|}]?$,{A1e97d5e-4CfE9A1d-7DDa-05cCbbe47Bd0}
506,misc,\u00A3,£
507,misc,\u221E,∞
509,misc,\u00A5,¥
510,misc,\b(([01]?\d?\d|2[0-4]\d|25[0-5])\.){3}([01]?\d?\d|2[0-4]\d|25[0-5])\b,253.208.213.253
511,misc,^(([\w][\w\-\.]*)\.)?([\w][\w\-]+)(\.([\w][\w\.]*))?$,YMo.dwWfWyuZPY
512,misc,^((Fred|Wilma)\s+Flintstone|(Barney|Betty)\s+Rubble)$,Wilma	  	 Flintstone
513,misc,<img([^>]*[^/])>,<img(yLyM5$y=>
514,misc,\{CHBLOCK\:(.*?\}),{CHBLOCK:K'P}
515,misc,\u20AC,€
516,misc,\u2122,™
517,misc,[:]{1}[-~+o]?[)&gt;]+,:gg)tgg&)g
518,misc,"^([a-zA-Z.\s']{1,50})$",s iqXHk	
519,misc,^07([\d]{3})[(\D\s)]?[\d]{3}[(\D\s)]?[\d]{3}$,07023D408701
520,misc,^[+]447\d{9}$,+447219383066
521,misc,^(\+[1-9][0-9]*(\([0-9]*\)|-[0-9]*-))?[0]?[1-9][0-9\- ]*$,04 
522,misc,&lt;/?(\w+)(\s+\w+=(\w+|&quot;[^&quot;]*&quot;|'[^']*'))*&gt;,&lt;/Uoz 		  	8l7Cj=&quot;S3Ck8'$rIP&quot; tEGljAXXKz=&quot;/d&quot;	  		NlunmHpsP=kztkSR9IQ 	_kt3='F8lIP<'	 		eO85XPMJHe=']1q3n{vbGq'	 VcDi='Ga@7flD' 		 YuH=&quot;:&quot;AR=cm8SH9m8w7 	jnkdAqa3='^D?x%O/' IkCc1qr=&quot;m&quot;&gt;
523,misc,^([ \u00c0-\u01ffa-zA-Z'])+$,ǕDŶnŔƱĴÏǅ
524,misc,<script[^>]*>[\w|\t|\r|\W]*</script>,<scriptUtna></script>
525,misc,^(V-|I-)?[0-9]{4}$,4175
526,misc,(^(4|5)\d{3}-?\d{4}-?\d{4}-?\d{4}|(4|5)\d{15})|(^(6011)-?\d{4}-?\d{4}-?\d{4}|(6011)-?\d{12})|(^((3\d{3}))-\d{6}-\d{5}|^((3\d{14}))),6011-1427-17153360
527,misc,"^([\(]{1}[0-9]{3}[\)]{1}[ |\-]{0,1}|^[0-9]{3}[\-| ])?[0-9]{3}(\-| ){1}[0-9]{4}$",478-0793
528,misc,[^abc],d
529,misc,"^[a-zA-Z]\w{3,14}$",bD80UZjkb
530,misc,^\d{5}-\d{4}$,04698-0233
531,misc,^[A-Z]{1}( |-)?[1-9]{1}[0-9]{3}$,Y2687
532,misc,"^.{4,8}$",Fvz+
533,misc,^\d{5}$,90142
535,misc,^[A-Za-z]{6}[0-9]{2}[A-Za-z]{1}[0-9]{2}[A-Za-z]{1}[0-9]{3}[A-Za-z]{1}$,AyHUvG91x21G377E
536,misc,^((0?[1-9])|((1|2)[0-9])|30|31)$,31
537,misc,^0[23489]{1}(\-)?[^0\D]{1}\d{6}$,09-6402926
538,misc,(\{\\f\d*)\\([^;]+;),{\f16\9p$}k+fk0M;
539,misc,"^([A-Z]{1,2}[0-9]{1,2}|[A-Z]{3}|[A-Z]{1,2}[0-9][A-Z])( |-)[0-9][A-Z]{2}",XNS-0OA
540,misc,^(F-)?((2[A|B])|[0-9]{2})[0-9]{3}$,F-75066
541,misc,^([1-9]{2}|[0-9][1-9]|[1-9][0-9])[0-9]{3}$,42075
542,misc,(\d*)'*-*(\d*)/*(\d*)&quot;,1438610149'''''------9234442/////////4604&quot;
543,misc,^(/w|/W|[^<>+?$%{}&])+$,/W/W/W/W2/W/W/W/w/W
544,misc,@{2}((\S)+)@{2},@@X2c?rt@@
545,misc,^\d+\x20*([pP][xXtT])?$,3983971837    pX
546,misc,^[a-z]+[0-9]*[a-z]+$,ojibrz8c
547,misc,"^[\u0081-\uFFFF]{1,}$",깥斓ﰸߖ
548,misc,"^[AaWaKkNn][a-zA-Z]?[0-9][a-zA-Z]{1,3}$",WM0wS
549,misc,^\s*(((\d*\.?\d*[0-9]+\d*)|([0-9]+\d*\.\d*) )\s*[xX]\s*){2}((\d*\.?\d*[0-9]+\d*)|([0-9]+\d*\.\d*))\s*$,   54060652002642388298x	   153770082386193251.709938124   	x	 233069411064964923683386  
550,misc,"([A-Z&#228;&#246;&#252;0-9\/][^a-z\:\,\(\)]*[A-Z&#228;&#246;&#252;0-9])($|[\.\:\,\;\)\-\ \+]|s\b)","26<.""PZS<;"
551,misc,\b(\w+)\s+\1\b,O9  	O9
552,misc,"^[0-9]{4}\s{0,1}[a-zA-Z]{2}$",8809	Pj
553,misc,"^(?!^(PRN|AUX|CLOCK\$|NUL|CON|COM\d|LPT\d|\..*)(\..+)?$)[^\x00-\x1f\\?*:\"";|/]+$",z[2
554,misc,"^((([sS][r-tR-Tx-zX-Z])\s*([sx-zSX-Z])?\s*([a-zA-Z]{2,3}))?\s*(\d\d)\s*-?\s*(\d{6,7}))$", 	 32	  -		 8079794
555,misc,"^(s-|S-){0,1}[0-9]{3}\s?[0-9]{2}$",S-17488
556,misc,"^(([+]\d{2}[ ][1-9]\d{0,2}[ ])|([0]\d{1,3}[-]))((\d{2}([ ]\d{2}){2})|(\d{3}([ ]\d{3})*([ ]\d{2})+))$",0809-884 51 45
557,misc,"^((4\d{3})|(5[1-5]\d{2}))(-?|\040?)(\d{4}(-?|\040?)){3}|^(3[4,7]\d{2})(-?|\040?)\d{6}(-?|\040?)\d{5}","3,36-539848-71155"
558,misc,(a|b|c).(a.b)*.b+.c,a a1ba%b	bOc
559,misc,^(([a-z])+.)+[A-Z]([a-z])+$,iqmiyzypeHxnoiaohuyyzni1dqjeasx7g-Upc
560,misc,^[a-zA-Z_][a-zA-Z0-9_]*$,caDz4t6a
562,misc,(.*\.([wW][mM][aA])|([mM][pP][3])$),4EhtY.wMA
563,misc,"^(.|\n){0,16}$",
565,misc,^[^#]([^ ]+ ){6}[^ ]+$,!q/(7 %xUQ bmTv# C'YvW:HrP SFsl ~V~}@ 	`
566,misc,^[a-zA-Z][0-9][a-zA-Z]\s?[0-9][a-zA-Z][0-9]$,F9G8O4
567,misc,"^[a-zA-Z0-9]{1,20}$",VxqCvrBTJF
568,misc,(NOT)?(\s*\(*)\s*(\w+)\s*(=|&lt;&gt;|&lt;|&gt;|LIKE|IN)\s*(\(([^\)]*)\)|'([^']*)'|(-?\d*\.?\d+))(\s*\)*\s*)(AND|OR)?, 		((((( kr 	 IN (Vr@W&()  	)))))))	 OR
569,misc,(AUX|PRN|NUL|COM\d|LPT\d)+\s*$,LPT5LPT5NULPRNPRNPRN    
570,misc,"\(([0-9]{2}|0{1}((x|[0-9]){2}[0-9]{2}))\)\s*[0-9]{3,4}[- ]*[0-9]{4}",(00085) 827-- ---  3539
571,misc,"^(?=.*\d)(?=.*[a-z])(?=.*[A-Z]).{4,8}$","p:Z7S""U^>4'zn<}d+B.M?u'C!wS<qN;HjL"
572,misc,([2-9JQKA]|10)([\u2660\u2663\u2665\u2666]),10♣
573,misc,[1-2][0|9][0-9]{2}[0-1][0-9][0-3][0-9][-][0-9]{4},1|600603-1658
574,misc,((&quot;|')[a-z0-9\/\.\?\=\&amp;]*(\.htm|\.asp|\.php|\.jsp)[a-z0-9\/\.\?\=\&amp;]*(&quot;|'))|(href=*?[a-z0-9\/\.\?\=\&amp;&quot;']*),&quot;hh.htm52h&n4l'
575,misc,(^\d{5}-\d{3}|^\d{2}.\d{3}-\d{3}|\d{8}),33750-225
576,misc,^0(5[012345678]|6[47]){1}(\-)?[^0\D]{1}\d{5}$,050609056
577,misc,^\{?[a-fA-F\d]{8}-([a-fA-F\d]{4}-){3}[a-fA-F\d]{12}\}?$,{5D13AdF1-a1d8-Be04-260F-5BeaeCDB0BDe}
578,misc,^[A-Z]{2}[0-9]{6}[A-DFM]{1}$,QB593966F
579,misc,\({1}[0-9]{3}\){1}\-{1}[0-9]{3}\-{1}[0-9]{4},(943)-488-6780
580,misc,&lt;[^&gt;\s]*\bauthor\b[^&gt;]*&gt;,&lt;~qmWauthorl`v!Nm7O&gt;
581,misc,^&lt;a\s+href\s*=\s*&quot;http:\/\/([^&quot;]*)&quot;([^&gt;]*)&gt;(.*?(?=&lt;\/a&gt;))&lt;\/a&gt;$,&lt;a    href 	 	=&quot;http://[eR `{/~PJ&quot;S^&gt;a#:C[6&lt;/a&gt;&lt;/a&gt;
582,misc,^(\d{5}-\d{4}|\d{5})$,96928-6143
583,misc,^0[1-6]{1}(([0-9]{2}){4})|((\s[0-9]{2}){4})|((-[0-9]{2}){4})$,3888 63	46
586,misc,^[1-9]{1}[0-9]{3}$,2826
587,misc,([0-1][0-9]|2[0-3]):[0-5][0-9],22:59
589,misc,[A-Z][a-z]+,Pqmixkm
590,misc,^(([a-zA-Z]:)|(\\{2}\w+)\$?)(\\(\w[\w ]*))+\.(txt|TXT)$,\\R\zVk9bFXWh\mD\ZzL\xq9P1I\S1RdsPoT\egski\iUVR_kYGiv5\ZL.TXT
591,misc,^([1-9]|[1-9]\d|1\d{2}|2[0-4]\d|25[0-5])$,61
592,misc,"\w?<\s?\/?[^\s>]+(\s+[^""'=]+(=(""[^""]*"")|('[^\']*')|([^\s""'>]*))?)*\s*\/?>","5</J!4BnA  	  \2v,&c/@A  :[!?NkoUa+cB5Plm		/>"
593,misc,"^([a-zA-Z0-9][-a-zA-Z0-9]*[a-zA-Z0-9]\.)+([a-zA-Z0-9]{3,5})$",0uYQqU.WFxaD
594,misc,"^\d{3,3}\.\d{0,2}$|^E\d{3,3}\.\d{0,2}$",E702.0
595,misc,{.*},{b}
596,misc,^[0-9A-Za-z_ ]+(.[jJ][pP][gG]|.[gG][iI][fF])$,RwXgiF
597,misc,"[^A-Za-z0-9_@\.]|@{2,}|\.{5,}",%
598,misc,^(((25[0-5]|2[0-4][0-9]|19[0-1]|19[3-9]|18[0-9]|17[0-1]|17[3-9]|1[3-6][0-9]|12[8-9]|12[0-6]|1[0-1][0-9]|1[1-9]|[2-9][0-9]|[0-9])\.(25[0-5]|2[0-4][0-9]|1[0-9][0-9]|[1-9][0-9]|[0-9]))|(192\.(25[0-5]|2[0-4][0-9]|16[0-7]|169|1[0-5][0-9]|1[7-9][0-9]|[1-9][0-9]|[0-9]))|(172\.(25[0-5]|2[0-4][0-9]|1[0-9][0-9]|1[0-5]|3[2-9]|[4-9][0-9]|[0-9])))\.(25[0-5]|2[0-4][0-9]|1[0-9][0-9]|[1-9][0-9]|[0-9])\.(25[0-5]|2[0-4][0-9]|1[0-9][0-9]|[1-9][0-9]|[0-9])$,9.3.165.0
599,misc,^([A-HJ-TP-Z]{1}\d{4}[A-Z]{3}|[a-z]{1}\d{4}[a-hj-tp-z]{3})$,P4972GUX
600,misc,(([01][\.\- +]\(\d{3}\)[\.\- +]?)|([01][\.\- +]\d{3}[\.\- +])|(\(\d{3}\) ?)|(\d{3}[- \.]))?\d{3}[- \.]\d{4},885.423.5960
601,misc,(^[A-ZÀ-Ü]{1}[a-zà-ü']+\s[a-zA-Zà-üÀ-Ü]+((([\s\.'])|([a-zà-ü']+))|[a-zà-ü']+[a-zA-Zà-üÀ-Ü']+)),Yv õçÇz 
602,misc,^(\{|\[|\().+(\}|\]|\)).+$,(FjPr9e$]VewIb	\
603,misc,^[^']*$,MM
604,misc,"(^\(\)$|^\(((\([0-9]+,(\((\([0-9]+,[0-9]+,[0-9]+\),)*(\([0-9]+,[0-9]+,[0-9]+\)){1}\))+\),)*(\([0-9]+,(\((\([0-9]+,[0-9]+,[0-9]+\),)*(\([0-9]+,[0-9]+,[0-9]+\)){1}\))+\)){1}\)))$","((8,((03,7041,51672),(450,9958939,92667))((2051,8913994,162566625),(24,9,9371573989),(376945,3,85909),(190,7,6205464188),(3048850,09,387),(79,5426898530,11968),(019691773,56,3600590),(459411403,244358,41293590),(88,2957383,1103453))((7064549,613794057,099738786),(885878,3,8699),(9213169,9,5608526),(679685,7026,79808854),(026678754,5982571,617802817),(18337,1660939189,537742969))((0681649,909476,068969651),(784432759,01887,31),(64,5030683823,409),(382992,75712,894517),(0412128141,11051389,55530),(78,6,967),(31415081,6320,774076),(026317401,809,817817668),(62,0692,1877))((2232109217,6484339277,640),(1873149,704459140,2))((842248297,173,819793620),(12982,45905,93),(1221881104,098399,5525923914),(45,543039415,02),(6,9089,134014819))((22752,294448,967),(2033636,7759,358),(3,405663,61276),(98,1235383,2047431897),(3705902,536090,3943908),(20091364,07413,349964392),(4800,150828,4814),(68035,62820,145),(821430910,6833,14326287),(5,406,281),(397982299,2446,422901751))((1546929,26,9434),(72,4282576,748987287),(8921267068,19,9),(5519420,307507997,69805),(8935,254,41118516),(044187974,1688571158,756586572),(75656,21678429,3),(9833,931,118539057))((954846126,7,9157859),(37743,9596369874,15))),(4,((8643525576,66597,05860),(061165,713802336,318333),(1186108,4124989,5330),(47521,38223445,77639),(1400132,5950365309,1532796),(019589,38788,7797171404))((184478975,2,0353317),(90347,527,89084749),(956,617,261409),(8557,4578177,3),(568,2040553,3545602),(05903587,124685,22),(735502060,6985965,1024207123))((0075266,211598544,6201),(114,7198688303,5),(827460,575493,219228),(82626,2873,805005672),(269582,5738303,69680767),(27239,8,81),(3032,366008,730),(2,07,7),(6607820,5,67),(389,2744991648,7027425),(4512511,3149226673,3469561))((8135,00979157,5938),(25,51842852,290642),(711315124,0851,988005104),(785708573,21,956),(2,8676947696,6605),(234,5037612,480841202))((98,4805961845,553),(78,5024323,1),(258,196388712,836),(6653,98,196409),(282926091,2,8672605015),(7555784,483766,88879234))((1701669755,39,9179803),(9050231782,7723,0470743),(556,61573,54113071),(01068372,57,8),(0495,0,05),(89,3893763,7703754048))),(702,((2,769221,31),(601,9190479,143),(70066,568779886,703280376),(202175,5,51877))((2,1789105061,737),(059397,983208401,2598046917),(03519090,347,492179),(90790,32792,82))((5484,6157,9481108),(103333,884823473,80117256),(42791804,1,1001))((299008,5481722081,168649),(278,9,78894),(5832866810,06906,2624))((38194,4271461129,40052962),(519542,8228119489,33207128),(2036790,4,2175337))((8,89058,7650256099))((07469,8299743,45602672),(049,8440,2),(648180412,7,7),(18276158,81,4594245675),(93,07797759,75871841),(55324,835984,300),(151,784822389,8),(26098842,0964434496,891998),(973,022527539,776103542),(1321,0091323,872786778))((4,028205804,045),(46368089,974,571312310),(5,7886,10),(16,5,14610),(3379206,882,5971534513),(5689,5,257),(444,091979,94642609),(8616767,8,709153740))((64528,2,336),(4328587215,33045,9304120))),(77691664,((71361,13,316),(3,43164542,455032899),(0414296,9926,7))((7648075,9110,00))((75606986,330,5),(7,336987986,586),(35180698,63,8133430),(921,427,3207),(65,1312597,250019653),(806815,86689,61660581),(286715156,719,134017),(5647,934246,31289277))((49192479,86190652,6189848),(824,63708012,9048272259),(074278989,9246492904,329),(63708,17,45698221),(244,862555,778411),(631742338,52422,319),(597,84638,587394),(55090286,5821,754741),(44604,329,4731087579))((94815,69617,9),(3,5093885315,8683),(9240060305,187323,4327475447),(0723137621,4267624804,874),(1,43542,4),(40851,1254670,02149793))((293770901,90,7681))((122,078947527,461647),(04966,3,3549),(73857979,560062,7994381176),(98888,729519019,97297),(88,296728,81508),(2557,4572,8979287855),(64863202,964,1241134683),(29699,7687382,8))((822,229,6890638525),(2593529,2750,0),(87,88360419,75131),(32990,6980154614,5358470847))((77,20282271,01717843),(63301,6,6),(7,4458658606,47),(12,5102037552,776539),(13643914,594764803,858121939),(38,46151227,89615806),(733420955,930,8),(56859524,09111,23))((532,29,74782))),(04,((7800825,3153,4),(74953831,8,52781439),(5109,70368414,541716361),(348,818073,97832663),(9811097540,14385190,554814243),(51,188310603,589897279),(2672680431,8,793806),(03,225782,049),(9040,712208,05648488),(4559661,08009,409),(67,0385760184,58))((65931170,05326173,0),(5,22,87),(710701472,20854000,031),(077,44762401,7210603),(97090075,26,8035380),(335569,85,237),(55824008,67201,493),(28268,38709,27836303),(6635145,99854189,02),(02832780,829,4),(4765071,802671726,3821901))((489524498,4317763,354589),(22,4,181),(779872,998608605,42),(7573493821,35,08),(0834,57,172670))((1861,6616,279726749),(9919201,041180,2712),(9416981962,66504616,2551),(5636012274,33006889,4137),(2089,381,1859),(1698715,62,012))((68232231,05298,3671367),(930600075,7224341258,80537),(40496755,59843,78528))))"
605,misc,(^0[78][2347][0-9]{7}),0844667748
606,misc,[^a-zA-Z \-]|(  )|(\-\-)|(^\s*$), 
607,misc,"^([a-zA-Z0-9!@#$%^&amp;*()-_=+;:'&quot;|~`&lt;&gt;?/{}]{1,5})$",Pf\C
608,misc,"^[0-9]{4}\s{0,2}[a-zA-z]{2}$",8679Nf
609,misc,^[a-zA-Z0-9\s.\-_']+$,sN6cz74v
610,misc,^\d{2}(\x2e)(\d{3})(-\d{3})?$,73.437
611,misc,^\(?082|083|084|072\)?[\s-]?[\d]{3}[\s-]?[\d]{4}$,(082
612,misc,"^([0-9A-Za-z@.]{1,255})$",o@G2sOZ
613,misc,&lt;[iI][mM][gG]([^&gt;]*[^/&gt;]),&lt;ImgwNN57Rc
614,misc,"^((A(((H[MX])|(M(P|SN))|(X((D[ACH])|(M[DS]))?)))?)|(K7(A)?)|(D(H[DLM])?))(\d{3,4})[ABD-G][CHJK-NPQT-Y][Q-TV][1-4][B-E]$",DHM450EYQ3C
616,misc,(^.+\|+[A-Za-z]),E||||||||||H
617,misc,^[A-Z1-9]{5}-[A-Z1-9]{5}-[A-Z1-9]{5}-[A-Z1-9]{5}-[A-Z1-9]{5}$,8QMKC-YDRX7-9NI13-R2US7-A2IRD
618,misc,^[a-zA-Z]+$,kdpWw
619,misc,"(^([1-3]{1}[0-9]{0,}(\.[0-9]{1})?|0(\.[0-9]{1})?|[4]{1}[0-9]{0,}(\.[0]{1})?|5(\.[5]{1}))$)",248.5
620,misc,^\d{5}$|^\d{5}-\d{4}$,18242-3372
621,misc,Last.*?(\d+.?\d*),LastA;)Z930593c9294
622,misc,^[A-Z0-9]{8}-[A-Z0-9]{4}-[A-Z0-9]{4}-[A-Z0-9]{4}-[A-Z0-9]{12}$,CJ6WT1E3-95SA-FCAI-667G-0I4JXSVW4FUA
624,misc,(^\+[0-9]{2}|^\+[0-9]{2}\(0\)|^\(\+[0-9]{2}\)\(0\)|^00[0-9]{2}|^0)([0-9]{9}$|[0-9\-\s]{10}$),0829268314
625,misc,^([0-9]{6}[\s\-]{1}[0-9]{12}|[0-9]{18})$,803323223044000385
626,misc,^[a-zA-Z0-9\s.\-]+$,2kE8v
628,misc,"^(user=([a-z0-9]+,)*(([a-z0-9]+){1});)?(group=([a-z0-9]+,)*(([a-z0-9]+){1});)?(level=[0-9]+;)?$","user=th8zg69,cpye,eolgebnd,wrj,2e0ba8;group=q82g1df3nc,3473h,f,htbwn;"
633,misc,^\d{5}(-\d{3})?$,56741-354
634,misc,"^[A-Z]{1,2}[1-9][0-9]?[A-Z]? [0-9][A-Z]{2,}|GIR 0AA$",GIR 0AA
636,misc,^[A-Za-z0-9]{8}-[A-Za-z0-9]{4}-[A-Za-z0-9]{4}-[A-Za-z0-9]{4}-[A-Za-z0-9]{12}$,F19cGpij-151v-gZWR-Y59H-gjmIXnyJNOfN
637,misc,"^(?i:(?=[MDCLXVI])((M{0,3})((C[DM])|(D?C{0,3}))?((X[LC])|(L?XX{0,2})|L)?((I[VX])|(V?(II{0,2}))|V)?))$",XMXLVI
638,address/phone,"^[\\(]{0,1}([0-9]){3}[\\)]{0,1}[ ]?([^0-1]){1}([0-9]){2}[ ]?[-]?[ ]?([0-9]){4}[ ]*((x){0,1}([0-9]){1,5}){0,1}$",(566\ '59- 6471       
639,address/phone,"(^1300\d{6}$)|(^1800|1900|1902\d{6}$)|(^0[2|3|7|8]{1}[0-9]{8}$)|(^13\d{4}$)|(^04\d{2,3}\d{6}$)",137081
640,address/phone,^[a-zA-Z]{1}[0-9]{1}[a-zA-Z]{1}(\-| |){1}[0-9]{1}[a-zA-Z]{1}[0-9]{1}$,B0w8F0
641,address/phone,^(?:\([2-9]\d{2}\)\ ?|[2-9]\d{2}(?:\-?|\ ?))[2-9]\d{2}[- ]?\d{4}$,(396) 645 6144
642,address/phone,"(\d{4,6})",185528
644,address/phone,^[2-9]\d{2}-\d{3}-\d{4}$,686-691-7161
645,address/phone,^([0-9]( |-)?)?(\(?[0-9]{3}\)?|[0-9]{3})( |-)?([0-9]{3}( |-)?[0-9]{4}|[a-zA-Z0-9]{7})$,(816)-773-9282
646,address/phone,^((AL)|(AK)|(AS)|(AZ)|(AR)|(CA)|(CO)|(CT)|(DE)|(DC)|(FM)|(FL)|(GA)|(GU)|(HI)|(ID)|(IL)|(IN)|(IA)|(KS)|(KY)|(LA)|(ME)|(MH)|(MD)|(MA)|(MI)|(MN)|(MS)|(MO)|(MT)|(NE)|(NV)|(NH)|(NJ)|(NM)|(NY)|(NC)|(ND)|(MP)|(OH)|(OK)|(OR)|(PW)|(PA)|(PR)|(RI)|(SC)|(SD)|(TN)|(TX)|(UT)|(VT)|(VI)|(VA)|(WA)|(WV)|(WI)|(WY))$,IN
647,address/phone,(((^[BEGLMNS][1-9]\d?) | (^W[2-9] ) | ( ^( A[BL] | B[ABDHLNRST] | C[ABFHMORTVW] | D[ADEGHLNTY] | E[HNX] | F[KY] | G[LUY] | H[ADGPRSUX] | I[GMPV] | JE | K[ATWY] | L[ADELNSU] | M[EKL] | N[EGNPRW] | O[LX] | P[AEHLOR] | R[GHM] | S[AEGKL-PRSTWY] | T[ADFNQRSW] | UB | W[ADFNRSV] | YO | ZE ) \d\d?) | (^W1[A-HJKSTUW0-9]) | ((  (^WC[1-2])  |  (^EC[1-4]) | (^SW1)  ) [ABEHMNPRVWXY] ) ) (\s*)?  ([0-9][ABD-HJLNP-UW-Z]{2})) | (^GIR\s?0AA), W2     6SP 
648,address/phone,^((\d{5}-\d{4})|(\d{5})|([AaBbCcEeGgHhJjKkLlMmNnPpRrSsTtVvXxYy]\d[A-Za-z]\s?\d[A-Za-z]\d))$,l8f4E2
649,address/phone,([0]{1}[6]{1}[-\s]*[1-9]{1}[\s]*([0-9]{1}[\s]*){7})|([0]{1}[1-9]{1}[0-9]{1}[0-9]{1}[-\s]*[1-9]{1}[\s]*([0-9]{1}[\s]*){5})|([0]{1}[1-9]{1}[0-9]{1}[-\s]*[1-9]{1}[\s]*([0-9]{1}[\s]*){6}),0944   	    90  19  6		  	1  
650,address/phone,^[1-9][0-9]{3}\s?[a-zA-Z]{2}$,8456Yb
651,address/phone,\b((?:0[1-46-9]\d{3})|(?:[1-357-9]\d{4})|(?:[4][0-24-9]\d{3})|(?:[6][013-9]\d{3}))\b,02843
652,address/phone,^\(\d{3}\) ?\d{3}( |-)?\d{4}|^\d{3}( |-)?\d{3}( |-)?\d{4},(926) 6796050
653,address/phone,"^[ \w]{3,}([A-Za-z]\.)?([ \w]*\#\d+)?(\r\n| )[ \w]{3,},\x20[A-Za-z]{2}\x20\d{5}(-\d{4})?$","VxXEf2eoY kVERA3Tcd, aY 70261"
654,address/phone,"^0[234679]{1}[\s]{0,1}[\-]{0,1}[\s]{0,1}[1-9]{1}[0-9]{6}$",073545480
655,address/phone,"^(\+97[\s]{0,1}[\-]{0,1}[\s]{0,1}1|0)50[\s]{0,1}[\-]{0,1}[\s]{0,1}[1-9]{1}[0-9]{6}$",050 - 6213106
656,address/phone,^\d{5}((-|\s)?\d{4})?$,45121
657,address/phone,(((^[BEGLMNS][1-9]\d?)|(^W[2-9])|(^(A[BL]|B[ABDHLNRST]|C[ABFHMORTVW]|D[ADEGHLNTY]|E[HNX]|F[KY]|G[LUY]|H[ADGPRSUX]|I[GMPV]|JE|K[ATWY]|L[ADELNSU]|M[EKL]|N[EGNPRW]|O[LX]|P[AEHLOR]|R[GHM]|S[AEGKL-PRSTWY]|T[ADFNQRSW]|UB|W[ADFNRSV]|YO|ZE)\d\d?)|(^W1[A-HJKSTUW0-9])|(((^WC[1-2])|(^EC[1-4])|(^SW1))[ABEHMNPRVWXY]))(\s*)?([0-9][ABD-HJLNP-UW-Z]{2}))$|(^GIR\s?0AA$),G97LB
659,address/phone,"^[\(]? ([^0-1]){1}([0-9]){2}([-,\),/,\.])*([ ])?([^0-1]){1}([0-9]){2}[ ]?[-]?[/]?[\.]? ([0-9]){4}$","( X42/-/)-,//,.Z04 -/ 3937"
661,address/phone,"((\(\d{3,4}\)|\d{3,4}-)\d{4,9}(-\d{1,5}|\d{0}))|(\d{4,12})",721885
662,address/phone,^(1\s*[-\/\.]?)?(\((\d{3})\)|(\d{3}))\s*[-\/\.]?\s*(\d{3})\s*[-\/\.]?\s*(\d{4})\s*(([xX]|[eE][xX][tT])\.?\s*(\d+))*$,1	 	 (642) 913 		       7082 	  	exT.	 	6577859exT 3x.		 1888857058x.49X.	 			 	13EXT.  0390X.		   484583
663,address/phone,^(?-i:A[LKSZRAEP]|C[AOT]|D[EC]|F[LM]|G[AU]|HI|I[ADLN]|K[SY]|LA|M[ADEHINOPST]|N[CDEHJMVY]|O[HKR]|P[ARW]|RI|S[CD]|T[NX]|UT|V[AIT]|W[AIVY])$,MN
664,address/phone,^([\(]{1}[0-9]{3}[\)]{1}[ ]{1}[0-9]{3}[\-]{1}[0-9]{4})$,(379) 634-1415
665,address/phone,"\d{1,3}.?\d{0,3}\s[a-zA-Z]{2,30}\s[a-zA-Z]{2,15}",6s txPGCIjMygsBYIEZs
666,address/phone,^((\d{5}-\d{4})|(\d{5})|([A-Z]\d[A-Z]\s\d[A-Z]\d))$,05620
667,address/phone,"^(([A-Z]{1,2}[0-9]{1,2})|([A-Z]{1,2}[0-9][A-Z]))\s?([0-9][A-Z]{2})$",N5L2LI
668,address/phone,^((?:\+27|27)|0)(=72|82|73|83|74|84)(\d{7})$,0837164712
669,address/phone,^[0-9]{6},300834
670,address/phone,^(\([2-9]|[2-9])(\d{2}|\d{2}\))(-|.|\s)?\d{3}(-|.|\s)?\d{4}$,830)52313787
671,address/phone,^\d{5}-\d{4}|\d{5}|[A-Z]\d[A-Z] \d[A-Z]\d$,86414
672,address/phone,^[0-9]{5}([- /]?[0-9]{4})?$,93461
673,address/phone,"^\s*\(?(020[7,8]{1}\)?[ ]?[1-9]{1}[0-9{2}[ ]?[0-9]{4})|(0[1-8]{1}[0-9]{3}\)?[ ]?[1-9]{1}[0-9]{2}[ ]?[0-9]{3})\s*$",0208)739357
674,address/phone,"(^\([0]\d{2}\))(\d{6,7}$)",(010)1234054
675,address/phone,"(02\d\s?\d{4}\s?\d{4})|(01\d{2}\s?\d{3}\s?\d{4})|(01\d{3}\s?\d{5,6})|(01\d{4}\s?\d{4,5})",01363 727064
677,address/phone,(\s*\(?0\d{4}\)?(\s*|-)\d{3}(\s*|-)\d{3}\s*)|(\s*\(?0\d{3}\)?(\s*|-)\d{3}(\s*|-)\d{4}\s*)|(\s*(7|8)(\d{7}|\d{3}(\-|\s{1})\d{4})\s*), 	7327 6378		 	
679,address/phone,"^[a-zA-Z\d]+(([\'\,\.\- #][a-zA-Z\d ])?[a-zA-Z\d]*[\.]*)*$",SkG4ViPHbvd1M2ga..........FbcNc5...A8z......8de
681,address/phone,(^\d{5}$)|(^\d{5}-\d{4}$),01138
682,address/phone,"^[abceghjklmnprstvxyABCEGHJKLMNPRSTVXY][0-9][abceghjklmnprstvwxyzABCEGHJKLMNPRSTVWXYZ] {0,1}[0-9][abceghjklmnprstvwxyzABCEGHJKLMNPRSTVWXYZ][0-9]$",e9A5n3
683,address/phone,^([0-9]*\-?\ ?\/?[0-9]*)$,51- /13
684,address/phone,^[S-s]( |-)?[1-9]{1}[0-9]{2}( |-)?[0-9]{2}$,s95705
685,address/phone,^[D-d][K-k]( |-)[1-9]{1}[0-9]{3}$,]L 8869
686,address/phone,^[D-d][K-k]-[1-9]{1}[0-9]{3}$,RY-2010
687,address/phone,^(((\+44\s?\d{4}|\(?0\d{4}\)?)\s?\d{3}\s?\d{3})|((\+44\s?\d{3}|\(?0\d{3}\)?)\s?\d{3}\s?\d{4})|((\+44\s?\d{2}|\(?0\d{2}\)?)\s?\d{4}\s?\d{4}))(\s?\#(\d{4}|\d{3}))?$,+449206905151	#4571
688,address/phone,^(\+44\s?7\d{3}|\(?07\d{3}\)?)\s?\d{3}\s?\d{3}$,+447213112 110
689,address/phone,"^[A-Za-z]{1,2}[\d]{1,2}([A-Za-z])?\s?[\d][A-Za-z]{2}$",Ho1	2lA
690,address/phone,^[01]?[- .]?\(?[2-9]\d{2}\)?[- .]?\d{3}[- .]?\d{4}$,0-8161852319
692,address/phone,"^([\+][0-9]{1,3}[\.][0-9]{1,12})([x]?[0-9]{1,4}?)$",+023.611184
693,address/phone,^((\(?0\d{4}\)?\s?\d{3}\s?\d{3})|(\(?0\d{3}\)?\s?\d{3}\s?\d{4})|(\(?0\d{2}\)?\s?\d{4}\s?\d{4}))(\s?\#(\d{4}|\d{3}))?$,08143552036#327
694,address/phone,"((\(\d{3}\) ?)|(\d{3}[- \.]))?\d{3}[- \.]\d{4}(\s(x\d+)?){0,1}$",(177)505.2529
695,address/phone,^([8-9])([1-9])(\d{2})(-?|\040?)(\d{4})$,95492717
696,address/phone,"^([2-9])(\d{2})(-?|\040?)(\d{4})( ?|\040?)(\d{1,4}?|\040?)$",808 2484
697,address/phone,\d{5}\-\d{3},23214-344
698,address/phone,^\([0-9]{3}\)\s?[0-9]{3}(-|\s)?[0-9]{4}$|^[0-9]{3}-?[0-9]{3}-?[0-9]{4}$,679-4616452
699,address/phone,"^((([A-PR-UWYZ])([0-9][0-9A-HJKS-UW]?))|(([A-PR-UWYZ][A-HK-Y])([0-9][0-9ABEHMNPRV-Y]?))\s{0,2}(([0-9])([ABD-HJLNP-UW-Z])([ABD-HJLNP-UW-Z])))|(((GI)(R))\s{0,2}((0)(A)(A)))$",GIR  0AA
700,address/phone,^[1-9]{1}[0-9]{3}\s?[A-Z]{2}$,7847 MV
701,address/phone,^\d{5}((\-|\s)?\d{4})?$,68417
702,address/phone,(^(?!0{5})(\d{5})(?!-?0{4})(-?\d{4})?$),26377
703,address/phone,"^[1-9]{1}[0-9]{3}\s{0,1}?[a-zA-Z]{2}$",9482jV
704,address/phone,^(\d{3}-\d{3}-\d{4})*$,436-574-5350087-732-6259675-084-9444307-685-4588079-981-7844580-426-5964712-856-4517317-272-6539
705,address/phone,^(\d{2}-\d{2})*$,37-4227-3502-7048-5852-8933-9638-8112-8702-2836-22
706,address/phone,"(^box[.|\s]*\d+)|\s|\.|,]*|",
707,address/phone,[0-9]{4}[A-Z]{2},8538GB
708,address/phone,^((\d[-. ]?)?((\(\d{3}\))|\d{3}))?[-. ]?\d{3}[-. ]?\d{4}$,1760997
709,address/phone,"^([\(]{1}[0-9]{3}[\)]{1}[\.| |\-]{0,1}|^[0-9]{3}[\.|\-| ]?)?[0-9]{3}(\.|\-| )?[0-9]{4}$",288 291-2228
710,address/phone,^([0-9]{2})?((\([0-9]{2})\)|[0-9]{2})?([0-9]{3}|[0-9]{4})(\-)?[0-9]{4}$,08(28)125-5549
711,address/phone,(077|078|079)\s?\d{2}\s?\d{6},077 27230214
712,address/phone,"^\s*((?:(?:\d+(?:\x20+\w+\.?)+(?:(?:\x20+STREET|ST|DRIVE|DR|AVENUE|AVE|ROAD|RD|LOOP|COURT|CT|CIRCLE|LANE|LN|BOULEVARD|BLVD)\.?)?)|(?:(?:P\.\x20?O\.|P\x20?O)\x20*Box\x20+\d+)|(?:General\x20+Delivery)|(?:C[\\\/]O\x20+(?:\w+\x20*)+))\,?\x20*(?:(?:(?:APT|BLDG|DEPT|FL|HNGR|LOT|PIER|RM|S(?:LIP|PC|T(?:E|OP))|TRLR|UNIT|\x23)\.?\x20*(?:[a-zA-Z0-9\-]+))|(?:BSMT|FRNT|LBBY|LOWR|OFC|PH|REAR|SIDE|UPPR))?)\,?\s+((?:(?:\d+(?:\x20+\w+\.?)+(?:(?:\x20+STREET|ST|DRIVE|DR|AVENUE|AVE|ROAD|RD|LOOP|COURT|CT|CIRCLE|LANE|LN|BOULEVARD|BLVD)\.?)?)|(?:(?:P\.\x20?O\.|P\x20?O)\x20*Box\x20+\d+)|(?:General\x20+Delivery)|(?:C[\\\/]O\x20+(?:\w+\x20*)+))\,?\x20*(?:(?:(?:APT|BLDG|DEPT|FL|HNGR|LOT|PIER|RM|S(?:LIP|PC|T(?:E|OP))|TRLR|UNIT|\x23)\.?\x20*(?:[a-zA-Z0-9\-]+))|(?:BSMT|FRNT|LBBY|LOWR|OFC|PH|REAR|SIDE|UPPR))?)?\,?\s+((?:[A-Za-z]+\x20*)+)\,\s+(A[LKSZRAP]|C[AOT]|D[EC]|F[LM]|G[AU]|HI|I[ADLN]|K[SY]|LA|M[ADEHINOPST]|N[CDEHJMVY]|O[HKR]|P[ARW]|RI|S[CD]|T[NX]|UT|V[AIT]|W[AIVY])\s+(\d+(?:-\d+)?)\s*$"," 	466        73Aq  y1J          hbvrnN9.    tQ         L3.   xqLlpPO.     XzF     PIER.         J	,   jG, MS  		909	"
713,address/phone,(^0.*[1-9]*)|(^860+)|(^8613)|(\D)|([0-9]),0
714,address/phone,"^[A-Za-z]{1,2}[0-9A-Za-z]{1,2}[ ]?[0-9]{0,1}[A-Za-z]{2}$",iR2GD
715,address/phone,"^\({0,1}0(2|3|7|8)\){0,1}(\ |-){0,1}[0-9]{4}(\ |-){0,1}[0-9]{4}$",(0737809332
716,address/phone,^(?!\d[1]{2}|[5]{3})([2-9]\d{2})([. -]*)\d{4}$,396- --- 9360
717,address/phone,"(\+)?([-\._\(\) ]?[\d]{3,20}[-\._\(\) ]?){2,10}",_80527)112118655612
718,address/phone,^(\()?(787|939)(\)|-)?([0-9]{3})(-)?([0-9]{4}|[0-9]{4})$,939172-8909
720,address/phone,"^[0-9]{2,3}-? ?[0-9]{6,7}$",918- 4607986
721,address/phone,^p(ost)?[ |\.]*o(ffice)?[ |\.]*(box)?[ 0-9]*[^[a-z ]]*,p  .| . .office|box70D]]]]]]]]
722,address/phone,^(?:\([2-9]\d{2}\)\ ?|(?:[2-9]\d{2}\-))[2-9]\d{2}\-\d{4}$,(610) 818-8742
723,address/phone,"^((\+){0,1}91(\s){0,1}(\-){0,1}(\s){0,1}){0,1}98(\s){0,1}(\-){0,1}(\s){0,1}[1-9]{1}[0-9]{7}$",9839611472
724,address/phone,"^0{0,1}[1-9]{1}[0-9]{2}[\s]{0,1}[\-]{0,1}[\s]{0,1}[1-9]{1}[0-9]{6}$",02846687879
725,address/phone,^[0-9]{5}$,56167
726,address/phone,^[0-9]{5}([\s-]{1}[0-9]{4})?$,25609 3029
727,address/phone,"^(\(?\d\d\d\)?)?( |-|\.)?\d\d\d( |-|\.)?\d{4,4}(( |-|\.)?[ext\.]+ ?\d+)?$",116.0555262e.etx.t.e 63
729,address/phone,^(\d{5}-\d{4}|\d{5})$|^([a-zA-Z]\d[a-zA-Z] \d[a-zA-Z]\d)$,26843
730,address/phone,[0-9]{4}\s*[a-zA-Z]{2},1626Ru
732,address/phone,"^[a-zA-Z0-9&#192;&#193;&#194;&#195;&#196;&#197;&#198;&#199;&#200;&#201;&#202;&#203;&#204;&#205;&#206;&#207;&#208;&#209;&#210;&#211;&#212;&#213;&#214;&#216;&#217;&#218;&#219;&#220;&#221;&#223;&#224;&#225;&#226;&#227;&#228;&#229;&#230;&#231;&#232;&#233;&#234;&#235;&#236;&#237;&#238;&#239;&#241;&#242;&#243;&#244;&#245;&#246;&#248;&#249;&#250;&#251;&#252;&#253;&#255;\.\,\-\/\']+[a-zA-Z0-9&#192;&#193;&#194;&#195;&#196;&#197;&#198;&#199;&#200;&#201;&#202;&#203;&#204;&#205;&#206;&#207;&#208;&#209;&#210;&#211;&#212;&#213;&#214;&#216;&#217;&#218;&#219;&#220;&#221;&#223;&#224;&#225;&#226;&#227;&#228;&#229;&#230;&#231;&#232;&#233;&#234;&#235;&#236;&#237;&#238;&#239;&#241;&#242;&#243;&#244;&#245;&#246;&#248;&#249;&#250;&#251;&#252;&#253;&#255;\.\,\-\/\' ]+$",1X7rS0g.9JH5At36az0
735,address/phone,^0(6[045679][0469]){1}(\-)?(1)?[^0\D]{1}\d{6}$,0656-6143732
736,address/phone,^(1?(-?\d{3})-?)?(\d{3})(-?\d{4})$,592-5219
737,address/phone,"^(9,)*([1-9]\d{2}-?)*[1-9]\d{2}-?\d{4}$","9,9,9,9,9,9,9,9,9,225460337-124-290243376-3071272"
738,address/phone,^([0-9]{5})([\-]{1}[0-9]{4})?$,23136
739,address/phone,^[+][0-9]\d{2}-\d{3}-\d{4}$,+484-298-1202
740,address/phone,"^([+]39)?((38[{8,9}|0])|(34[{7-9}|0])|(36[6|8|0])|(33[{3-9}|0])|(32[{8,9}]))([\d]{7})$",3894044957
741,markup/code,&lt;[^&gt;]*\n?.*=(&quot;|')?(.*\.jpg)(&quot;|')?.*\n?[^&lt;]*&gt;,"&lt;K@x, H&C=&quot;o,+qHT..jpg'M1&gt;"
742,markup/code,^#?([a-f]|[A-F]|[0-9]){3}(([a-f]|[A-F]|[0-9]){3})?$,2E156E
745,markup/code,<[^>]*>,"<C,>"
746,markup/code,"&lt;(\/{0,1})img(.*?)(\/{0,1})\&gt;",&lt;/imgy>&UxWKW/&gt;
747,markup/code,&quot;([^&quot;](?:\\.|[^\\&quot;]*)*)&quot;,&quot;d&quot;
748,markup/code,\xA9,©
749,markup/code,&lt;!--[\s\S]*?--[ \t\n\r]*&gt;,&lt;!--G--	 	  &gt;
750,markup/code,href[ ]*=[ ]*('|\&quot;)([^\&quot;'])*('|\&quot;),href    =   '26F&quot;
752,markup/code,&lt;!--.*?--&gt;,"&lt;!--""fema)h`--&gt;"
754,markup/code,"href=[\""\'](http:\/\/|\.\/|\/)?\w+(\.\w+)*(\/\w+(\.\w+)?)*(\/|\?\w*=\w*(&\w*=\w*)*)?[\""\']","href='XVy.p8Nzmh2J0.nOldLa.dy96et.PR.6B5Fe.kV.Gqk2M/1_5L/ri3Ie/uUNCy7RR.p69V/w_/crLWg8Q/w/KxneagT7x/KtYx.Z3Y5Xf/EBWx"""
755,markup/code,&lt;(?:[^&quot;']+?|.+?(?:&quot;|').*?(?:&quot;|')?.*?)*?&gt;,&lt;&gt;
756,markup/code,"<(\w+)(\s(\w*="".*?"")?)*((/>)|((/*?)>.*?</\1>))","<hf8TE cIDYUv=""~QB&""Rm56=""7""////////>i!K0>(g@""O</hf8TE>"
758,markup/code,(?i:on(blur|c(hange|lick)|dblclick|focus|keypress|(key|mouse)(down|up)|(un)?load|mouse(move|o(ut|ver))|reset|s(elect|ubmit))),onunload
759,markup/code,src[^&gt;]*[^/].(?:jpg|bmp|gif)(?:\&quot;|\'),"src,^""mH-px )bmp&quot;"
760,markup/code,^(\x22|\x27)((?!\1).|\1{2})*\1$,'''''''''''''''(?'
761,markup/code,"&amp;lt;/?([a-zA-Z][-A-Za-z\d\.]{0,71})(\s+(\S+)(\s*=\s*([-\w\.]{1,1024}|&amp;quot;[^&amp;quot;]{0,1024}&amp;quot;|'[^']{0,1024}'))?)*\s*&amp;gt;","&amp;lt;ww 9U  	=		&amp;quot;4 &amp;quot;   qH8d   F   =	 		 	'0~u	W$o!Ec'    \+O85NFszQ  )  	=	 	'W`!_'  			HerO4+V(6w  KLkv`3.""	&amp;gt;"
762,markup/code,"<[a-zA-Z][^>]*\son\w+=(\w+|'[^']*'|""[^""]*"")[^>]*>",<p^yHXM3h\ onLwEp9KGb='`'ZTG7z1	D>
763,markup/code,&lt;!--[\s\S]*?--&gt;,&lt;!--!<4[O!Ugnu--&gt;
764,markup/code,^#?(([fFcC0369])\2){3}$,#00CCCC
765,markup/code,"&amp;(?![a-zA-Z]{2,6};|#[0-9]{3};)",&amp;
766,markup/code,/\*[\d\D]*?\*/,/*otnMu*/
768,markup/code,^(#){1}([a-fA-F0-9]){6}$,#ef719F
769,markup/code,<blockquote>(?:\s*([^<]+)<br>\s*)+</blockquote>,"<blockquote>	     K],,Xz<br>      	=ygnSw<br>	 	    </blockquote>"
770,markup/code,&lt;[^&gt;]*name[\s]*=[\s]*&quot;?[^\w_]*&quot;?[^&gt;]*&gt;,"&lt;name 	= 	 &quot "")*]%#$`\&quot;H0 ~r&gt;"
771,markup/code,"(""[^""]*"")|('[^\r]*)(\r\n)?",'NkuBP
772,markup/code,"<[a-zA-Z]+(\s+[a-zA-Z]+\s*=\s*(""([^""]*)""|'([^']*)'))*\s*/>","<eL oXXvPm    	=	   '@' 	vLiUSAWTGY	 = ""2Ub"" />"
773,markup/code,^[^<>`~!/@\#}$%:;)(_^{&*=|'+]+$,tZp
774,markup/code,<([^<>\s]*)(\s[^<>]*)?>,"<1#HZ1VLA""0q>"
775,markup/code,(?s)/\*.*\*/,/*{|*/
776,markup/code,<([^\s>]*)(\s[^<]*)>,"<gsMT]DJ,;>"
777,markup/code,^[a-zA-Z_]{1}[a-zA-Z0-9_]+$,bvKXUPA
778,markup/code,[0][x][0-9a-fA-F]+,0x856
779,markup/code,(\[(\w+)\s*(([\w]*)=('|&quot;)?([a-zA-Z0-9|:|\/|=|-|.|\?|&amp;]*)(\5)?)*\])([a-zA-Z0-9|:|\/|=|-|.|\?|&amp;|\s]+)(\[\/\2\]),[TMbq6Lwus  	   ]tS|[/TMbq6Lwus]
780,markup/code,"%[\-\+0\s\#]{0,1}(\d+){0,1}(\.\d+){0,1}[hlI]{0,1}[cCdiouxXeEfgGnpsS]{1}",%6lg
781,markup/code,^(Function|Sub)(\s+[\w]+)\([^\(\)]*\),Function  a(DIe;n)
784,markup/code,\{\\\*\\bkmkstart\s(.*?)\},{\*\bkmkstarthbgq:G}
785,markup/code,/\*.+?\*/,/*8;.Ui74d*/
786,markup/code,"^\s*-?(\d*\.)?([0-2])?[0-9]:([0-5])?[0-9]:([0-5])?[0-9](\.[0-9]{1,7})?\s*$", 	 	06:7:6.5110 
787,markup/code,^[^']*?\&lt;\s*Assembly\s*:\s*AssemblyVersion\s*\(\s*&quot;(\*|[0-9]+.\*|[0-9]+.[0-9]+.\*|[0-9]+.[0-9]+.[0-9]+.\*|[0-9]+.[0-9]+.[0-9]+.[0-9]+)&quot;\s*\)\s*\&gt;.*$,L&lt; 	Assembly		 : 	AssemblyVersion	( &quot;28S056546#6\*&quot;	 	)&gt;#<8!>H
790,markup/code,(?=(?:[^\']*\'[^\']*\')*(?![^\']*\')),'BXyw'PX3P!;3''d&k	'i1'7n/Ke nWbO'eAV)4l';QX'q&|''-u@9)u%w'N(UseGh3h;'S%K|&F'GT?b'@\'b'>l&1~dj>H'$}M~eT':vEAE'
793,markup/code,href=[\&quot;\']?((?:[^&gt;]|[^\s]|[^&quot;]|[^'])+)[\&quot;\']?,href=k]\Bl[
794,markup/code,&lt;a[\s]+[^&gt;]*?href[\s]?=[\s\&quot;\']+(.*?)[\&quot;\']+.*?&gt;([^&lt;]+|.*?)?&lt;\/a&gt;,"&lt;a  	!#Phref=u;tquCEC#A,Nl3&&'t&oo;u<&gt;&lt;/a&gt;"
795,markup/code,(^[a-zA-Z][a-zA-Z0-9_]*)|(^[_][a-zA-Z0-9_]+),UVB5dL
798,markup/code,('.*$|Rem((\t| ).*$|$)|&quot;(.|&quot;&quot;)*?&quot;),&quot;&quot;
799,markup/code,&lt;/?(\w+)(\s*\w*\s*=\s*(&quot;[^&quot;]*&quot;|'[^']'|[^&gt;]*))*|/?&gt;,&gt;
