id,first_name,email,gender,date,date2
1,Jose,jgeorge0@mayoclinic.com,Male,8/17/2016,08/19/2016
2,Annie,aroberts1@zdnet.com,Female,10/11/2016,05/18/2016
3,Jason,jlawrence2@tinypic.com,Male,3/18/2016,08/14/2016
4,Timothy,tclark3@dyndns.org,Male,3/14/2016,04/09/2016
5,Christopher,cflores4@fema.gov,Male,10/14/2016,11/24/2015
6,Paul,pramos5@ft.com,Male,6/15/2016,02/26/2016
7,Karen,kortiz6@geocities.com,Female,1/15/2016,05/28/2016
8,Kenneth,kjenkins7@a8.net,Male,4/4/2016,10/30/2015
9,Ryan,rbrooks8@php.net,Male,8/30/2016,03/04/2016
10,Thomas,tmeyer9@t-online.de,Male,10/5/2016,06/29/2016
11,Sharon,ssmitha@independent.co.uk,Female,9/4/2016,09/21/2016
12,Angela,apierceb@facebook.com,Female,4/13/2016,10/21/2016
13,Joseph,joliverc@dedecms.com,Male,7/11/2016,05/26/2016
14,Earl,erichardsd@1und1.de,Male,1/11/2016,10/28/2015
15,Frank,ffowlere@webeden.co.uk,Male,10/3/2016,11/01/2015
16,Marilyn,mmurphyf@wiley.com,Female,5/6/2016,08/23/2016
17,Lois,lgreeneg@ucla.edu,Female,11/10/2015,11/14/2015
18,Angela,acruzh@intel.com,Female,8/9/2016,09/04/2016
19,Alan,akellyi@dedecms.com,Male,5/12/2016,08/09/2016
20,Steve,skelleyj@symantec.com,Male,10/6/2016,01/29/2016
21,Johnny,jkelleyk@dailymotion.com,Male,6/14/2016,11/21/2015
22,Norma,nsimmonsl@flavors.me,Female,11/19/2015,10/14/2016
23,Teresa,tburtonm@nps.gov,Female,1/20/2016,07/08/2016
24,Julia,jkingn@zimbio.com,Female,4/20/2016,10/08/2016
25,Brian,bgreeneo@g.co,Male,1/2/2016,04/27/2016
26,Michelle,mjenkinsp@youtu.be,Female,1/3/2016,03/09/2016
27,Jeremy,jcarrollq@w3.org,Male,6/11/2016,09/13/2016
28,Jesse,jpetersonr@geocities.jp,Male,9/14/2016,02/12/2016
29,Kathryn,kbaileys@apache.org,Female,10/12/2016,02/29/2016
30,Kenneth,kfreemant@google.fr,Male,1/14/2016,07/12/2016
31,Gary,gcollinsu@boston.com,Male,10/5/2016,04/15/2016
32,Nicholas,ngardnerv@pbs.org,Male,12/18/2015,12/31/2015
33,Terry,tallenw@independent.co.uk,Male,9/19/2016,04/25/2016
34,Theresa,trosex@sogou.com,Female,5/22/2016,11/22/2015
35,Howard,hstanleyy@nationalgeographic.com,Male,6/12/2016,02/24/2016
36,Mildred,mwalkerz@virginia.edu,Female,5/30/2016,11/23/2015
37,Jeffrey,jfrazier10@nymag.com,Male,12/24/2015,04/19/2016
38,Ashley,aellis11@cdc.gov,Female,9/28/2016,08/07/2016
39,Anne,ahenry12@networkadvertising.org,Female,3/19/2016,11/08/2015
40,Fred,fadams13@drupal.org,Male,8/5/2016,02/29/2016
41,Fred,fcarpenter14@angelfire.com,Male,3/17/2016,07/02/2016
42,Robin,rramirez15@qq.com,Female,10/21/2016,05/23/2016
43,Earl,emyers16@state.gov,Male,10/25/2016,12/30/2015
44,William,wallen17@sciencedaily.com,Male,5/14/2016,12/21/2015
45,Margaret,mfields18@google.pl,Female,1/11/2016,06/24/2016
46,Richard,rgomez19@instagram.com,Male,2/18/2016,03/06/2016
47,Fred,fgarrett1a@e-recht24.de,Male,10/4/2016,10/20/2016
48,Earl,erodriguez1b@exblog.jp,Male,10/10/2016,03/24/2016
49,Judy,jgraham1c@psu.edu,Female,6/24/2016,09/01/2016
50,Philip,pmurphy1d@about.com,Male,2/25/2016,04/09/2016
51,Justin,jturner1e@so-net.ne.jp,Male,9/15/2016,04/03/2016
52,Marilyn,malexander1f@linkedin.com,Female,8/1/2016,07/07/2016
53,Jane,jhunter1g@washington.edu,Female,9/4/2016,01/09/2016
54,Gary,goliver1h@angelfire.com,Male,4/9/2016,04/26/2016
55,Edward,eryan1i@shop-pro.jp,Male,3/4/2016,08/19/2016
56,Roy,rmason1j@drupal.org,Male,9/3/2016,11/01/2015
57,Kathy,kpeterson1k@sina.com.cn,Female,7/1/2016,06/06/2016
58,Roger,rmiller1l@mit.edu,Male,3/4/2016,01/01/2016
59,Mark,mschmidt1m@zimbio.com,Male,1/15/2016,04/28/2016
60,Richard,rbradley1n@comcast.net,Male,10/1/2016,08/04/2016
61,Lori,lwells1o@cisco.com,Female,11/23/2015,02/22/2016
62,Ashley,akelly1p@oracle.com,Female,11/10/2015,07/12/2016
63,Bobby,bhart1q@microsoft.com,Male,1/17/2016,06/26/2016
64,Albert,ameyer1r@devhub.com,Male,1/29/2016,06/09/2016
65,Raymond,rallen1s@gizmodo.com,Male,11/5/2015,02/03/2016
66,Debra,dlawrence1t@ow.ly,Female,11/15/2015,02/26/2016
67,Anna,aberry1u@51.la,Female,2/27/2016,07/26/2016
68,Cheryl,cgonzales1v@cam.ac.uk,Female,12/17/2015,11/29/2015
69,Carl,cblack1w@ucla.edu,Male,8/19/2016,01/27/2016
70,Jesse,jmartinez1x@acquirethisname.com,Male,4/6/2016,02/15/2016
71,Kathryn,khunter1y@umn.edu,Female,10/3/2016,05/30/2016
72,Walter,wbarnes1z@elpais.com,Male,12/26/2015,02/02/2016
73,Mark,mevans20@sohu.com,Male,3/7/2016,03/19/2016
74,Pamela,parnold21@wix.com,Female,3/6/2016,02/09/2016
75,Albert,arogers22@flickr.com,Male,12/24/2015,03/28/2016
76,Robert,rroberts23@purevolume.com,Male,6/22/2016,04/15/2016
77,Judy,jchavez24@ifeng.com,Female,1/23/2016,12/28/2015
78,Jonathan,jgriffin25@example.com,Male,3/3/2016,08/01/2016
79,Jose,jbanks26@symantec.com,Male,9/9/2016,02/23/2016
80,Beverly,bwalker27@prlog.org,Female,7/7/2016,01/26/2016
81,Irene,imurray28@economist.com,Female,1/25/2016,05/09/2016
82,Shawn,smeyer29@hc360.com,Male,12/11/2015,04/09/2016
83,Carl,csanders2a@forbes.com,Male,8/15/2016,07/01/2016
84,Emily,elane2b@jigsy.com,Female,10/4/2016,01/20/2016
85,Paula,phenderson2c@dell.com,Female,1/20/2016,07/04/2016
86,Albert,arogers2d@twitter.com,Male,4/5/2016,02/13/2016
87,Jacqueline,jreyes2e@harvard.edu,Female,5/24/2016,02/07/2016
88,Willie,wjames2f@reddit.com,Male,4/23/2016,07/13/2016
89,Diana,dford2g@soup.io,Female,5/11/2016,12/29/2015
90,Anna,abutler2h@networkadvertising.org,Female,5/7/2016,02/24/2016
91,Judy,jgarcia2i@telegraph.co.uk,Female,2/19/2016,02/23/2016
92,Gloria,gwhite2j@auda.org.au,Female,5/6/2016,06/29/2016
93,Tina,tfernandez2k@artisteer.com,Female,11/9/2015,10/19/2016
94,Janet,jgonzales2l@google.ca,Female,4/9/2016,08/14/2016
95,Louis,lholmes2m@themeforest.net,Male,12/21/2015,07/18/2016
96,Judy,jmurray2n@elegantthemes.com,Female,11/5/2015,07/02/2016
97,Willie,wcampbell2o@merriam-webster.com,Male,2/24/2016,04/21/2016
98,Marie,mmorrison2p@oaic.gov.au,Female,1/14/2016,12/21/2015
99,Russell,rmurray2q@auda.org.au,Male,12/23/2015,11/15/2015
100,Tina,tfrazier2r@prweb.com,Female,4/20/2016,08/29/2016
101,Lisa,lburns2s@nasa.gov,Female,9/30/2016,07/31/2016
102,Ernest,ebrown2t@china.com.cn,Male,1/7/2016,01/02/2016
103,Catherine,cnelson2u@hao123.com,Female,2/26/2016,07/09/2016
104,Jean,jgriffin2v@sfgate.com,Female,5/7/2016,04/09/2016
105,Michelle,mrodriguez2w@narod.ru,Female,9/30/2016,04/05/2016
106,Carol,cevans2x@mashable.com,Female,5/15/2016,10/26/2016
107,Christine,cward2y@a8.net,Female,12/18/2015,01/27/2016
108,Kevin,koliver2z@shinystat.com,Male,9/12/2016,09/01/2016
109,John,jhart30@devhub.com,Male,10/18/2016,06/13/2016
110,Phillip,psimpson31@businessweek.com,Male,3/12/2016,08/02/2016
111,Mark,mmendoza32@creativecommons.org,Male,3/16/2016,01/21/2016
112,Todd,tmeyer33@1688.com,Male,10/26/2016,07/14/2016
113,Rachel,rwalker34@ebay.com,Female,4/5/2016,10/21/2016
114,Ryan,rperez35@vistaprint(.com,Male,7/16/2016,01/19/2016
115,Diana,dhamilton36@un.org,Female,10/14/2016,03/22/2016
116,Jessica,jthomas37@nationalgeographic.com,Female,9/18/2016,04/17/2016
117,Julia,jfreeman38@go.com,Female,6/11/2016,11/07/2015
118,Lori,lcooper39@hostgator.com,Female,7/3/2016,07/20/2016
119,Theresa,tburton3a@edublogs.org,Female,3/7/2016,07/13/2016
120,Anthony,awhite3b@discuz.net,Male,4/19/2016,10/18/2016
121,Kelly,kwood3c@cbc.ca,Female,8/14/2016,06/22/2016
122,Alan,award3d@artisteer.com,Male,8/10/2016,03/04/2016
123,Russell,rfoster3e@google.ca,Male,11/29/2015,01/15/2016
124,Ashley,ataylor3f@indiegogo.com,Female,7/24/2016,02/07/2016
125,Robin,rmontgomery3g@about.com,Female,12/9/2015,01/10/2016
126,Roy,rray3h@meetup.com,Male,6/5/2016,01/11/2016
127,Victor,vhill3i@tmall.com,Male,11/11/2015,02/13/2016
128,Roger,rhart3j@friendfeed.com,Male,4/22/2016,04/16/2016
129,Mary,mwebb3k@feedburner.com,Female,10/27/2015,08/24/2016
130,Catherine,cstephens3l@live.com,Female,10/27/2015,12/10/2015
131,Peter,pmeyer3m@infoseek.co.jp,Male,10/14/2016,09/16/2016
132,Jean,jwhite3n@stanford.edu,Female,8/15/2016,01/11/2016
133,Dennis,delliott3o@deviantart.com,Male,11/1/2015,09/09/2016
134,Stephanie,sgeorge3p@mozilla.org,Female,7/8/2016,04/10/2016
135,Howard,helliott3q@state.tx.us,Male,8/29/2016,12/08/2015
136,Frances,fhill3r@statcounter.com,Female,9/23/2016,08/10/2016
137,Mildred,mkelley3s@nbcnews.com,Female,9/19/2016,05/01/2016
138,Sandra,scruz3t@artisteer.com,Female,11/16/2015,04/15/2016
139,Ryan,rwheeler3u@mac.com,Male,2/21/2016,08/03/2016
140,Aaron,aelliott3v@nhs.uk,Male,3/1/2016,08/16/2016
141,Judy,jpierce3w@omniture.com,Female,4/14/2016,10/21/2016
142,Doris,dalexander3x@forbes.com,Female,3/17/2016,09/10/2016
143,Gloria,gbaker3y@kickstarter.com,Female,5/3/2016,08/24/2016
144,Ruby,rstone3z@mediafire.com,Female,5/30/2016,10/23/2016
145,Debra,dhamilton40@rediff.com,Female,9/22/2016,07/05/2016
146,Terry,thall41@google.fr,Male,9/2/2016,04/13/2016
147,Jimmy,jkim42@google.de,Male,1/23/2016,11/28/2015
148,Tammy,tmarshall43@go.com,Female,2/26/2016,07/24/2016
149,Lisa,lwebb44@mit.edu,Female,4/27/2016,01/09/2016
150,Lois,lrogers45@unc.edu,Female,2/14/2016,06/29/2016
151,Marilyn,mbutler46@blinklist.com,Female,10/15/2016,08/10/2016
152,Judith,jjohnston47@washingtonpost.com,Female,5/18/2016,07/29/2016
153,Matthew,mmendoza48@elpais.com,Male,8/15/2016,07/02/2016
154,Emily,ehowell49@unesco.org,Female,7/28/2016,04/29/2016
155,Robin,rkelly4a@china.com.cn,Female,3/1/2016,05/07/2016
156,Judith,jbryant4b@mapy.cz,Female,11/28/2015,04/02/2016
157,Amanda,afoster4c@chronoengine.com,Female,7/7/2016,05/28/2016
158,Martha,mmyers4d@bloglines.com,Female,12/28/2015,09/07/2016
159,Steve,staylor4e@xing.com,Male,1/17/2016,07/29/2016
160,Ryan,rhill4f@yahoo.com,Male,6/13/2016,02/06/2016
161,Paul,pblack4g@google.es,Male,4/12/2016,01/31/2016
162,Eric,eholmes4h@weebly.com,Male,5/30/2016,03/16/2016
163,Jonathan,jsimmons4i@netscape.com,Male,4/22/2016,07/27/2016
164,Evelyn,eford4j@pinterest.com,Female,1/14/2016,09/15/2016
165,Nicholas,nlee4k@biblegateway.com,Male,6/22/2016,02/13/2016
166,Howard,hsims4l@slate.com,Male,7/14/2016,01/20/2016
167,Judy,jreyes4m@ask.com,Female,1/7/2016,02/08/2016
168,Amy,amurphy4n@wikispaces.com,Female,2/10/2016,05/21/2016
169,Jane,jgardner4o@live.com,Female,12/4/2015,09/13/2016
170,Jeremy,jduncan4p@merriam-webster.com,Male,2/17/2016,09/22/2016
171,Dennis,dhill4q@histats.com,Male,8/14/2016,09/27/2016
172,Lawrence,lelliott4r@hexun.com,Male,12/11/2015,09/29/2016
173,Diana,dramos4s@china.com.cn,Female,2/5/2016,09/07/2016
174,Dorothy,dalexander4t@woothemes.com,Female,11/27/2015,07/09/2016
175,Howard,hsanchez4u@bizjournals.com,Male,1/1/2016,10/11/2016
176,Stephanie,sgreen4v@dion.ne.jp,Female,10/22/2016,02/17/2016
177,Kenneth,kwebb4w@mtv.com,Male,8/28/2016,04/02/2016
178,Matthew,manderson4x@i2i.jp,Male,11/30/2015,03/29/2016
179,Marilyn,mbarnes4y@opensource.org,Female,6/29/2016,01/30/2016
180,Harold,hortiz4z@goo.ne.jp,Male,11/1/2015,10/15/2016
181,Mary,mdiaz50@reverbnation.com,Female,10/2/2016,03/24/2016
182,Ryan,rhenderson51@businessinsider.com,Male,5/27/2016,11/27/2015
183,Anthony,amatthews52@delicious.com,Male,5/14/2016,06/21/2016
184,Patrick,pross53@ucoz.ru,Male,12/22/2015,12/03/2015
185,James,jward54@histats.com,Male,2/24/2016,03/24/2016
186,Rebecca,rlee55@about.com,Female,6/12/2016,08/17/2016
187,Barbara,banderson56@deliciousdays.com,Female,5/30/2016,08/04/2016
188,Charles,cruiz57@jalbum.net,Male,12/10/2015,11/02/2015
189,Eugene,ewhite58@tinypic.com,Male,8/12/2016,07/27/2016
190,Jane,jsims59@photobucket.com,Female,10/5/2016,08/04/2016
191,Earl,egarza5a@timesonline.co.uk,Male,9/13/2016,04/27/2016
192,Judith,jsanchez5b@nydailynews.com,Female,7/12/2016,07/04/2016
193,Frank,fkelley5c@about.me,Male,3/4/2016,05/06/2016
194,Mildred,mharrison5d@wordpress.com,Female,5/20/2016,06/27/2016
195,Amy,awest5e@kickstarter.com,Female,6/16/2016,10/28/2015
196,Anthony,asmith5f@behance.net,Male,5/9/2016,04/10/2016
197,Johnny,jroberts5g@dmoz.org,Male,1/27/2016,10/03/2016
198,Stephen,smurray5h@miitbeian.gov.cn,Male,7/26/2016,08/24/2016
199,Judith,jbradley5i@sciencedaily.com,Female,3/25/2016,01/07/2016
200,Shirley,sfreeman5j@washington.edu,Female,7/9/2016,12/15/2015
201,Judy,jmedina5k@trellian.com,Female,3/18/2016,07/27/2016
202,Robert,rgraham5l@washingtonpost.com,Male,2/7/2016,09/28/2016
203,James,jmills5m@hostgator.com,Male,12/2/2015,10/10/2016
204,Judy,jgraham5n@statcounter.com,Female,6/23/2016,12/19/2015
205,Norma,nhenry5o@prnewswire.com,Female,9/27/2016,01/25/2016
206,Earl,eoliver5p@wufoo.com,Male,11/28/2015,10/27/2015
207,Roger,ryoung5q@unesco.org,Male,3/27/2016,02/21/2016
208,Stephen,srichardson5r@shareasale.com,Male,9/20/2016,06/28/2016
209,Eugene,eburns5s@nature.com,Male,6/24/2016,01/28/2016
210,Linda,lhanson5t@hatena.ne.jp,Female,3/29/2016,08/16/2016
211,Diane,dhowell5u@goodreads.com,Female,9/2/2016,04/07/2016
212,Angela,ahall5v@a8.net,Female,7/5/2016,04/02/2016
213,Lois,lweaver5w@vkontakte.ru,Female,2/29/2016,12/14/2015
214,Annie,abanks5x@harvard.edu,Female,6/26/2016,10/31/2015
215,Stephanie,sstevens5y@vistaprint(.com,Female,4/14/2016,04/22/2016
216,Emily,edixon5z@smugmug.com,Female,4/26/2016,09/08/2016
217,Jimmy,jrichardson60@networkadvertising.org,Male,5/13/2016,07/20/2016
218,Anne,agonzales61@springer.com,Female,12/1/2015,08/07/2016
219,Carolyn,cgardner62@surveymonkey.com,Female,12/5/2015,02/18/2016
220,Michael,mfowler63@cocolog-nifty.com,Male,4/26/2016,02/17/2016
221,Kathy,kpatterson64@pinterest.com,Female,6/26/2016,07/04/2016
222,Steve,smitchell65@wunderground.com,Male,9/5/2016,01/06/2016
223,Henry,hhunt66@hp.com,Male,12/14/2015,09/13/2016
224,Daniel,dsims67@imgur.com,Male,9/3/2016,12/21/2015
225,Ernest,emccoy68@yelp.com,Male,5/10/2016,04/19/2016
226,Judith,jtaylor69@utexas.edu,Female,8/7/2016,09/09/2016
227,Catherine,colson6a@opensource.org,Female,9/24/2016,01/06/2016
228,Richard,rdaniels6b@bbb.org,Male,5/2/2016,03/01/2016
229,Aaron,agibson6c@thetimes.co.uk,Male,4/4/2016,12/14/2015
230,Lois,lstewart6d@vimeo.com,Female,8/17/2016,11/27/2015
231,Lois,laustin6e@pcworld.com,Female,8/21/2016,07/01/2016
232,Samuel,schavez6f@example.com,Male,1/3/2016,10/30/2015
233,Laura,llong6g@plala.or.jp,Female,10/8/2016,03/31/2016
234,Russell,rhunter6h@amazon.co.jp,Male,1/23/2016,05/22/2016
235,Virginia,vperez6i@webnode.com,Female,6/4/2016,07/04/2016
236,Keith,kmurphy6j@discovery.com,Male,5/23/2016,01/16/2016
237,Evelyn,elane6k@sitemeter.com,Female,4/24/2016,02/02/2016
238,Margaret,mgarza6l@apple.com,Female,11/10/2015,02/22/2016
239,Gary,gwalker6m@sciencedaily.com,Male,1/22/2016,06/08/2016
240,Jack,jstephens6n@myspace.com,Male,3/7/2016,12/30/2015
241,Daniel,dcarpenter6o@free.fr,Male,7/1/2016,05/23/2016
242,Brenda,bryan6p@google.pl,Female,6/27/2016,01/13/2016
243,Heather,htaylor6q@ameblo.jp,Female,4/3/2016,03/17/2016
244,Kelly,kchavez6r@reference.com,Female,12/23/2015,01/29/2016
245,Gary,gholmes6s@domainmarket.com,Male,8/7/2016,11/30/2015
246,Kelly,kmitchell6t@dropbox.com,Female,2/8/2016,05/04/2016
247,Doris,dfuller6u@vimeo.com,Female,2/7/2016,10/21/2016
248,Mildred,mgarza6v@patch.com,Female,8/4/2016,11/13/2015
249,Cynthia,cjenkins6w@nyu.edu,Female,9/29/2016,11/04/2015
250,Shirley,sray6x@blogs.com,Female,2/1/2016,09/02/2016
251,Jonathan,jjenkins6y@dropbox.com,Male,9/4/2016,01/20/2016
252,Brandon,blawrence6z@gravatar.com,Male,12/25/2015,10/28/2015
253,Douglas,djohnson70@upenn.edu,Male,8/25/2016,10/09/2016
254,Terry,trobinson71@cdc.gov,Male,10/8/2016,05/10/2016
255,Sarah,ssanders72@digg.com,Female,6/22/2016,07/01/2016
256,Emily,egarza73@unc.edu,Female,5/29/2016,11/10/2015
257,Julia,jbrown74@ucoz.com,Female,4/26/2016,05/07/2016
258,Christopher,cbanks75@ow.ly,Male,1/30/2016,01/30/2016
259,Sharon,ssimpson76@t.co,Female,2/7/2016,05/08/2016
260,Lisa,llawson77@boston.com,Female,10/8/2016,09/27/2016
261,Kathryn,kpowell78@wordpress.org,Female,6/30/2016,04/21/2016
262,Anne,agordon79@last.fm,Female,4/21/2016,01/20/2016
263,Shawn,smarshall7a@dion.ne.jp,Male,11/4/2015,06/17/2016
264,Jonathan,jmarshall7b@jiathis.com,Male,1/14/2016,11/15/2015
265,Marie,mmorrison7c@paginegialle.it,Female,1/1/2016,12/18/2015
266,George,gwatkins7d@wiley.com,Male,9/5/2016,12/03/2015
267,Michael,mbutler7e@mayoclinic.com,Male,9/15/2016,09/09/2016
268,Maria,mmartin7f@ning.com,Female,3/6/2016,11/11/2015
269,Michael,mflores7g@bbb.org,Male,1/9/2016,07/22/2016
270,Ryan,rlarson7h@seattletimes.com,Male,7/24/2016,03/18/2016
271,David,dwilliamson7i@prweb.com,Male,7/13/2016,03/01/2016
272,Anna,aday7j@wikipedia.org,Female,12/12/2015,06/16/2016
273,Billy,breid7k@sina.com.cn,Male,10/14/2016,04/18/2016
274,Diane,dgutierrez7l@dell.com,Female,3/29/2016,07/23/2016
275,Brandon,bbailey7m@latimes.com,Male,12/14/2015,03/08/2016
276,Gregory,gmason7n@istockphoto.com,Male,2/26/2016,07/10/2016
277,Evelyn,epowell7o@bizjournals.com,Female,10/2/2016,12/10/2015
278,David,dwallace7p@istockphoto.com,Male,6/26/2016,08/06/2016
279,Nicole,nmorgan7q@boston.com,Female,9/18/2016,05/03/2016
280,Daniel,dwheeler7r@wordpress.com,Male,12/4/2015,01/01/2016
281,Craig,cschmidt7s@stumbleupon.com,Male,3/14/2016,07/18/2016
282,Aaron,abaker7t@topsy.com,Male,10/16/2016,01/19/2016
283,Howard,hgreene7u@phoca.cz,Male,12/18/2015,12/03/2015
284,Wanda,wwest7v@gmpg.org,Female,10/21/2016,07/18/2016
285,Jean,jsims7w@va.gov,Female,4/8/2016,05/07/2016
286,Katherine,kkennedy7x@mediafire.com,Female,12/15/2015,01/03/2016
287,Fred,freid7y@ca.gov,Male,7/9/2016,07/26/2016
288,Sean,sburns7z@webnode.com,Male,5/19/2016,11/08/2015
289,Doris,dlittle80@reference.com,Female,5/27/2016,08/17/2016
290,Marilyn,mallen81@mashable.com,Female,7/20/2016,04/21/2016
291,Doris,dfranklin82@tripod.com,Female,5/6/2016,03/08/2016
292,Joseph,jhansen83@zdnet.com,Male,11/30/2015,04/06/2016
293,Shirley,sthompson84@ebay.co.uk,Female,11/28/2015,07/24/2016
294,Jacqueline,jbryant85@geocities.jp,Female,6/4/2016,10/17/2016
295,Kevin,ktucker86@reference.com,Male,4/25/2016,11/05/2015
296,Thomas,tcruz87@foxnews.com,Male,7/21/2016,05/15/2016
297,Paul,pdaniels88@ibm.com,Male,5/11/2016,01/13/2016
298,Stephanie,sadams89@un.org,Female,3/27/2016,12/14/2015
299,Jennifer,jdiaz8a@mac.com,Female,2/6/2016,09/15/2016
300,Ernest,echapman8b@a8.net,Male,3/16/2016,12/04/2015
301,Billy,bsanchez8c@icq.com,Male,6/5/2016,05/19/2016
302,Timothy,tbishop8d@plala.or.jp,Male,9/3/2016,11/29/2015
303,Martha,mnelson8e@dailymail.co.uk,Female,5/31/2016,01/14/2016
304,Angela,agonzalez8f@amazon.de,Female,12/24/2015,06/07/2016
305,Debra,dwarren8g@vistaprint(.com,Female,11/15/2015,01/31/2016
306,Laura,lbowman8h@oracle.com,Female,10/14/2016,03/25/2016
307,Sharon,srodriguez8i@wunderground.com,Female,12/16/2015,07/25/2016
308,Billy,bspencer8j@dell.com,Male,1/22/2016,05/16/2016
309,Ruby,rhanson8k@surveymonkey.com,Female,8/13/2016,01/07/2016
310,Emily,eruiz8l@slashdot.org,Female,3/21/2016,01/18/2016
311,Christopher,cbrooks8m@netscape.com,Male,2/9/2016,04/21/2016
312,Bobby,bspencer8n@slate.com,Male,11/28/2015,02/27/2016
313,Cynthia,ccook8o@census.gov,Female,3/11/2016,03/27/2016
314,Craig,csnyder8p@cmu.edu,Male,5/22/2016,08/22/2016
315,Alan,aburke8q@free.fr,Male,8/30/2016,11/22/2015
316,Kenneth,kross8r@cdbaby.com,Male,8/21/2016,08/21/2016
317,Jeremy,jross8s@discovery.com,Male,5/9/2016,12/06/2015
318,Mildred,mmurray8t@uol.com.br,Female,5/22/2016,11/05/2015
319,Robert,rspencer8u@linkedin.com,Male,6/28/2016,07/23/2016
320,Kathleen,klawrence8v@usa.gov,Female,11/25/2015,12/04/2015
321,Christine,cpalmer8w@example.com,Female,10/28/2015,01/08/2016
322,Russell,rbarnes8x@pbs.org,Male,3/13/2016,06/01/2016
323,Thomas,twells8y@army.mil,Male,1/2/2016,09/28/2016
324,Brandon,bhamilton8z@toplist.cz,Male,2/24/2016,07/30/2016
325,Jean,jboyd90@stumbleupon.com,Female,11/19/2015,07/28/2016
326,Patricia,pnelson91@wordpress.com,Female,3/19/2016,07/12/2016
327,Roger,rbailey92@creativecommons.org,Male,2/28/2016,02/04/2016
328,Michael,mlynch93@arstechnica.com,Male,11/28/2015,06/04/2016
329,Wayne,wtorres94@blogspot.com,Male,12/12/2015,10/26/2016
330,Patricia,pruiz95@netscape.com,Female,2/29/2016,06/06/2016
331,Ann,anichols96@elegantthemes.com,Female,3/19/2016,07/30/2016
332,Ashley,akelly97@wufoo.com,Female,12/4/2015,09/07/2016
333,Nicholas,nwest98@icio.us,Male,3/2/2016,12/05/2015
334,Julie,jdaniels99@phoca.cz,Female,6/12/2016,08/15/2016
335,Wanda,wreyes9a@europa.eu,Female,9/15/2016,06/25/2016
336,Katherine,khansen9b@hexun.com,Female,12/13/2015,02/16/2016
337,Richard,rparker9c@dion.ne.jp,Male,3/11/2016,03/30/2016
338,Bobby,brogers9d@altervista.org,Male,1/12/2016,09/12/2016
339,Joseph,jmoreno9e@ehow.com,Male,8/27/2016,03/13/2016
340,Emily,ehanson9f@cdbaby.com,Female,12/28/2015,10/22/2016
341,Mark,mgonzalez9g@webnode.com,Male,5/23/2016,05/21/2016
342,Clarence,cfernandez9h@arstechnica.com,Male,7/27/2016,09/09/2016
343,Melissa,mfreeman9i@mac.com,Female,10/19/2016,05/21/2016
344,Heather,hwagner9j@craigslist.org,Female,6/10/2016,07/05/2016
345,Christina,clee9k@blogs.com,Female,12/1/2015,09/08/2016
346,Albert,agilbert9l@ucsd.edu,Male,1/14/2016,11/03/2015
347,William,wreyes9m@dion.ne.jp,Male,1/25/2016,07/11/2016
348,Justin,jelliott9n@rakuten.co.jp,Male,9/7/2016,07/10/2016
349,Carlos,clawson9o@redcross.org,Male,10/17/2016,07/14/2016
350,Stephanie,swatkins9p@google.com.hk,Female,1/20/2016,04/27/2016
351,Raymond,rmorris9q@mtv.com,Male,3/23/2016,05/03/2016
352,Robert,rdiaz9r@vistaprint(.com,Male,7/17/2016,06/05/2016
353,Denise,dfernandez9s@over-blog.com,Female,2/23/2016,08/02/2016
354,Sharon,sflores9t@wired.com,Female,1/16/2016,05/07/2016
355,Angela,arussell9u@epa.gov,Female,7/17/2016,05/20/2016
356,Gregory,gwoods9v@sciencedaily.com,Male,4/26/2016,07/18/2016
357,Maria,mriley9w@virginia.edu,Female,7/12/2016,04/25/2016
358,Rachel,rcastillo9x@ask.com,Female,12/29/2015,08/30/2016
359,Fred,fgarza9y@cyberchimps.com,Male,3/22/2016,09/19/2016
360,Evelyn,ejordan9z@imgur.com,Female,5/16/2016,12/03/2015
361,Samuel,sperrya0@sun.com,Male,12/9/2015,08/27/2016
362,Jeremy,jcolea1@time.com,Male,5/20/2016,09/16/2016
363,Kevin,khilla2@drupal.org,Male,11/8/2015,06/06/2016
364,Tina,tevansa3@bing.com,Female,7/29/2016,02/27/2016
365,Susan,sfoxa4@nationalgeographic.com,Female,12/23/2015,03/23/2016
366,Marilyn,mmedinaa5@delicious.com,Female,1/10/2016,01/08/2016
367,Tina,tschmidta6@goo.ne.jp,Female,9/17/2016,10/09/2016
368,Anthony,apaynea7@army.mil,Male,10/5/2016,12/01/2015
369,Patricia,pharpera8@forbes.com,Female,1/29/2016,06/19/2016
370,Gloria,gstevensa9@timesonline.co.uk,Female,1/16/2016,02/08/2016
371,Patrick,pwestaa@booking.com,Male,10/19/2016,11/13/2015
372,Patrick,parnoldab@issuu.com,Male,8/5/2016,12/15/2015
373,Walter,whunterac@unblog.fr,Male,9/12/2016,10/10/2016
374,Carol,cbanksad@hhs.gov,Female,1/13/2016,11/02/2015
375,Anne,abowmanae@fotki.com,Female,12/26/2015,12/21/2015
376,Amanda,amcdonaldaf@netvibes.com,Female,4/1/2016,04/23/2016
377,Barbara,bharperag@github.com,Female,11/24/2015,08/16/2016
378,Adam,anelsonah@sina.com.cn,Male,12/1/2015,07/09/2016
379,Lisa,lmurphyai@163.com,Female,4/2/2016,11/04/2015
380,Julia,jchapmanaj@cocolog-nifty.com,Female,11/29/2015,01/08/2016
381,Nicholas,nchavezak@webnode.com,Male,8/30/2016,12/07/2015
382,Andrea,afernandezal@intel.com,Female,10/16/2016,06/06/2016
383,Eric,elarsonam@usda.gov,Male,9/4/2016,05/22/2016
384,Eric,ethomasan@google.com,Male,1/21/2016,06/18/2016
385,Janice,jlynchao@goo.ne.jp,Female,8/31/2016,10/02/2016
386,Joe,jrichardsap@fema.gov,Male,3/13/2016,06/20/2016
387,Arthur,asullivanaq@parallels.com,Male,4/30/2016,11/14/2015
388,Diana,dcarrollar@yellowbook.com,Female,2/6/2016,01/01/2016
389,Steve,sfranklinas@zimbio.com,Male,8/15/2016,04/23/2016
390,Amanda,amillerat@geocities.com,Female,5/5/2016,06/07/2016
391,Kenneth,kwalkerau@friendfeed.com,Male,6/5/2016,11/26/2015
392,Bobby,bkennedyav@nyu.edu,Male,7/4/2016,07/05/2016
393,Russell,rhamiltonaw@europa.eu,Male,2/27/2016,08/03/2016
394,Mildred,mporterax@google.pl,Female,3/30/2016,12/26/2015
395,Kathryn,kcookay@vistaprint(.com,Female,1/5/2016,01/05/2016
396,Ronald,rcarteraz@de.vu,Male,8/31/2016,07/06/2016
397,Paula,pmarshallb0@w3.org,Female,6/1/2016,07/27/2016
398,Timothy,tbanksb1@hibu.com,Male,8/10/2016,07/29/2016
399,John,jolsonb2@ibm.com,Male,7/8/2016,05/23/2016
400,Samuel,selliottb3@java.com,Male,7/18/2016,02/23/2016
401,Gregory,gmorrisonb4@state.gov,Male,2/17/2016,12/03/2015
402,Chris,cfreemanb5@g.co,Male,10/15/2016,12/04/2015
403,Teresa,thillb6@slate.com,Female,9/3/2016,01/03/2016
404,Doris,dfranklinb7@mtv.com,Female,12/7/2015,02/06/2016
405,Nicholas,nblackb8@typepad.com,Male,3/27/2016,03/15/2016
406,Robert,rarmstrongb9@moonfruit.com,Male,4/13/2016,06/03/2016
407,Anna,acolemanba@imageshack.us,Female,12/23/2015,12/01/2015
408,Cheryl,cjohnstonbb@facebook.com,Female,7/2/2016,01/08/2016
409,Amy,abryantbc@sakura.ne.jp,Female,12/23/2015,08/17/2016
410,Benjamin,bmillsbd@engadget.com,Male,12/18/2015,03/01/2016
411,Craig,cmccoybe@pen.io,Male,6/23/2016,11/12/2015
412,Tammy,thansonbf@lycos.com,Female,2/8/2016,06/30/2016
413,Todd,tturnerbg@163.com,Male,7/1/2016,01/14/2016
414,Louis,lwilliamsbh@clickbank.net,Male,12/24/2015,04/23/2016
415,Kevin,ksmithbi@cnet.com,Male,10/22/2016,12/14/2015
416,Ernest,elanebj@free.fr,Male,2/8/2016,03/17/2016
417,Linda,lgarciabk@twitter.com,Female,10/12/2016,02/03/2016
418,Steven,smillerbl@godaddy.com,Male,3/24/2016,07/30/2016
419,Karen,khernandezbm@geocities.jp,Female,8/17/2016,06/12/2016
420,Sharon,scarpenterbn@disqus.com,Female,8/28/2016,08/30/2016
421,Cynthia,csimpsonbo@dedecms.com,Female,2/6/2016,10/11/2016
422,Shawn,spaynebp@shop-pro.jp,Male,12/30/2015,08/21/2016
423,Martha,mjenkinsbq@imdb.com,Female,12/3/2015,06/04/2016
424,Margaret,mwellsbr@cmu.edu,Female,12/20/2015,11/23/2015
425,Ralph,rsimmonsbs@1und1.de,Male,9/6/2016,08/12/2016
426,Amy,ahernandezbt@redcross.org,Female,2/3/2016,05/24/2016
427,Steve,sdanielsbu@cloudflare.com,Male,3/21/2016,09/15/2016
428,Sean,saustinbv@tamu.edu,Male,5/18/2016,11/13/2015
429,Walter,wgonzalesbw@netvibes.com,Male,9/6/2016,06/06/2016
430,Marilyn,mphillipsbx@opera.com,Female,4/5/2016,07/13/2016
431,Andrew,asnyderby@goo.gl,Male,7/6/2016,05/24/2016
432,Christina,crobinsonbz@baidu.com,Female,11/19/2015,03/23/2016
433,Henry,hgarciac0@moonfruit.com,Male,12/12/2015,12/21/2015
434,Ruby,rortizc1@cam.ac.uk,Female,7/22/2016,08/04/2016
435,Catherine,charveyc2@exblog.jp,Female,10/28/2015,07/04/2016
436,Judy,jmatthewsc3@wikimedia.org,Female,10/13/2016,01/22/2016
437,Kathryn,kandersonc4@t-online.de,Female,3/6/2016,10/23/2016
438,Christine,cmyersc5@google.com.hk,Female,5/22/2016,05/09/2016
439,Alice,alawsonc6@about.me,Female,1/19/2016,09/12/2016
440,Nicole,ngordonc7@mac.com,Female,4/9/2016,04/29/2016
441,Brandon,bmedinac8@vk.com,Male,1/13/2016,07/06/2016
442,Rose,rlopezc9@npr.org,Female,1/2/2016,03/20/2016
443,Evelyn,efloresca@amazon.com,Female,5/23/2016,08/26/2016
444,Carolyn,ccookcb@senate.gov,Female,9/30/2016,06/06/2016
445,Randy,rperkinscc@istockphoto.com,Male,5/23/2016,11/16/2015
446,Peter,pperkinscd@netvibes.com,Male,10/1/2016,02/07/2016
447,Carlos,ccrawfordce@nymag.com,Male,10/18/2016,09/25/2016
448,Fred,fvasquezcf@walmart.com,Male,7/15/2016,10/25/2016
449,Alice,aspencercg@topsy.com,Female,3/14/2016,01/08/2016
450,Ryan,rrodriguezch@usda.gov,Male,5/10/2016,06/17/2016
451,Mark,mbowmanci@ehow.com,Male,4/30/2016,10/08/2016
452,Denise,dhudsoncj@squidoo.com,Female,6/16/2016,03/13/2016
453,Lawrence,lcolemanck@google.ru,Male,5/9/2016,06/17/2016
454,Terry,thenrycl@narod.ru,Male,9/21/2016,04/05/2016
455,Douglas,dharrisoncm@miitbeian.gov.cn,Male,5/27/2016,02/27/2016
456,Jimmy,jgreencn@github.com,Male,4/30/2016,08/24/2016
457,Chris,cjamesco@mail.ru,Male,5/23/2016,09/08/2016
458,Linda,lbowmancp@auda.org.au,Female,6/17/2016,03/22/2016
459,Mary,mtuckercq@wiley.com,Female,9/16/2016,03/09/2016
460,Susan,srosecr@loc.gov,Female,3/15/2016,08/17/2016
461,Catherine,crobinsoncs@ifeng.com,Female,1/6/2016,01/04/2016
462,Scott,sshawct@nhs.uk,Male,5/23/2016,12/27/2015
463,Sandra,sbarnescu@sun.com,Female,11/14/2015,07/14/2016
464,Bonnie,bbarnescv@reddit.com,Female,3/8/2016,08/06/2016
465,Clarence,cpowellcw@smugmug.com,Male,5/17/2016,11/30/2015
466,Janice,jdunncx@redcross.org,Female,12/22/2015,12/16/2015
467,Joseph,jgriffincy@homestead.com,Male,7/15/2016,12/08/2015
468,Jimmy,jkelleycz@un.org,Male,1/12/2016,03/03/2016
469,Brian,bperryd0@biglobe.ne.jp,Male,7/14/2016,04/07/2016
470,Kevin,klynchd1@tuttocitta.it,Male,1/16/2016,07/01/2016
471,Paul,palexanderd2@angelfire.com,Male,12/18/2015,11/11/2015
472,Heather,hwrightd3@gizmodo.com,Female,12/26/2015,02/16/2016
473,Jean,jcookd4@wisc.edu,Female,4/8/2016,07/23/2016
474,Linda,lwebbd5@boston.com,Female,7/3/2016,04/11/2016
475,Melissa,mreyesd6@deliciousdays.com,Female,8/6/2016,09/30/2016
476,Terry,tgarrettd7@omniture.com,Male,6/9/2016,10/12/2016
477,Richard,rortizd8@microsoft.com,Male,7/26/2016,06/10/2016
478,Janice,jfordd9@rakuten.co.jp,Female,4/8/2016,09/05/2016
479,Phyllis,padamsda@is.gd,Female,8/23/2016,11/15/2015
480,Martin,mlarsondb@illinois.edu,Male,8/7/2016,10/16/2016
481,Raymond,rmcdonalddc@japanpost.jp,Male,1/29/2016,04/09/2016
482,Judith,jwarrendd@ow.ly,Female,11/15/2015,05/10/2016
483,Donna,dchapmande@usda.gov,Female,9/25/2016,12/03/2015
484,Annie,ataylordf@sina.com.cn,Female,3/11/2016,08/05/2016
485,Irene,icollinsdg@illinois.edu,Female,10/2/2016,06/16/2016
486,Carl,cramosdh@fc2.com,Male,3/12/2016,12/23/2015
487,Daniel,dgordondi@weebly.com,Male,8/25/2016,04/12/2016
488,Kathleen,kdavisdj@bbc.co.uk,Female,12/12/2015,06/08/2016
489,Theresa,thawkinsdk@cpanel.net,Female,11/10/2015,12/20/2015
490,Eugene,ephillipsdl@studiopress.com,Male,3/21/2016,01/30/2016
491,Christine,ccunninghamdm@wunderground.com,Female,2/2/2016,10/30/2015
492,Anne,aschmidtdn@bravesites.com,Female,7/22/2016,09/20/2016
493,Mark,mgibsondo@hubpages.com,Male,4/9/2016,05/19/2016
494,Nicholas,nwooddp@mlb.com,Male,4/30/2016,02/27/2016
495,Annie,apetersdq@bizjournals.com,Female,4/9/2016,01/27/2016
496,William,wfloresdr@skyrock.com,Male,6/15/2016,01/18/2016
497,Jesse,jmorgands@cpanel.net,Male,8/21/2016,07/22/2016
498,Rachel,rpowelldt@princeton.edu,Female,5/25/2016,01/20/2016
499,James,jleedu@fda.gov,Male,7/19/2016,06/14/2016
500,Beverly,bmitchelldv@qq.com,Female,3/3/2016,07/28/2016
501,Eric,ejacksondw@tiny.cc,Male,12/3/2015,01/29/2016
502,Robin,rcollinsdx@intel.com,Female,11/11/2015,05/22/2016
503,Jennifer,jmartindy@simplemachines.org,Female,5/10/2016,09/07/2016
504,Diane,drogersdz@alibaba.com,Female,3/28/2016,03/03/2016
505,Lisa,lkennedye0@imdb.com,Female,12/17/2015,12/18/2015
506,Henry,hcoopere1@i2i.jp,Male,8/19/2016,04/14/2016
507,Lisa,lpiercee2@networkadvertising.org,Female,12/22/2015,12/26/2015
508,Jane,jbankse3@symantec.com,Female,10/6/2016,03/26/2016
509,Ruth,rhudsone4@sbwire.com,Female,1/9/2016,09/06/2016
510,Douglas,dgriffine5@wsj.com,Male,10/12/2016,09/24/2016
511,Jane,jcarrolle6@sfgate.com,Female,4/2/2016,12/20/2015
512,Robin,rpalmere7@walmart.com,Female,11/6/2015,11/08/2015
513,Antonio,abankse8@gov.uk,Male,2/23/2016,11/27/2015
514,Mary,mmoralese9@google.co.jp,Female,5/7/2016,09/21/2016
515,Deborah,dramirezea@diigo.com,Female,12/7/2015,06/15/2016
516,Deborah,dbishopeb@vistaprint(.com,Female,7/24/2016,04/08/2016
517,Jacqueline,jcolemanec@umich.edu,Female,5/13/2016,10/20/2016
518,Andrew,ahalled@cdc.gov,Male,12/28/2015,10/15/2016
519,Evelyn,ebradleyee@php.net,Female,10/4/2016,08/15/2016
520,Lillian,lhartef@163.com,Female,1/27/2016,04/11/2016
521,Katherine,kolivereg@github.io,Female,10/7/2016,02/07/2016
522,Billy,bspencereh@fastcompany.com,Male,7/27/2016,06/03/2016
523,Cynthia,ctuckerei@tinypic.com,Female,11/13/2015,01/08/2016
524,Stephanie,sroseej@unicef.org,Female,8/12/2016,12/07/2015
525,Bonnie,bgrahamek@nationalgeographic.com,Female,12/7/2015,04/21/2016
526,Pamela,pknightel@geocities.jp,Female,11/12/2015,06/12/2016
527,Brian,blawrenceem@tumblr.com,Male,12/18/2015,04/12/2016
528,Dennis,dgarretten@dot.gov,Male,1/28/2016,08/30/2016
529,Philip,pjameseo@sun.com,Male,3/7/2016,04/09/2016
530,Wanda,warnoldep@symantec.com,Female,9/1/2016,12/22/2015
531,Rachel,rolivereq@joomla.org,Female,12/25/2015,10/21/2016
532,Albert,ahaller@bizjournals.com,Male,12/31/2015,06/05/2016
533,Aaron,aholmeses@nba.com,Male,1/22/2016,01/13/2016
534,Shirley,swestet@ucla.edu,Female,9/21/2016,04/18/2016
535,Rachel,rfullereu@msu.edu,Female,9/28/2016,07/04/2016
536,Frances,fmorrisev@bluehost.com,Female,4/11/2016,11/19/2015
537,Scott,swillisew@hugedomains.com,Male,6/19/2016,10/20/2016
538,Carl,candrewsex@blinklist.com,Male,8/17/2016,01/11/2016
539,Carolyn,cmurrayey@last.fm,Female,9/27/2016,11/20/2015
540,Stephen,srichardsez@google.co.jp,Male,6/28/2016,09/17/2016
541,Karen,ktaylorf0@youku.com,Female,9/27/2016,06/16/2016
542,Robin,rkennedyf1@prweb.com,Female,4/16/2016,02/23/2016
543,Billy,bchavezf2@miitbeian.gov.cn,Male,12/10/2015,01/04/2016
544,Christina,clopezf3@delicious.com,Female,3/14/2016,09/08/2016
545,Barbara,bwardf4@posterous.com,Female,12/29/2015,05/06/2016
546,William,wbradleyf5@google.com.hk,Male,1/8/2016,08/05/2016
547,Karen,kcarrollf6@dot.gov,Female,11/6/2015,03/15/2016
548,John,jhansenf7@buzzfeed.com,Male,11/10/2015,04/18/2016
549,Joyce,jpaynef8@statcounter.com,Female,4/1/2016,09/10/2016
550,Paul,pmatthewsf9@newsvine.com,Male,3/9/2016,07/22/2016
551,Jonathan,jcookfa@pen.io,Male,2/26/2016,09/06/2016
552,Mary,mharrisfb@networkadvertising.org,Female,6/24/2016,12/16/2015
553,Kathleen,klanefc@diigo.com,Female,9/15/2016,06/13/2016
554,Deborah,dwallacefd@netlog.com,Female,7/30/2016,09/09/2016
555,Jeffrey,jruizfe@is.gd,Male,2/17/2016,12/30/2015
556,Kenneth,kwilsonff@fotki.com,Male,7/30/2016,07/29/2016
557,Paul,preynoldsfg@apple.com,Male,6/22/2016,11/05/2015
558,Tina,tdixonfh@nbcnews.com,Female,12/31/2015,12/31/2015
559,Emily,eadamsfi@theglobeandmail.com,Female,6/19/2016,10/18/2016
560,Sarah,smurrayfj@prnewswire.com,Female,7/17/2016,02/28/2016
561,Ashley,arussellfk@amazonaws.com,Female,2/16/2016,05/15/2016
562,Laura,ljacobsfl@theglobeandmail.com,Female,6/8/2016,08/01/2016
563,Jean,jberryfm@pbs.org,Female,11/6/2015,05/21/2016
564,Bonnie,brayfn@usatoday.com,Female,7/5/2016,02/20/2016
565,Elizabeth,eryanfo@1und1.de,Female,12/20/2015,05/12/2016
566,Emily,eelliottfp@people.com.cn,Female,12/15/2015,10/02/2016
567,Anthony,ashawfq@gizmodo.com,Male,1/25/2016,01/08/2016
568,Melissa,mtuckerfr@bandcamp.com,Female,6/5/2016,08/03/2016
569,Adam,avasquezfs@nasa.gov,Male,6/5/2016,01/22/2016
570,Shawn,smartinezft@smugmug.com,Male,10/8/2016,09/09/2016
571,Keith,kgutierrezfu@sun.com,Male,3/22/2016,03/25/2016
572,Gary,gallenfv@phoca.cz,Male,8/23/2016,07/25/2016
573,Terry,twillisfw@trellian.com,Male,8/5/2016,08/15/2016
574,Andrea,ariverafx@dailymotion.com,Female,4/22/2016,01/27/2016
575,Billy,bdixonfy@baidu.com,Male,2/21/2016,07/22/2016
576,Pamela,pgomezfz@nba.com,Female,5/27/2016,03/04/2016
577,Martin,mkelleyg0@smugmug.com,Male,5/26/2016,02/09/2016
578,Scott,sperryg1@dyndns.org,Male,11/16/2015,08/05/2016
579,Ann,ajohnsong2@google.co.jp,Female,9/18/2016,08/31/2016
580,Dennis,dtaylorg3@mozilla.com,Male,2/7/2016,11/26/2015
581,Victor,vwilliamsong4@themeforest.net,Male,4/14/2016,10/07/2016
582,Lillian,lwagnerg5@over-blog.com,Female,3/4/2016,02/27/2016
583,Thomas,twardg6@sina.com.cn,Male,8/16/2016,05/16/2016
584,Lawrence,lrossg7@nhs.uk,Male,5/4/2016,05/02/2016
585,Sarah,swashingtong8@harvard.edu,Female,8/12/2016,05/14/2016
586,Nicole,nboydg9@spiegel.de,Female,5/5/2016,01/17/2016
587,Linda,lmendozaga@time.com,Female,8/31/2016,04/24/2016
588,Anthony,ahowellgb@smugmug.com,Male,10/24/2016,02/07/2016
589,Eric,eedwardsgc@vk.com,Male,8/1/2016,06/17/2016
590,Mildred,mdunngd@xing.com,Female,4/9/2016,01/30/2016
591,Katherine,kjordange@meetup.com,Female,3/31/2016,02/20/2016
592,Teresa,tharpergf@nyu.edu,Female,6/18/2016,01/21/2016
593,William,wfordgg@weibo.com,Male,10/9/2016,07/13/2016
594,Stephanie,sriveragh@scientificamerican.com,Female,2/10/2016,07/13/2016
595,Sean,skinggi@nature.com,Male,9/6/2016,05/06/2016
596,Diana,dcarrollgj@usda.gov,Female,2/5/2016,10/26/2016
597,Patrick,pjacksongk@1und1.de,Male,4/20/2016,06/09/2016
598,Carlos,cmeyergl@yahoo.co.jp,Male,11/15/2015,12/24/2015
599,Anne,apaynegm@google.fr,Female,6/21/2016,11/25/2015
600,Walter,wgutierrezgn@yandex.ru,Male,1/2/2016,12/26/2015
601,Jane,jfreemango@i2i.jp,Female,4/14/2016,10/28/2015
602,Anne,amatthewsgp@shop-pro.jp,Female,10/27/2015,03/28/2016
603,Jacqueline,jfostergq@cam.ac.uk,Female,11/10/2015,12/01/2015
604,Brandon,bedwardsgr@cornell.edu,Male,1/15/2016,10/11/2016
605,Roy,rjenkinsgs@goo.gl,Male,10/9/2016,06/01/2016
606,Doris,dramosgt@unc.edu,Female,6/20/2016,10/23/2016
607,Jacqueline,jhowellgu@free.fr,Female,10/10/2016,05/15/2016
608,Martha,mstonegv@g.co,Female,7/25/2016,02/28/2016
609,Bruce,bchavezgw@constantcontact.com,Male,2/12/2016,12/25/2015
610,Karen,kandersongx@liveinternet.ru,Female,9/1/2016,05/03/2016
611,Janet,jdunngy@admin.ch,Female,8/15/2016,02/11/2016
612,Christina,cwalkergz@devhub.com,Female,6/5/2016,07/31/2016
613,Nicholas,nlawrenceh0@usnews.com,Male,2/26/2016,10/01/2016
614,Emily,ehudsonh1@hhs.gov,Female,7/16/2016,02/28/2016
615,Brian,bstewarth2@bizjournals.com,Male,9/18/2016,10/31/2015
616,Janice,jwallaceh3@chron.com,Female,9/19/2016,12/30/2015
617,Clarence,cwebbh4@reuters.com,Male,1/11/2016,08/30/2016
618,Pamela,pfosterh5@liveinternet.ru,Female,6/26/2016,08/05/2016
619,Beverly,bandrewsh6@joomla.org,Female,10/22/2016,01/27/2016
620,Jennifer,jfieldsh7@senate.gov,Female,8/5/2016,02/17/2016
621,Jennifer,jjenkinsh8@miibeian.gov.cn,Female,2/29/2016,02/09/2016
622,Catherine,cfloresh9@print(friendly.com,Female,8/12/2016,09/13/2016
623,Jeremy,jjacksonha@discuz.net,Male,1/28/2016,02/04/2016
624,Joshua,jbowmanhb@trellian.com,Male,9/22/2016,01/01/2016
625,Cynthia,callenhc@army.mil,Female,12/4/2015,06/02/2016
626,Rachel,rbowmanhd@apache.org,Female,12/28/2015,12/06/2015
627,Angela,acrawfordhe@geocities.com,Female,11/21/2015,08/11/2016
628,Marie,mrichardshf@narod.ru,Female,7/21/2016,04/20/2016
629,Betty,bfordhg@github.com,Female,7/30/2016,05/04/2016
630,Dorothy,dfullerhh@pinterest.com,Female,7/11/2016,04/28/2016
631,Henry,hhickshi@slashdot.org,Male,6/5/2016,05/18/2016
632,Katherine,kricehj@seesaa.net,Female,10/22/2016,05/20/2016
633,Brenda,bbennetthk@time.com,Female,5/2/2016,04/01/2016
634,Arthur,awagnerhl@tamu.edu,Male,8/11/2016,04/18/2016
635,Ashley,asimpsonhm@sbwire.com,Female,6/26/2016,01/02/2016
636,Charles,cwoodshn@1688.com,Male,7/4/2016,02/20/2016
637,Edward,eelliottho@cnbc.com,Male,2/18/2016,09/07/2016
638,Frank,fparkerhp@furl.net,Male,7/21/2016,04/07/2016
639,Rose,rbakerhq@github.io,Female,10/21/2016,11/23/2015
640,Harry,harnoldhr@yolasite.com,Male,11/20/2015,03/01/2016
641,Douglas,dreynoldshs@weather.com,Male,12/8/2015,05/25/2016
642,Maria,mburkeht@unc.edu,Female,6/24/2016,07/04/2016
643,Janet,jfrazierhu@pinterest.com,Female,11/24/2015,03/01/2016
644,Emily,ehendersonhv@sina.com.cn,Female,4/16/2016,05/13/2016
645,Benjamin,bfowlerhw@tinypic.com,Male,8/7/2016,05/28/2016
646,Keith,kmasonhx@sfgate.com,Male,6/14/2016,01/06/2016
647,Shirley,showellhy@simplemachines.org,Female,1/20/2016,02/11/2016
648,Fred,ffloreshz@sina.com.cn,Male,7/10/2016,09/27/2016
649,Randy,rdunni0@de.vu,Male,4/17/2016,04/13/2016
650,Phyllis,probertsi1@ted.com,Female,3/22/2016,06/17/2016
651,Larry,ljonesi2@tripod.com,Male,8/21/2016,08/19/2016
652,Ann,aowensi3@dagondesign.com,Female,8/17/2016,07/30/2016
653,Ruby,rjacksoni4@theglobeandmail.com,Female,11/16/2015,08/10/2016
654,Kathy,kgonzalezi5@weibo.com,Female,4/13/2016,02/29/2016
655,Kathryn,kkingi6@people.com.cn,Female,2/4/2016,02/05/2016
656,Ronald,rellisi7@github.io,Male,11/6/2015,09/06/2016
657,Dorothy,dortizi8@ftc.gov,Female,6/18/2016,01/02/2016
658,Alice,acarpenteri9@ehow.com,Female,4/7/2016,09/30/2016
659,Steve,skimia@prlog.org,Male,3/16/2016,06/11/2016
660,Edward,ejacksonib@indiatimes.com,Male,8/5/2016,01/19/2016
661,Elizabeth,erichardsic@dell.com,Female,8/10/2016,01/23/2016
662,Sharon,sstephensid@chron.com,Female,2/6/2016,09/11/2016
663,Jimmy,jcollinsie@parallels.com,Male,11/21/2015,11/26/2015
664,Gregory,gelliottif@diigo.com,Male,2/2/2016,11/26/2015
665,Marie,mbishopig@stumbleupon.com,Female,6/17/2016,02/29/2016
666,Katherine,kriceih@flavors.me,Female,5/2/2016,02/17/2016
667,Alice,alawrenceii@e-recht24.de,Female,1/25/2016,11/15/2015
668,Phyllis,pramirezij@exblog.jp,Female,5/7/2016,03/27/2016
669,Shawn,spetersik@bloomberg.com,Male,10/28/2015,03/27/2016
670,Martha,mburkeil@intel.com,Female,3/23/2016,12/02/2015
671,Henry,hharrisim@answers.com,Male,6/27/2016,05/05/2016
672,Eugene,ehendersonin@cocolog-nifty.com,Male,10/2/2016,05/03/2016
673,Bruce,bsandersio@vimeo.com,Male,3/16/2016,02/16/2016
674,Samuel,sfreemanip@nbcnews.com,Male,7/18/2016,08/01/2016
675,Justin,jmorganiq@imdb.com,Male,1/7/2016,11/03/2015
676,Ann,aweaverir@msn.com,Female,6/15/2016,01/14/2016
677,Alan,apetersis@mozilla.com,Male,8/12/2016,02/02/2016
678,Antonio,aburnsit@ustream.tv,Male,4/24/2016,06/12/2016
679,Donna,dwellsiu@stanford.edu,Female,12/4/2015,11/12/2015
680,Lois,lwilliamsoniv@themeforest.net,Female,6/21/2016,05/02/2016
681,Jennifer,jscottiw@geocities.com,Female,6/16/2016,07/07/2016
682,Terry,tsandersix@list-manage.com,Male,1/13/2016,03/23/2016
683,Elizabeth,epriceiy@pinterest.com,Female,8/4/2016,01/28/2016
684,Rose,rgriffiniz@ustream.tv,Female,12/10/2015,08/09/2016
685,Janet,jwilliamsonj0@shop-pro.jp,Female,4/6/2016,02/18/2016
686,Jeremy,jwilsonj1@mayoclinic.com,Male,12/29/2015,02/11/2016
687,George,gelliottj2@time.com,Male,5/19/2016,03/23/2016
688,Bobby,bgomezj3@sfgate.com,Male,8/1/2016,10/07/2016
689,Anne,asimsj4@slate.com,Female,6/9/2016,07/26/2016
690,Scott,sturnerj5@thetimes.co.uk,Male,10/6/2016,10/23/2016
691,Amy,apowellj6@ehow.com,Female,1/30/2016,03/17/2016
692,Jane,jwoodj7@mail.ru,Female,12/14/2015,02/21/2016
693,Mildred,mburkej8@wunderground.com,Female,6/2/2016,01/15/2016
694,Lois,lmitchellj9@github.io,Female,1/4/2016,12/08/2015
695,Christopher,cwelchja@nydailynews.com,Male,9/1/2016,03/10/2016
696,Phillip,pleejb@jiathis.com,Male,3/12/2016,05/16/2016
697,Raymond,rricejc@reddit.com,Male,9/5/2016,06/15/2016
698,Brian,bbarnesjd@oaic.gov.au,Male,1/6/2016,04/04/2016
699,Sharon,swatkinsje@uol.com.br,Female,1/2/2016,09/12/2016
700,Sara,sgreenejf@cam.ac.uk,Female,7/31/2016,04/22/2016
701,Wanda,wmillsjg@edublogs.org,Female,1/15/2016,06/05/2016
702,Pamela,phernandezjh@hibu.com,Female,3/1/2016,11/07/2015
703,Roy,rhillji@scientificamerican.com,Male,12/8/2015,05/06/2016
704,Russell,rricejj@noaa.gov,Male,9/6/2016,09/17/2016
705,Rachel,rknightjk@mapquest.com,Female,6/17/2016,12/10/2015
706,Judy,jwardjl@google.com.au,Female,5/16/2016,11/27/2015
707,Anna,anelsonjm@ted.com,Female,3/27/2016,09/07/2016
708,Gregory,gdanielsjn@photobucket.com,Male,6/13/2016,09/27/2016
709,Jacqueline,jjordanjo@gnu.org,Female,4/20/2016,01/27/2016
710,Donald,dwhitejp@cyberchimps.com,Male,12/23/2015,08/29/2016
711,Joe,jburkejq@blogspot.com,Male,8/4/2016,06/08/2016
712,Doris,dtorresjr@dailymotion.com,Female,2/25/2016,05/09/2016
713,David,dpaynejs@jimdo.com,Male,11/3/2015,01/06/2016
714,Dennis,dperezjt@livejournal.com,Male,10/8/2016,05/26/2016
715,Adam,awatsonju@nyu.edu,Male,4/27/2016,11/27/2015
716,Christopher,cburtonjv@abc.net.au,Male,1/7/2016,07/30/2016
717,Karen,kjonesjw@ow.ly,Female,9/14/2016,11/01/2015
718,Julie,jspencerjx@yahoo.co.jp,Female,11/21/2015,05/06/2016
719,Anna,aschmidtjy@hc360.com,Female,12/17/2015,09/27/2016
720,Jason,jsnyderjz@godaddy.com,Male,7/10/2016,07/16/2016
721,Roger,rhenryk0@free.fr,Male,4/10/2016,08/25/2016
722,Michelle,mlewisk1@w3.org,Female,3/30/2016,02/06/2016
723,Helen,hhartk2@cdbaby.com,Female,5/6/2016,08/30/2016
724,Sharon,srodriguezk3@phoca.cz,Female,2/23/2016,11/22/2015
725,Kimberly,kpalmerk4@google.ru,Female,6/10/2016,12/07/2015
726,Terry,tmorrisonk5@qq.com,Male,7/6/2016,03/08/2016
727,Ryan,rhuntk6@ft.com,Male,1/21/2016,07/18/2016
728,Amy,ahartk7@bloglines.com,Female,7/6/2016,09/05/2016
729,Christopher,cfosterk8@reference.com,Male,3/8/2016,11/10/2015
730,Gloria,gsmithk9@senate.gov,Female,12/15/2015,01/14/2016
731,Teresa,tlarsonka@prlog.org,Female,6/3/2016,12/17/2015
732,Michelle,mmoraleskb@pcworld.com,Female,6/11/2016,12/25/2015
733,Mark,mlongkc@soup.io,Male,2/7/2016,02/15/2016
734,Lillian,lmorriskd@unesco.org,Female,11/5/2015,04/08/2016
735,Judy,jgrantke@eepurl.com,Female,8/15/2016,01/12/2016
736,Carlos,cnicholskf@theguardian.com,Male,12/12/2015,05/14/2016
737,Eugene,efosterkg@jiathis.com,Male,10/28/2015,12/29/2015
738,Catherine,cturnerkh@artisteer.com,Female,9/24/2016,10/02/2016
739,Evelyn,eevanski@hao123.com,Female,7/16/2016,02/22/2016
740,Richard,rcolekj@vinaora.com,Male,7/10/2016,01/02/2016
741,Jonathan,jburtonkk@geocities.jp,Male,8/25/2016,04/13/2016
742,Antonio,afrazierkl@163.com,Male,2/6/2016,10/18/2016
743,Mildred,mwarrenkm@theguardian.com,Female,9/24/2016,02/02/2016
744,Paula,preidkn@vinaora.com,Female,6/14/2016,04/27/2016
745,Ralph,rburnsko@edublogs.org,Male,10/28/2015,06/10/2016
746,Kenneth,krichardskp@epa.gov,Male,3/8/2016,09/24/2016
747,Lillian,ltuckerkq@macromedia.com,Female,7/31/2016,11/19/2015
748,Samuel,sbowmankr@tinyurl.com,Male,2/9/2016,10/17/2016
749,Ernest,eriveraks@tinypic.com,Male,9/5/2016,02/19/2016
750,George,gfowlerkt@ibm.com,Male,11/10/2015,07/13/2016
751,Jesse,jcruzku@springer.com,Male,8/15/2016,02/01/2016
752,Albert,amurphykv@macromedia.com,Male,11/12/2015,11/05/2015
753,Douglas,dcruzkw@google.nl,Male,10/22/2016,10/24/2016
754,Jimmy,jwrightkx@hubpages.com,Male,6/8/2016,08/29/2016
755,Mary,mhamiltonky@edublogs.org,Female,11/9/2015,05/18/2016
756,Catherine,candersonkz@cnbc.com,Female,11/22/2015,07/15/2016
757,Timothy,tallenl0@google.fr,Male,4/18/2016,02/16/2016
758,Shawn,sstephensl1@people.com.cn,Male,6/22/2016,12/13/2015
759,Anne,afloresl2@hubpages.com,Female,5/15/2016,04/19/2016
760,Melissa,mwestl3@icq.com,Female,7/7/2016,08/28/2016
761,Janet,jkelleyl4@so-net.ne.jp,Female,3/30/2016,01/31/2016
762,Willie,wbakerl5@sitemeter.com,Male,1/21/2016,01/14/2016
763,Kenneth,kwallacel6@blogtalkradio.com,Male,10/2/2016,09/08/2016
764,Douglas,dgomezl7@army.mil,Male,8/28/2016,12/07/2015
765,Wanda,wmoralesl8@dmoz.org,Female,1/16/2016,09/29/2016
766,Jane,jkelleyl9@walmart.com,Female,5/30/2016,10/04/2016
767,Debra,ddiazla@economist.com,Female,9/5/2016,03/06/2016
768,Jack,jfloreslb@microsoft.com,Male,12/5/2015,01/22/2016
769,Aaron,ahendersonlc@baidu.com,Male,8/10/2016,06/23/2016
770,Joseph,jwilliamsonld@liveinternet.ru,Male,7/7/2016,12/29/2015
771,Jack,jscottle@chronoengine.com,Male,5/21/2016,03/07/2016
772,Anna,aelliottlf@salon.com,Female,11/28/2015,09/07/2016
773,Bruce,bwilliamsonlg@arstechnica.com,Male,1/24/2016,07/19/2016
774,Deborah,dperrylh@thetimes.co.uk,Female,9/13/2016,02/21/2016
775,Janet,jwilsonli@trellian.com,Female,2/2/2016,05/13/2016
776,Jean,jgonzaleslj@list-manage.com,Female,1/15/2016,03/23/2016
777,Richard,rgrantlk@ebay.co.uk,Male,12/31/2015,07/07/2016
778,Charles,ckelleyll@opera.com,Male,3/20/2016,08/03/2016
779,Angela,awalkerlm@intel.com,Female,10/18/2016,12/08/2015
780,Thomas,tsmithln@is.gd,Male,4/9/2016,03/29/2016
781,Jacqueline,jmitchelllo@usgs.gov,Female,12/16/2015,03/18/2016
782,Jessica,jstonelp@comsenz.com,Female,2/4/2016,12/09/2015
783,Anna,akimlq@mozilla.com,Female,9/10/2016,12/15/2015
784,Marilyn,mellislr@csmonitor.com,Female,6/4/2016,05/15/2016
785,Sandra,sperryls@vk.com,Female,5/8/2016,01/08/2016
786,Maria,mcollinslt@myspace.com,Female,4/10/2016,01/11/2016
787,Brian,bmorganlu@fda.gov,Male,3/7/2016,08/14/2016
788,Linda,llittlelv@over-blog.com,Female,9/6/2016,10/04/2016
789,Eric,ejohnstonlw@newyorker.com,Male,12/10/2015,11/26/2015
790,Maria,mdaylx@a8.net,Female,10/26/2016,04/14/2016
791,Joshua,jhamiltonly@print(friendly.com,Male,9/5/2016,08/30/2016
792,Ann,amorenolz@people.com.cn,Female,7/3/2016,01/15/2016
793,Louise,lhenrym0@lulu.com,Female,12/30/2015,06/06/2016
794,Eric,ewatkinsm1@live.com,Male,10/26/2016,08/22/2016
795,Michelle,mandersonm2@marriott.com,Female,6/22/2016,12/14/2015
796,Emily,ewilliamsonm3@psu.edu,Female,8/3/2016,07/04/2016
797,Jacqueline,jbutlerm4@weebly.com,Female,11/16/2015,09/05/2016
798,Donna,dhunterm5@cornell.edu,Female,6/12/2016,07/30/2016
799,Ryan,rmurraym6@businessinsider.com,Male,9/22/2016,10/29/2015
800,Johnny,jhamiltonm7@google.cn,Male,7/5/2016,11/21/2015
801,Jennifer,jramosm8@wordpress.com,Female,1/5/2016,01/27/2016
802,Teresa,tbaileym9@yellowbook.com,Female,10/22/2016,12/15/2015
803,Gary,gshawma@discuz.net,Male,12/18/2015,01/19/2016
804,Judith,jmorrismb@yelp.com,Female,11/24/2015,12/12/2015
805,Jonathan,jdaymc@sciencedirect.com,Male,8/15/2016,10/03/2016
806,Joyce,jalvarezmd@fc2.com,Female,1/11/2016,10/20/2016
807,Frances,fmontgomeryme@youtu.be,Female,12/13/2015,08/26/2016
808,Andrew,ahayesmf@rakuten.co.jp,Male,11/14/2015,01/21/2016
809,Walter,wcolemg@about.me,Male,5/1/2016,06/08/2016
810,Willie,wjamesmh@scribd.com,Male,9/20/2016,03/28/2016
811,Kevin,kmartinezmi@cdbaby.com,Male,6/6/2016,09/24/2016
812,Earl,epetersmj@flickr.com,Male,12/7/2015,04/23/2016
813,Paul,pcastillomk@miitbeian.gov.cn,Male,4/24/2016,05/27/2016
814,Jonathan,jhendersonml@yale.edu,Male,8/13/2016,12/16/2015
815,Ashley,ascottmm@taobao.com,Female,8/24/2016,06/08/2016
816,Theresa,tsnydermn@tuttocitta.it,Female,4/3/2016,05/12/2016
817,Larry,lfullermo@sohu.com,Male,12/30/2015,02/06/2016
818,Brandon,bgarrettmp@cornell.edu,Male,10/6/2016,04/20/2016
819,Bruce,bgarzamq@nsw.gov.au,Male,11/2/2015,07/31/2016
820,Gloria,gparkermr@nyu.edu,Female,7/21/2016,01/11/2016
821,Phyllis,ppetersms@wikimedia.org,Female,11/7/2015,03/09/2016
822,Bobby,barmstrongmt@nature.com,Male,10/2/2016,11/09/2015
823,Christopher,crileymu@redcross.org,Male,9/11/2016,07/05/2016
824,Susan,sbennettmv@blogtalkradio.com,Female,9/14/2016,08/05/2016
825,Kenneth,kwrightmw@cbc.ca,Male,11/29/2015,03/19/2016
826,Mildred,mwalkermx@java.com,Female,3/23/2016,12/10/2015
827,Katherine,kwestmy@bbc.co.uk,Female,8/16/2016,05/03/2016
828,Aaron,apetersonmz@friendfeed.com,Male,10/25/2016,04/12/2016
829,Adam,ahuntn0@stanford.edu,Male,6/24/2016,07/11/2016
830,Ryan,rmarshalln1@google.fr,Male,4/23/2016,07/15/2016
831,Jerry,jlarsonn2@hao123.com,Male,4/16/2016,05/04/2016
832,Carlos,crayn3@nymag.com,Male,11/13/2015,12/23/2015
833,Julie,jhowelln4@t-online.de,Female,6/6/2016,04/27/2016
834,Jacqueline,jowensn5@dagondesign.com,Female,3/1/2016,03/18/2016
835,Jeffrey,jfloresn6@baidu.com,Male,9/28/2016,09/26/2016
836,Steve,smorenon7@virginia.edu,Male,9/18/2016,07/11/2016
837,Brandon,bramirezn8@shareasale.com,Male,2/14/2016,06/03/2016
838,Charles,crayn9@hud.gov,Male,11/15/2015,04/08/2016
839,Sara,slawsonna@csmonitor.com,Female,5/8/2016,02/06/2016
840,Patricia,pschmidtnb@tinyurl.com,Female,1/6/2016,10/22/2016
841,Diana,ddiaznc@senate.gov,Female,8/24/2016,02/02/2016
842,Michael,mpaynend@t-online.de,Male,3/12/2016,07/13/2016
843,Teresa,tlanene@abc.net.au,Female,12/9/2015,03/01/2016
844,Harold,hadamsnf@biblegateway.com,Male,9/10/2016,03/19/2016
845,Gloria,gdixonng@naver.com,Female,6/17/2016,09/10/2016
846,Jerry,jpattersonnh@etsy.com,Male,6/9/2016,01/29/2016
847,Nancy,nrichardsonni@wired.com,Female,7/22/2016,06/25/2016
848,Judith,jwalkernj@networkadvertising.org,Female,4/29/2016,12/02/2015
849,Jeffrey,jgardnernk@va.gov,Male,8/29/2016,06/27/2016
850,Mark,mpetersonnl@liveinternet.ru,Male,6/24/2016,07/22/2016
851,Steve,ssimsnm@wisc.edu,Male,1/26/2016,09/15/2016
852,Judith,jedwardsnn@moonfruit.com,Female,7/24/2016,02/18/2016
853,Earl,efieldsno@photobucket.com,Male,4/14/2016,09/06/2016
854,Paul,pwebbnp@merriam-webster.com,Male,6/6/2016,12/26/2015
855,Eugene,earmstrongnq@sfgate.com,Male,1/3/2016,10/15/2016
856,Jonathan,jcooknr@va.gov,Male,5/3/2016,09/17/2016
857,Irene,icunninghamns@hatena.ne.jp,Female,2/7/2016,08/21/2016
858,Nancy,nsancheznt@google.com.hk,Female,10/11/2016,03/28/2016
859,Betty,bdavisnu@facebook.com,Female,4/30/2016,09/11/2016
860,Nicole,nsimmonsnv@squidoo.com,Female,8/25/2016,07/06/2016
861,Fred,fjohnsonnw@infoseek.co.jp,Male,9/22/2016,03/26/2016
862,Dennis,dcoxnx@networksolutions.com,Male,7/7/2016,10/25/2016
863,Jennifer,jpowellny@desdev.cn,Female,1/7/2016,12/26/2015
864,Gary,gmasonnz@constantcontact.com,Male,11/26/2015,10/06/2016
865,Jimmy,jmillero0@archive.org,Male,12/19/2015,02/20/2016
866,Pamela,preynoldso1@163.com,Female,6/18/2016,06/20/2016
867,Steven,sturnero2@livejournal.com,Male,9/1/2016,12/05/2015
868,Janice,jgarciao3@csmonitor.com,Female,1/29/2016,03/26/2016
869,Donald,dwellso4@addtoany.com,Male,6/13/2016,11/25/2015
870,Frank,fvasquezo5@toplist.cz,Male,12/30/2015,04/16/2016
871,Jeremy,jmorenoo6@plala.or.jp,Male,2/13/2016,07/10/2016
872,Juan,jbaileyo7@hud.gov,Male,2/17/2016,05/16/2016
873,Keith,khudsono8@imageshack.us,Male,6/27/2016,12/17/2015
874,Mildred,mmendozao9@xing.com,Female,3/20/2016,09/02/2016
875,Earl,ebennettoa@zimbio.com,Male,8/27/2016,10/24/2016
876,Kelly,kcolemanob@istockphoto.com,Female,7/14/2016,04/02/2016
877,George,gbelloc@mayoclinic.com,Male,3/14/2016,09/24/2016
878,Harry,hscottod@nature.com,Male,5/24/2016,03/20/2016
879,Donald,dpalmeroe@paypal.com,Male,5/16/2016,03/02/2016
880,Lisa,lfisherof@army.mil,Female,11/27/2015,02/17/2016
881,Tina,tscottog@msu.edu,Female,7/29/2016,10/20/2016
882,Philip,preynoldsoh@spotify.com,Male,11/16/2015,10/10/2016
883,Carl,cmasonoi@cnn.com,Male,1/25/2016,06/20/2016
884,Louis,lfieldsoj@theguardian.com,Male,7/23/2016,10/26/2016
885,Betty,bblackok@domainmarket.com,Female,2/16/2016,10/06/2016
886,Mary,mbarnesol@reverbnation.com,Female,9/17/2016,09/25/2016
887,Patricia,pwoodsom@hao123.com,Female,3/2/2016,08/27/2016
888,Jessica,jruizon@godaddy.com,Female,2/19/2016,05/08/2016
889,Peter,pwoodsoo@friendfeed.com,Male,2/22/2016,09/12/2016
890,Teresa,tcampbellop@devhub.com,Female,8/4/2016,05/04/2016
891,Victor,vgarrettoq@t.co,Male,7/21/2016,05/06/2016
892,Jacqueline,jstephensor@arizona.edu,Female,5/13/2016,04/22/2016
893,Anne,amedinaos@de.vu,Female,11/18/2015,06/07/2016
894,Ryan,rmyersot@dion.ne.jp,Male,12/22/2015,07/18/2016
895,Nicholas,npierceou@boston.com,Male,11/17/2015,01/29/2016
896,Michelle,mdeanov@aol.com,Female,6/24/2016,03/18/2016
897,Norma,nwillisow@sciencedirect.com,Female,1/30/2016,06/11/2016
898,Anne,aberryox@gov.uk,Female,11/18/2015,12/27/2015
899,Amanda,awashingtonoy@state.gov,Female,7/16/2016,07/07/2016
900,Rose,rmyersoz@webeden.co.uk,Female,2/8/2016,11/30/2015
901,Robert,rjonesp0@dmoz.org,Male,1/3/2016,07/15/2016
902,Susan,ssnyderp1@admin.ch,Female,3/29/2016,12/09/2015
903,Heather,hhillp2@bizjournals.com,Female,5/12/2016,12/09/2015
904,Janet,jrichardsonp3@tumblr.com,Female,5/26/2016,07/25/2016
905,Nicole,nfieldsp4@altervista.org,Female,7/25/2016,08/13/2016
906,Norma,njohnsonp5@independent.co.uk,Female,11/5/2015,07/13/2016
907,Scott,showellp6@netvibes.com,Male,3/24/2016,05/17/2016
908,Sharon,sramosp7@aol.com,Female,8/21/2016,02/18/2016
909,Nancy,ngonzalezp8@jimdo.com,Female,4/21/2016,05/26/2016
910,Larry,lhayesp9@oracle.com,Male,10/3/2016,02/19/2016
911,Justin,jcolepa@ebay.co.uk,Male,5/23/2016,02/29/2016
912,Larry,lrileypb@hc360.com,Male,12/17/2015,10/16/2016
913,Beverly,brosepc@va.gov,Female,11/12/2015,01/18/2016
914,Linda,lstonepd@wufoo.com,Female,10/24/2016,12/04/2015
915,Lois,lramospe@un.org,Female,2/20/2016,02/13/2016
916,Wayne,wpeterspf@homestead.com,Male,2/9/2016,05/06/2016
917,Eric,ehendersonpg@redcross.org,Male,2/22/2016,01/14/2016
918,Eugene,emurrayph@amazon.de,Male,5/8/2016,01/27/2016
919,Christina,cchavezpi@icio.us,Female,11/24/2015,01/26/2016
920,Jonathan,jcolepj@gnu.org,Male,10/4/2016,02/28/2016
921,Kimberly,kcollinspk@w3.org,Female,1/11/2016,09/20/2016
922,Virginia,vbishoppl@jimdo.com,Female,1/12/2016,05/13/2016
923,Roger,rgonzalespm@gnu.org,Male,3/13/2016,12/03/2015
924,Jimmy,jcrawfordpn@soundcloud.com,Male,6/19/2016,08/08/2016
925,Judy,jhansenpo@slate.com,Female,1/16/2016,01/28/2016
926,Shirley,sschmidtpp@dagondesign.com,Female,7/23/2016,02/17/2016
927,Chris,clawsonpq@cisco.com,Male,4/8/2016,09/18/2016
928,Michelle,mtorrespr@chronoengine.com,Female,9/23/2016,07/21/2016
929,Debra,dparkerps@youku.com,Female,12/18/2015,02/11/2016
930,Susan,spiercept@t.co,Female,5/5/2016,01/04/2016
931,Diana,dmurphypu@csmonitor.com,Female,2/23/2016,07/12/2016
932,Philip,pandrewspv@bing.com,Male,12/31/2015,09/02/2016
933,Matthew,mrobinsonpw@ezinearticles.com,Male,12/29/2015,01/17/2016
934,Matthew,mpalmerpx@domainmarket.com,Male,12/4/2015,07/23/2016
935,Eugene,ecastillopy@fotki.com,Male,6/29/2016,09/05/2016
936,Irene,idaypz@goo.gl,Female,5/17/2016,06/26/2016
937,Jonathan,jmasonq0@disqus.com,Male,3/27/2016,04/30/2016
938,Douglas,dbennettq1@techcrunch.com,Male,1/26/2016,09/19/2016
939,Jeremy,jmontgomeryq2@diigo.com,Male,9/26/2016,03/21/2016
940,Richard,rtaylorq3@forbes.com,Male,10/29/2015,09/22/2016
941,George,gmitchellq4@princeton.edu,Male,11/11/2015,05/18/2016
942,Cheryl,cturnerq5@zdnet.com,Female,10/17/2016,02/26/2016
943,Eugene,ehendersonq6@google.ru,Male,5/14/2016,10/11/2016
944,Debra,dlongq7@oaic.gov.au,Female,7/3/2016,02/16/2016
945,Ann,awillisq8@goo.ne.jp,Female,6/3/2016,12/16/2015
946,Janet,jgarrettq9@cnbc.com,Female,4/6/2016,12/14/2015
947,Patricia,prileyqa@loc.gov,Female,12/3/2015,06/12/2016
948,Amy,ahernandezqb@facebook.com,Female,11/27/2015,05/25/2016
949,Kimberly,kolsonqc@weibo.com,Female,10/31/2015,12/07/2015
950,Sandra,skingqd@woothemes.com,Female,8/21/2016,05/24/2016
951,Steven,skelleyqe@ning.com,Male,2/17/2016,08/29/2016
952,Cynthia,cgriffinqf@cbslocal.com,Female,12/20/2015,12/09/2015
953,Theresa,twhiteqg@dyndns.org,Female,10/30/2015,03/23/2016
954,Harold,hsanchezqh@wp.com,Male,10/4/2016,03/14/2016
955,Christina,cburkeqi@ca.gov,Female,8/9/2016,01/17/2016
956,Carolyn,csnyderqj@toplist.cz,Female,6/25/2016,01/20/2016
957,Kathy,kmillsqk@howstuffworks.com,Female,2/12/2016,07/12/2016
958,Harold,hdayql@ehow.com,Male,11/2/2015,12/06/2015
959,Terry,tperkinsqm@123-reg.co.uk,Male,12/12/2015,11/10/2015
960,Joshua,jcarterqn@g.co,Male,4/21/2016,08/30/2016
961,Julia,jfloresqo@paginegialle.it,Female,4/7/2016,05/09/2016
962,John,jweaverqp@usa.gov,Male,9/16/2016,04/25/2016
963,Jose,jsimmonsqq@wisc.edu,Male,5/1/2016,12/14/2015
964,Lillian,lcooperqr@instagram.com,Female,2/23/2016,01/15/2016
965,Shirley,sgrantqs@photobucket.com,Female,12/9/2015,04/11/2016
966,Ralph,rhowellqt@ycombinator.com,Male,7/18/2016,11/23/2015
967,Andrew,aholmesqu@reference.com,Male,2/5/2016,02/20/2016
968,Betty,bmitchellqv@telegraph.co.uk,Female,3/31/2016,04/21/2016
969,Nicholas,ndixonqw@pen.io,Male,8/18/2016,08/14/2016
970,Randy,rgarciaqx@epa.gov,Male,11/27/2015,01/12/2016
971,Louis,lwilsonqy@oakley.com,Male,3/20/2016,11/13/2015
972,Rebecca,rlawrenceqz@odnoklassniki.ru,Female,11/7/2015,12/08/2015
973,Craig,cgarrettr0@nps.gov,Male,9/12/2016,12/05/2015
974,Ruby,redwardsr1@mozilla.org,Female,9/19/2016,06/21/2016
975,Joan,jwalkerr2@dropbox.com,Female,4/19/2016,04/22/2016
976,Michelle,mrodriguezr3@mediafire.com,Female,4/4/2016,05/14/2016
977,Russell,rwhiter4@cornell.edu,Male,8/31/2016,03/12/2016
978,Larry,ldayr5@nature.com,Male,4/14/2016,12/19/2015
979,Carolyn,cbutlerr6@pbs.org,Female,3/12/2016,10/11/2016
980,Clarence,creyesr7@si.edu,Male,4/10/2016,12/15/2015
981,Juan,jfernandezr8@yahoo.com,Male,5/22/2016,05/24/2016
982,Debra,dwrightr9@discuz.net,Female,6/3/2016,02/20/2016
983,Katherine,kgordonra@spotify.com,Female,6/18/2016,10/24/2016
984,Billy,bmoorerb@drupal.org,Male,12/3/2015,08/17/2016
985,Mildred,mmartinezrc@cam.ac.uk,Female,10/18/2016,06/15/2016
986,Richard,rgrantrd@senate.gov,Male,12/22/2015,01/30/2016
987,Douglas,dolsonre@netvibes.com,Male,3/19/2016,04/18/2016
988,Carol,crobinsonrf@cbslocal.com,Female,8/7/2016,06/16/2016
989,Margaret,mrobertsrg@mlb.com,Female,11/15/2015,12/05/2015
990,Jerry,jhansonrh@wiley.com,Male,5/17/2016,04/15/2016
991,Lawrence,lwatsonri@last.fm,Male,10/29/2015,04/07/2016
992,Gloria,gstevensrj@archive.org,Female,8/25/2016,09/29/2016
993,Phyllis,psandersrk@mlb.com,Female,8/11/2016,06/13/2016
994,Rose,rfieldsrl@ebay.co.uk,Female,7/31/2016,04/24/2016
995,Wayne,wpattersonrm@php.net,Male,7/26/2016,09/07/2016
996,Jessica,jbutlerrn@istockphoto.com,Female,8/12/2016,06/22/2016
997,Amanda,ahallro@slideshare.net,Female,4/29/2016,11/22/2015
998,Emily,escottrp@go.com,Female,5/8/2016,07/29/2016
999,Brandon,bgrahamrq@apache.org,Male,9/24/2016,12/14/2015
1000,Catherine,charperrr@privacy.gov.au,Female,1/23/2016,06/01/2016
